Account_ID,Account_Name,Account_Type,Industry,Account_Tier,Billing_City,Annual_Revenue_USD,Number_of_Employees,Case_ID,Case_Number,Case_Origin,Priority,Status,Product_Area,Date_Opened,Date_Closed,SLA_Met,Contact_Name,Contact_Role,CSAT_Score,Support_Ticket_Notes
00162857C4B787D,Rossi & Sato AB,Partner,Healthcare,Enterprise,Tokyo,271810554,39463,513561597,CASE-688508,Email,Low,In Progress,Billing Platform,2024-05-16,,Yes,Sophie Novak,CTO,4.0,Client in Tokyo reported a critical failure in the Billing Platform integration causing a audit logs missing entries for the past 48 hours. Error code ERR-5021 appears in logs since 2024-05-15 04:47 UTC. Contact Sophie Novak (CTO) was understanding during the call and appreciated the quick response and transparency. Initial triage confirmed the issue is environment-specific to their US-EAST tenant. Reproduction steps provided; engineering queue updated. Workaround provided: client configured batch size to 500 records; permanent fix in sprint 43.
001BA7D5F39DA30,Larsson & Larsson Corp.,Reseller,Logistics,SMB,Budapest,288385264,8190,560806024,CASE-182627,Partner Portal,Medium,Closed,Analytics Dashboard,2024-03-16,2024-03-17,Yes,Omar Dupont,DevOps Lead,5.0,New onboarding case for Larsson & Larsson Corp. (SMB tier). Primary contact: Omar Dupont (DevOps Lead). They are configuring the Analytics Dashboard for the first time and encountered confusion around webhook signature verification. Implementation engineer scheduled a 60-minute screenshare for 2024-03-14. Customer provided sandbox credentials; issue reproduced and root cause confirmed. Documentation gap identified — will file internal ticket to update the Quick-Start Guide. Customer confirmed resolution after applying the corrected configuration.
001B5E5B732984D,Andersen & Ferreira BV,Prospect,Healthcare,Enterprise,Toronto,377286911,44806,596977837,CASE-174870,Partner Portal,High,In Progress,Identity & Access Module,2024-08-15,,Yes,Sophie Nguyen,IT Director,1.0,Ticket raised by Sophie Nguyen (IT Director) at Andersen & Ferreira BV regarding intermittent authentication failures on the Identity & Access Module. Approximately 53% of login attempts return a 401 with error ERR-3301. Issue began after they applied their internal SSO policy update on 2024-08-15. Customer tone: distressed; mentioned potential contractual penalties if unresolved by EOD. Support confirmed SAML assertions are malformed — attribute mapping mismatch in IdP config. Step-by-step remediation guide sent; customer to test in staging before production rollout. Pending further investigation; case escalated to Tier-3 Engineering with P1 SLA applied.
0018A958BE363D4,Andersen & Rossi Ltd.,Reseller,Pharmaceuticals,Mid-Market,Toronto,212903258,42139,571586053,CASE-249811,Web,High,In Progress,Workflow Automation,2023-04-25,,Yes,Daniel Nguyen,Technical Account Manager,5.0,"Customer Daniel Nguyen at Andersen & Rossi Ltd. (Tier: Mid-Market, Industry: Pharmaceuticals) submitted a formal feature request for the Workflow Automation. Request: ability to receive webhook retries with exponential backoff. Business justification: compliance with GDPR Article 30 audit requirements. Use case documented and forwarded to Product Management. Customer expects a roadmap commitment within 4 quarters. PM acknowledged receipt; item added to the backlog with Medium priority scoring."
001D3C1BD68821D,Patel & Becker Corp.,Reseller,Retail,Mid-Market,Warsaw,284566101,16486,584252722,CASE-112038,Phone,Medium,Resolved,Integration Hub,2025-10-07,2025-10-19,Yes,Sophie Tanaka,VP of Engineering,,"Inbound escalation from Patel & Becker Corp. (Warsaw) — Sophie Tanaka reports the Integration Hub has been failing to sync records since 2025-10-07 01:55 UTC. Approximately 28,992 records are stuck in a PENDING state. Error log snippet shared by customer shows ERR-5500 with stack trace pointing to a serialisation issue in the delta-sync processor. Customer is understanding and appreciated the quick response and transparency. Workaround: manual re-trigger via admin panel unblocks individual batches but is not scalable. Engineering has reproduced the issue in staging with a dataset of matching schema. SSL certificate renewed and propagated across all edge nodes within the maintenance window."
001C93666511ED3,Williams & García Inc.,Customer,Media & Entertainment,SMB,Munich,322055926,21253,575579548,CASE-120422,Phone,Medium,Resolved,Integration Hub,2024-01-01,2024-01-06,Yes,Henrik Hassan,Senior Engineer,2.0,New onboarding case for Williams & García Inc. (SMB tier). Primary contact: Henrik Hassan (Senior Engineer). They are configuring the Integration Hub for the first time and encountered CORS policy errors when calling the API from their SPA. Implementation engineer scheduled a 60-minute screenshare for 2024-01-01. Customer provided sandbox credentials; issue reproduced and root cause confirmed. Documentation gap identified — will file internal ticket to update the Quick-Start Guide. Customer confirmed resolution after applying the corrected configuration.
00159770BE3DC50,Kowalski & Novak Inc.,Reseller,Insurance,Enterprise,Zurich,114208292,35353,536998038,CASE-847581,Web,Low,Resolved,Data Sync Engine,2025-09-22,2025-10-19,Yes,Ahmed Tanaka,DevOps Lead,4.0,"Ahmed Tanaka (DevOps Lead) at Kowalski & Novak Inc. contacted support regarding an unexpected charge of $14,939 on their July invoice. Customer claims usage reported by the Data Sync Engine does not match their internal telemetry. Discrepancy of approximately 33% in API call counts. Finance team has been looped in. Raw usage logs pulled from billing service for 2025-09-22. Preliminary finding: a duplicate event emitter was introduced in v2.3.3 causing double-counting. Credit memo being processed; ETA 2 business days. The third-party payment gateway's IP whitelist was updated to include the new NAT range."
001D72FD69AEAD8,Johnson & Rossi GmbH,Prospect,Insurance,Mid-Market,Munich,359654708,31822,538754377,CASE-665427,Email,Low,In Progress,Security Manager,2024-03-27,,Yes,Henrik Müller,Senior Engineer,4.0,Client in Munich reported a critical failure in the Security Manager integration causing a dashboard not loading for all EU users. Error code ERR-4403 appears in logs since 2024-03-27 02:45 UTC. Contact Henrik Müller (Senior Engineer) was professional during the call and requested SLA credit per the MSA terms. Initial triage confirmed the issue is environment-specific to their EU-WEST tenant. Reproduction steps provided; engineering queue updated. Pending further investigation; case escalated to Tier-3 Engineering with P1 SLA applied.
001B5D0417CE1BF,Müller & Nguyen BV,Reseller,Logistics,Strategic,Budapest,75759798,27658,534627347,CASE-392075,Chat,High,In Progress,Mobile SDK,2025-08-14,,Yes,Henrik Dupont,VP of Engineering,4.0,Henrik Dupont from Müller & Nguyen BV opened this case after observing severe latency in the Mobile SDK. Average response times increased from ~200ms to over 3s beginning around 2025-08-14 21:41 UTC. Affects approximately 343 concurrent users in their AMER region. Customer is very concerned and requested a post-mortem report within 48 hours. Support engineer ran a distributed trace; bottleneck identified at the database read replica. Metrics attached to case for engineering review. A hotfix (v2.4.7) was deployed to production at 03:14 UTC resolving the root cause.
001291978278A70,Patel & Nguyen GmbH,Prospect,Retail,Mid-Market,Paris,227600413,45661,584593961,CASE-794022,Chat,High,Pending Customer,Mobile SDK,2025-09-21,,Yes,Omar Müller,IT Manager,3.0,Ticket raised by Omar Müller (IT Manager) at Patel & Nguyen GmbH regarding intermittent authentication failures on the Mobile SDK. Approximately 12% of login attempts return a 401 with error SSL-HANDSHAKE. Issue began after they applied their internal SSO policy update on 2025-09-18. Customer tone: escalating; looped in their VP of Engineering on the call. Support confirmed SAML assertions are malformed — attribute mapping mismatch in IdP config. Step-by-step remediation guide sent; customer to test in staging before production rollout. Workaround provided: client configured batch size to 500 records; permanent fix in sprint 43.
001E8FBB52E00DE,Müller & Hassan AG,Partner,Financial Services,SMB,Oslo,217275349,7866,586460539,CASE-358175,Partner Portal,Critical,New,API Gateway,2023-04-13,,Yes,Marcus Patel,IT Director,4.0,Client in Oslo reported a critical failure in the API Gateway integration causing a email notifications sent to incorrect recipients. Error code ERR-3301 appears in logs since 2023-04-10 16:58 UTC. Contact Marcus Patel (IT Director) was critical during the call and stated this is blocking their go-live scheduled for next Friday. Initial triage confirmed the issue is environment-specific to their US-EAST tenant. Reproduction steps provided; engineering queue updated. Pending further investigation; case escalated to Tier-3 Engineering with P1 SLA applied.
001CCC079547FB8,Okonkwo & Rossi GmbH,Customer,Logistics,Mid-Market,Toronto,289140273,13979,577898694,CASE-378082,Email,Medium,New,Billing Platform,2025-03-21,,Yes,Fatima Ferreira,Solutions Architect,2.0,"Fatima Ferreira (Solutions Architect) at Okonkwo & Rossi GmbH contacted support regarding an unexpected charge of $6,254 on their May invoice. Customer claims usage reported by the Billing Platform does not match their internal telemetry. Discrepancy of approximately 15% in API call counts. Finance team has been looped in. Raw usage logs pulled from billing service for 2025-03-20. Preliminary finding: a duplicate event emitter was introduced in v3.8.4 causing double-counting. Credit memo being processed; ETA 6 business days. Pending further investigation; case escalated to Tier-3 Engineering with P1 SLA applied."
00157DA71E96FD2,Tanaka & Andersen SA,Partner,Financial Services,SMB,Helsinki,369597210,41575,545431319,CASE-629959,Chat,Medium,Escalated,Data Sync Engine,2023-10-03,,Yes,Sophie Novak,Technical Account Manager,,Sophie Novak from Tanaka & Andersen SA opened this case after observing severe latency in the Data Sync Engine. Average response times increased from ~200ms to over 7s beginning around 2023-10-01 03:56 UTC. Affects approximately 32 concurrent users in their EMEA region. Customer is professional and requested SLA credit per the MSA terms. Support engineer ran a distributed trace; bottleneck identified at the database read replica. Metrics attached to case for engineering review. The third-party payment gateway's IP whitelist was updated to include the new NAT range.
00130E18AD7CB39,Tanaka & Novak GmbH,Reseller,Manufacturing,SMB,New York,68921792,2751,551373735,CASE-482364,Phone,Medium,In Progress,Analytics Dashboard,2025-06-23,,Yes,Sophie Rossi,Senior Engineer,5.0,"Sophie Rossi (Senior Engineer) at Tanaka & Novak GmbH contacted support regarding an unexpected charge of $4,288 on their March invoice. Customer claims usage reported by the Analytics Dashboard does not match their internal telemetry. Discrepancy of approximately 27% in API call counts. Finance team has been looped in. Raw usage logs pulled from billing service for 2025-06-20. Preliminary finding: a duplicate event emitter was introduced in v4.6.9 causing double-counting. Credit memo being processed; ETA 7 business days. The database index was rebuilt and query performance restored to baseline."
001868AEEA2E9C7,Johnson & Andersen Inc.,Reseller,Manufacturing,Mid-Market,Zurich,119918192,13089,571780854,CASE-466643,Web,High,New,Mobile SDK,2023-02-20,,Yes,Daniel Becker,VP of Engineering,,"Inbound escalation from Johnson & Andersen Inc. (Zurich) — Daniel Becker reports the Mobile SDK has been failing to sync records since 2023-02-19 23:59 UTC. Approximately 26,613 records are stuck in a PENDING state. Error log snippet shared by customer shows TIMEOUT-002 with stack trace pointing to a serialisation issue in the delta-sync processor. Customer is escalating and looped in their VP of Engineering on the call. Workaround: manual re-trigger via admin panel unblocks individual batches but is not scalable. Engineering has reproduced the issue in staging with a dataset of matching schema. A stale CDN cache was purged globally; content now serves correctly in all regions."
0012E53195062E4,Sato & Andersen GmbH,Prospect,Technology,SMB,Paris,234787182,39738,578642041,CASE-221263,Chat,High,Escalated,Integration Hub,2025-03-29,,Yes,Tom Patel,VP of Engineering,,"Tom Patel (VP of Engineering) at Sato & Andersen GmbH contacted support regarding an unexpected charge of $11,812 on their June invoice. Customer claims usage reported by the Integration Hub does not match their internal telemetry. Discrepancy of approximately 5% in API call counts. Finance team has been looped in. Raw usage logs pulled from billing service for 2025-03-27. Preliminary finding: a duplicate event emitter was introduced in v4.8.3 causing double-counting. Credit memo being processed; ETA 4 business days. Root cause traced to a race condition in the async queue; a mutex lock was introduced."
0014D048339159E,Kim & Becker BV,Partner,Automotive,SMB,Paris,103493366,27564,599245317,CASE-497562,Email,Medium,Resolved,Security Manager,2024-10-04,2024-10-13,No,Fatima Hassan,IT Manager,5.0,"Customer Fatima Hassan at Kim & Becker BV (Tier: SMB, Industry: Automotive) submitted a formal feature request for the Security Manager. Request: ability to export audit logs in CEF format. Business justification: compliance with GDPR Article 30 audit requirements. Use case documented and forwarded to Product Management. Customer expects a roadmap commitment within 3 quarters. PM acknowledged receipt; item added to the backlog with High priority scoring."
0018A94BAFD7DAC,Patel & Rossi SA,Prospect,Insurance,SMB,Budapest,50636869,49236,541523529,CASE-805477,Web,High,Resolved,Reporting Suite,2025-06-23,2025-07-13,Yes,Marcus Kowalski,Head of Operations,1.0,"Customer Marcus Kowalski at Patel & Rossi SA (Tier: SMB, Industry: Insurance) submitted a formal feature request for the Reporting Suite. Request: ability to export audit logs in CEF format. Business justification: compliance with ISO 27001 audit requirements. Use case documented and forwarded to Product Management. Customer expects a roadmap commitment within 2 quarters. PM acknowledged receipt; item added to the backlog with Medium priority scoring."
00175DB9BB79CF3,Schmidt & Dupont AB,Reseller,Healthcare,Strategic,Singapore,27460788,36540,543446826,CASE-989545,Phone,Low,Closed,Mobile SDK,2024-02-03,2024-02-28,Yes,Priya Tanaka,Platform Architect,4.0,Priya Tanaka from Schmidt & Dupont AB opened this case after observing severe latency in the Mobile SDK. Average response times increased from ~200ms to over 15s beginning around 2024-01-31 15:25 UTC. Affects approximately 466 concurrent users in their APAC region. Customer is critical and stated this is blocking their go-live scheduled for next Friday. Support engineer ran a distributed trace; bottleneck identified at the database read replica. Metrics attached to case for engineering review. Data migration script re-run with corrected field mappings; record integrity confirmed.
0013D10F4626C02,Andersen & Johnson SA,Prospect,Pharmaceuticals,Strategic,Chicago,236654802,5087,548349783,CASE-345884,Web,Medium,In Progress,Integration Hub,2025-07-02,,Yes,Isabella Ferreira,Head of Operations,5.0,"Inbound escalation from Andersen & Johnson SA (Chicago) — Isabella Ferreira reports the Integration Hub has been failing to sync records since 2025-07-01 23:55 UTC. Approximately 9,568 records are stuck in a PENDING state. Error log snippet shared by customer shows ERR-5500 with stack trace pointing to a serialisation issue in the delta-sync processor. Customer is very concerned and requested a post-mortem report within 48 hours. Workaround: manual re-trigger via admin panel unblocks individual batches but is not scalable. Engineering has reproduced the issue in staging with a dataset of matching schema. OAuth token refresh logic was patched; all active sessions re-authenticated successfully."
00128E01913A2F0,Becker & Müller Ltd.,Customer,Media & Entertainment,Mid-Market,Prague,460454507,37738,561053877,CASE-600149,Phone,Medium,Resolved,Identity & Access Module,2023-05-12,2023-06-09,Yes,Aisha Ferreira,IT Manager,4.0,"Inbound escalation from Becker & Müller Ltd. (Prague) — Aisha Ferreira reports the Identity & Access Module has been failing to sync records since 2023-05-09 13:21 UTC. Approximately 35,772 records are stuck in a PENDING state. Error log snippet shared by customer shows DB-CONN-ERR with stack trace pointing to a serialisation issue in the delta-sync processor. Customer is professional and requested SLA credit per the MSA terms. Workaround: manual re-trigger via admin panel unblocks individual batches but is not scalable. Engineering has reproduced the issue in staging with a dataset of matching schema. Data migration script re-run with corrected field mappings; record integrity confirmed."
0019E048958399C,Patel & Ferreira Inc.,Customer,Telecommunications,Mid-Market,Zurich,45568948,42133,567527432,CASE-242291,Chat,High,Pending Customer,Billing Platform,2025-06-11,,Yes,Daniel Nguyen,Technical Account Manager,3.0,"Daniel Nguyen (Technical Account Manager) at Patel & Ferreira Inc. contacted support regarding an unexpected charge of $6,411 on their May invoice. Customer claims usage reported by the Billing Platform does not match their internal telemetry. Discrepancy of approximately 18% in API call counts. Finance team has been looped in. Raw usage logs pulled from billing service for 2025-06-08. Preliminary finding: a duplicate event emitter was introduced in v3.5.5 causing double-counting. Credit memo being processed; ETA 5 business days. A stale CDN cache was purged globally; content now serves correctly in all regions."
001B9C698132C05,Johnson & Rossi GmbH,Partner,Energy,SMB,New York,128567840,8282,573560289,CASE-801978,Phone,High,New,Data Sync Engine,2025-08-21,,No,Maria Larsson,CTO,3.0,Maria Larsson from Johnson & Rossi GmbH opened this case after observing severe latency in the Data Sync Engine. Average response times increased from ~200ms to over 5s beginning around 2025-08-21 23:34 UTC. Affects approximately 320 concurrent users in their AMER region. Customer is critical and stated this is blocking their go-live scheduled for next Friday. Support engineer ran a distributed trace; bottleneck identified at the database read replica. Metrics attached to case for engineering review. Workaround provided: client configured batch size to 500 records; permanent fix in sprint 43.
001861611747C53,Nguyen & García AG,Partner,Healthcare,Mid-Market,Toronto,55207845,45701,550477742,CASE-991597,Partner Portal,Critical,Closed,Billing Platform,2023-08-10,2023-09-05,Yes,Zoe Nguyen,Technical Account Manager,3.0,"Customer Zoe Nguyen at Nguyen & García AG (Tier: Mid-Market, Industry: Healthcare) submitted a formal feature request for the Billing Platform. Request: ability to receive webhook retries with exponential backoff. Business justification: compliance with HIPAA §164.312 audit requirements. Use case documented and forwarded to Product Management. Customer expects a roadmap commitment within 3 quarters. PM acknowledged receipt; item added to the backlog with High priority scoring."
0015728465D9972,Tanaka & Becker Inc.,Reseller,Automotive,SMB,Helsinki,250077207,28555,589520597,CASE-381433,Web,High,Resolved,API Gateway,2025-05-10,2025-05-18,Yes,Elena Ferreira,Head of Operations,3.0,"Customer Elena Ferreira at Tanaka & Becker Inc. (Tier: SMB, Industry: Automotive) submitted a formal feature request for the API Gateway. Request: ability to schedule reports at sub-hourly intervals. Business justification: compliance with SOC 2 Type II audit requirements. Use case documented and forwarded to Product Management. Customer expects a roadmap commitment within 4 quarters. PM acknowledged receipt; item added to the backlog with Medium priority scoring."
0014A747315E9ED,Andersen & Williams SA,Customer,Financial Services,Strategic,Copenhagen,130077042,47200,564549859,CASE-612311,Partner Portal,High,In Progress,Workflow Automation,2024-01-08,,No,Tom Okonkwo,Head of Operations,5.0,Client in Copenhagen reported a critical failure in the Workflow Automation integration causing a webhook events not firing for payment completions. Error code ERR-5021 appears in logs since 2024-01-05 06:22 UTC. Contact Tom Okonkwo (Head of Operations) was distressed during the call and mentioned potential contractual penalties if unresolved by EOD. Initial triage confirmed the issue is environment-specific to their EU-WEST tenant. Reproduction steps provided; engineering queue updated. A stale CDN cache was purged globally; content now serves correctly in all regions.
001DFFBEBE1DEE1,Novak & Okonkwo BV,Partner,Energy,Mid-Market,Zurich,65276632,47280,535848226,CASE-430876,Phone,High,Escalated,Billing Platform,2025-01-25,,Yes,Elena Becker,Solutions Architect,2.0,Ticket raised by Elena Becker (Solutions Architect) at Novak & Okonkwo BV regarding intermittent authentication failures on the Billing Platform. Approximately 40% of login attempts return a 401 with error SSL-HANDSHAKE. Issue began after they applied their internal SSO policy update on 2025-01-22. Customer tone: distressed; mentioned potential contractual penalties if unresolved by EOD. Support confirmed SAML assertions are malformed — attribute mapping mismatch in IdP config. Step-by-step remediation guide sent; customer to test in staging before production rollout. The customer's IP range was added to the allowlist following security review approval.
001E67DE362F268,Novak & Tanaka SA,Partner,Technology,Enterprise,Singapore,342953662,49344,575884623,CASE-207570,Phone,Medium,Escalated,Identity & Access Module,2024-08-29,,No,Fatima Schmidt,CTO,4.0,Client in Singapore reported a critical failure in the Identity & Access Module integration causing a nightly batch jobs failing silently. Error code ERR-5500 appears in logs since 2024-08-28 11:11 UTC. Contact Fatima Schmidt (CTO) was distressed during the call and mentioned potential contractual penalties if unresolved by EOD. Initial triage confirmed the issue is environment-specific to their EU-WEST tenant. Reproduction steps provided; engineering queue updated. A stale CDN cache was purged globally; content now serves correctly in all regions.
0012B6D06FDAD0E,Tanaka & Tanaka Corp.,Reseller,Healthcare,Enterprise,Brussels,326014309,39077,593002706,CASE-336650,Partner Portal,Low,New,Mobile SDK,2025-10-04,,No,Zoe Müller,DevOps Lead,4.0,Client in Brussels reported a critical failure in the Mobile SDK integration causing a file attachments over 10 MB silently dropped. Error code SSL-HANDSHAKE appears in logs since 2025-10-04 18:40 UTC. Contact Zoe Müller (DevOps Lead) was understanding during the call and appreciated the quick response and transparency. Initial triage confirmed the issue is environment-specific to their PROD-2 tenant. Reproduction steps provided; engineering queue updated. A stale CDN cache was purged globally; content now serves correctly in all regions.
00154988105E143,Patel & Johnson Inc.,Reseller,Insurance,Enterprise,Bratislava,242362333,45188,589699989,CASE-592738,Web,Critical,New,Security Manager,2023-07-23,,Yes,Tom Rossi,Head of Operations,3.0,Client in Bratislava reported a critical failure in the Security Manager integration causing a API response times exceeding 12 seconds. Error code SYNC-FAIL-07 appears in logs since 2023-07-22 20:13 UTC. Contact Tom Rossi (Head of Operations) was understanding during the call and appreciated the quick response and transparency. Initial triage confirmed the issue is environment-specific to their EU-WEST tenant. Reproduction steps provided; engineering queue updated. Pending further investigation; case escalated to Tier-3 Engineering with P1 SLA applied.
001B2C350004F1E,Rossi & Müller Inc.,Prospect,Technology,Mid-Market,Zurich,236268714,8159,572907576,CASE-822131,Web,Low,Resolved,Mobile SDK,2023-08-24,2023-09-16,Yes,Tom Tanaka,DevOps Lead,5.0,"Tom Tanaka (DevOps Lead) at Rossi & Müller Inc. contacted support regarding an unexpected charge of $9,047 on their June invoice. Customer claims usage reported by the Mobile SDK does not match their internal telemetry. Discrepancy of approximately 33% in API call counts. Finance team has been looped in. Raw usage logs pulled from billing service for 2023-08-23. Preliminary finding: a duplicate event emitter was introduced in v2.9.0 causing double-counting. Credit memo being processed; ETA 5 business days. Workaround provided: client configured batch size to 500 records; permanent fix in sprint 43."
001E52520252A35,Schmidt & Andersen Corp.,Reseller,Insurance,SMB,Copenhagen,279116589,42707,569355025,CASE-391668,Email,Low,In Progress,API Gateway,2023-07-07,,No,Raj Sato,CTO,,New onboarding case for Schmidt & Andersen Corp. (SMB tier). Primary contact: Raj Sato (CTO). They are configuring the API Gateway for the first time and encountered missing permissions on the service account used for integration. Implementation engineer scheduled a 60-minute screenshare for 2023-07-06. Customer provided sandbox credentials; issue reproduced and root cause confirmed. Documentation gap identified — will file internal ticket to update the Quick-Start Guide. Customer confirmed resolution after applying the corrected configuration.
001E6ADF1C0AEBE,Kim & Nguyen S.r.l.,Prospect,Energy,SMB,Warsaw,174056292,7607,564247457,CASE-639593,Phone,Low,Escalated,Workflow Automation,2023-08-03,,No,Patrick Kowalski,CTO,,"Inbound escalation from Kim & Nguyen S.r.l. (Warsaw) — Patrick Kowalski reports the Workflow Automation has been failing to sync records since 2023-08-02 10:26 UTC. Approximately 34,476 records are stuck in a PENDING state. Error log snippet shared by customer shows TIMEOUT-002 with stack trace pointing to a serialisation issue in the delta-sync processor. Customer is escalating and looped in their VP of Engineering on the call. Workaround: manual re-trigger via admin panel unblocks individual batches but is not scalable. Engineering has reproduced the issue in staging with a dataset of matching schema. Data migration script re-run with corrected field mappings; record integrity confirmed."
001238D455DC0F1,Kowalski & Dupont GmbH,Partner,Telecommunications,Strategic,New York,167332711,36109,511835355,CASE-679077,Chat,Critical,Closed,API Gateway,2024-02-21,2024-02-28,Yes,Fatima Ferreira,Technical Account Manager,,New onboarding case for Kowalski & Dupont GmbH (Strategic tier). Primary contact: Fatima Ferreira (Technical Account Manager). They are configuring the API Gateway for the first time and encountered missing permissions on the service account used for integration. Implementation engineer scheduled a 60-minute screenshare for 2024-02-19. Customer provided sandbox credentials; issue reproduced and root cause confirmed. Documentation gap identified — will file internal ticket to update the Quick-Start Guide. Customer confirmed resolution after applying the corrected configuration.
001485A8DF9B7D7,Johnson & Ferreira S.r.l.,Partner,Automotive,Mid-Market,London,464370929,4585,547077298,CASE-910208,Chat,Medium,Resolved,Reporting Suite,2024-08-20,2024-08-26,Yes,Isabella Kowalski,IT Director,,"Inbound escalation from Johnson & Ferreira S.r.l. (London) — Isabella Kowalski reports the Reporting Suite has been failing to sync records since 2024-08-18 13:53 UTC. Approximately 48,082 records are stuck in a PENDING state. Error log snippet shared by customer shows ERR-3301 with stack trace pointing to a serialisation issue in the delta-sync processor. Customer is understanding and appreciated the quick response and transparency. Workaround: manual re-trigger via admin panel unblocks individual batches but is not scalable. Engineering has reproduced the issue in staging with a dataset of matching schema. Data migration script re-run with corrected field mappings; record integrity confirmed."
001B16C7D58B17E,Nguyen & Ferreira BV,Reseller,Automotive,Strategic,Bratislava,125892880,26930,515858241,CASE-433632,Chat,Low,Resolved,Analytics Dashboard,2025-07-03,2025-07-10,No,Aisha Novak,Platform Architect,5.0,"Customer Aisha Novak at Nguyen & Ferreira BV (Tier: Strategic, Industry: Automotive) submitted a formal feature request for the Analytics Dashboard. Request: ability to set custom session timeout policies per role group. Business justification: compliance with SOC 2 Type II audit requirements. Use case documented and forwarded to Product Management. Customer expects a roadmap commitment within 4 quarters. PM acknowledged receipt; item added to the backlog with High priority scoring."
001A2E0EEF45442,Tanaka & Becker Inc.,Prospect,Pharmaceuticals,SMB,Milan,335109842,45407,563349308,CASE-781403,Phone,Medium,Escalated,Data Sync Engine,2025-06-20,,No,Wei Schmidt,VP of Engineering,3.0,"Inbound escalation from Tanaka & Becker Inc. (Milan) — Wei Schmidt reports the Data Sync Engine has been failing to sync records since 2025-06-20 16:58 UTC. Approximately 35,956 records are stuck in a PENDING state. Error log snippet shared by customer shows ERR-5021 with stack trace pointing to a serialisation issue in the delta-sync processor. Customer is distressed and mentioned potential contractual penalties if unresolved by EOD. Workaround: manual re-trigger via admin panel unblocks individual batches but is not scalable. Engineering has reproduced the issue in staging with a dataset of matching schema. Data migration script re-run with corrected field mappings; record integrity confirmed."
0017011D4C2D8B2,Ferreira & Patel SA,Prospect,Retail,SMB,Paris,192948542,24575,567805802,CASE-252640,Email,Low,New,Identity & Access Module,2023-07-05,,Yes,Henrik Dupont,CTO,1.0,Client in Paris reported a critical failure in the Identity & Access Module integration causing a complete loss of SSO functionality. Error code SSL-HANDSHAKE appears in logs since 2023-07-02 03:48 UTC. Contact Henrik Dupont (CTO) was patient but firm during the call and asked for daily status updates. Initial triage confirmed the issue is environment-specific to their PROD-2 tenant. Reproduction steps provided; engineering queue updated. Data migration script re-run with corrected field mappings; record integrity confirmed.
001F6EEE75EDCFD,Andersen & Schmidt Sp. z o.o.,Customer,Retail,Strategic,Sydney,237651870,22656,588862539,CASE-413685,Chat,Medium,In Progress,Security Manager,2023-10-21,,No,Tom Ferreira,DevOps Lead,3.0,"Customer Tom Ferreira at Andersen & Schmidt Sp. z o.o. (Tier: Strategic, Industry: Retail) submitted a formal feature request for the Security Manager. Request: ability to configure per-user rate limits via API. Business justification: compliance with HIPAA §164.312 audit requirements. Use case documented and forwarded to Product Management. Customer expects a roadmap commitment within 4 quarters. PM acknowledged receipt; item added to the backlog with High priority scoring."
001BFAECF3D198D,Andersen & Schmidt Corp.,Prospect,Energy,SMB,Zurich,416972764,15091,591478884,CASE-940886,Web,High,Pending Customer,Security Manager,2024-08-28,,Yes,Zoe Nguyen,CTO,5.0,"Zoe Nguyen (CTO) at Andersen & Schmidt Corp. contacted support regarding an unexpected charge of $4,306 on their April invoice. Customer claims usage reported by the Security Manager does not match their internal telemetry. Discrepancy of approximately 11% in API call counts. Finance team has been looped in. Raw usage logs pulled from billing service for 2024-08-26. Preliminary finding: a duplicate event emitter was introduced in v4.0.4 causing double-counting. Credit memo being processed; ETA 5 business days. A hotfix (v2.4.7) was deployed to production at 03:14 UTC resolving the root cause."
0012EF90054FCBB,Tanaka & Novak BV,Partner,Logistics,Mid-Market,Bratislava,138459761,31588,549613214,CASE-882824,Web,Critical,Escalated,Data Sync Engine,2024-08-27,,No,Yuki García,Head of Operations,,"Yuki García (Head of Operations) at Tanaka & Novak BV contacted support regarding an unexpected charge of $2,506 on their April invoice. Customer claims usage reported by the Data Sync Engine does not match their internal telemetry. Discrepancy of approximately 30% in API call counts. Finance team has been looped in. Raw usage logs pulled from billing service for 2024-08-25. Preliminary finding: a duplicate event emitter was introduced in v4.5.1 causing double-counting. Credit memo being processed; ETA 5 business days. A hotfix (v2.4.7) was deployed to production at 03:14 UTC resolving the root cause."
0019D5ED914FF6B,Dupont & Johnson Sp. z o.o.,Prospect,Pharmaceuticals,Enterprise,Vienna,491874274,39992,539711402,CASE-779112,Phone,Low,Resolved,Reporting Suite,2025-01-24,2025-02-21,Yes,Henrik Larsson,CTO,5.0,"Henrik Larsson (CTO) at Dupont & Johnson Sp. z o.o. contacted support regarding an unexpected charge of $6,889 on their March invoice. Customer claims usage reported by the Reporting Suite does not match their internal telemetry. Discrepancy of approximately 13% in API call counts. Finance team has been looped in. Raw usage logs pulled from billing service for 2025-01-22. Preliminary finding: a duplicate event emitter was introduced in v2.0.4 causing double-counting. Credit memo being processed; ETA 5 business days. Engineering identified a misconfigured load-balancer rule; it was corrected and verified."
0011756D58109AB,Becker & Sato Inc.,Reseller,Retail,Mid-Market,London,150684347,2154,559731689,CASE-327823,Chat,Low,Pending Customer,Mobile SDK,2025-07-18,,Yes,Patrick Novak,IT Manager,3.0,"Customer Patrick Novak at Becker & Sato Inc. (Tier: Mid-Market, Industry: Retail) submitted a formal feature request for the Mobile SDK. Request: ability to export audit logs in CEF format. Business justification: compliance with GDPR Article 30 audit requirements. Use case documented and forwarded to Product Management. Customer expects a roadmap commitment within 3 quarters. PM acknowledged receipt; item added to the backlog with High priority scoring."
0014A85DC385CEC,Schmidt & Müller BV,Partner,Technology,Mid-Market,Prague,37334794,36330,537804191,CASE-714867,Email,High,Resolved,Data Sync Engine,2025-07-20,2025-08-14,Yes,Henrik Williams,Platform Architect,1.0,Henrik Williams from Schmidt & Müller BV opened this case after observing severe latency in the Data Sync Engine. Average response times increased from ~200ms to over 7s beginning around 2025-07-20 21:13 UTC. Affects approximately 449 concurrent users in their EMEA region. Customer is frustrated and threatened to escalate to executive sponsor. Support engineer ran a distributed trace; bottleneck identified at the database read replica. Metrics attached to case for engineering review. The database index was rebuilt and query performance restored to baseline.
001EF722BC78086,Okonkwo & Schmidt Inc.,Reseller,Technology,Mid-Market,Oslo,282940017,7458,518530615,CASE-599380,Chat,Medium,Closed,Data Sync Engine,2023-02-22,2023-02-26,Yes,Priya Sato,DevOps Lead,4.0,Client in Oslo reported a critical failure in the Data Sync Engine integration causing a two-factor authentication codes not being delivered. Error code ERR-5021 appears in logs since 2023-02-21 00:22 UTC. Contact Priya Sato (DevOps Lead) was escalating during the call and looped in their VP of Engineering on the call. Initial triage confirmed the issue is environment-specific to their AP-SOUTH tenant. Reproduction steps provided; engineering queue updated. SSL certificate renewed and propagated across all edge nodes within the maintenance window.
00171C5D522FA87,Rossi & Rossi BV,Prospect,Financial Services,Enterprise,Tokyo,335677903,41499,588566318,CASE-674993,Web,Low,In Progress,Reporting Suite,2025-04-02,,Yes,Isabella Ferreira,Technical Account Manager,4.0,Isabella Ferreira from Rossi & Rossi BV opened this case after observing severe latency in the Reporting Suite. Average response times increased from ~200ms to over 4s beginning around 2025-03-30 21:06 UTC. Affects approximately 416 concurrent users in their AMER region. Customer is professional and requested SLA credit per the MSA terms. Support engineer ran a distributed trace; bottleneck identified at the database read replica. Metrics attached to case for engineering review. Engineering identified a misconfigured load-balancer rule; it was corrected and verified.
001513A38BF0678,Becker & Dupont BV,Prospect,Automotive,Mid-Market,Tokyo,82447397,45021,573655158,CASE-170394,Phone,Critical,Escalated,Mobile SDK,2025-07-13,,Yes,Wei Nguyen,IT Manager,4.0,Ticket raised by Wei Nguyen (IT Manager) at Becker & Dupont BV regarding intermittent authentication failures on the Mobile SDK. Approximately 52% of login attempts return a 401 with error ERR-5500. Issue began after they applied their internal SSO policy update on 2025-07-12. Customer tone: very concerned; requested a post-mortem report within 48 hours. Support confirmed SAML assertions are malformed — attribute mapping mismatch in IdP config. Step-by-step remediation guide sent; customer to test in staging before production rollout. The customer's IP range was added to the allowlist following security review approval.
001A2304F29417D,Kim & Williams SA,Partner,Insurance,SMB,Berlin,83570129,43049,574718365,CASE-335137,Phone,Medium,Resolved,Data Sync Engine,2025-04-21,2025-05-09,Yes,Ingrid Müller,Senior Engineer,,Client in Berlin reported a critical failure in the Data Sync Engine integration causing a two-factor authentication codes not being delivered. Error code ERR-4009 appears in logs since 2025-04-19 21:48 UTC. Contact Ingrid Müller (Senior Engineer) was understanding during the call and appreciated the quick response and transparency. Initial triage confirmed the issue is environment-specific to their PROD-2 tenant. Reproduction steps provided; engineering queue updated. The customer's IP range was added to the allowlist following security review approval.
0011DACBEAACE9F,Okonkwo & Larsson GmbH,Reseller,Insurance,Enterprise,New York,37858390,9307,594982908,CASE-132146,Phone,High,Resolved,Security Manager,2024-07-01,2024-07-05,No,Patrick Kim,IT Director,4.0,New onboarding case for Okonkwo & Larsson GmbH (Enterprise tier). Primary contact: Patrick Kim (IT Director). They are configuring the Security Manager for the first time and encountered missing permissions on the service account used for integration. Implementation engineer scheduled a 60-minute screenshare for 2024-07-01. Customer provided sandbox credentials; issue reproduced and root cause confirmed. Documentation gap identified — will file internal ticket to update the Quick-Start Guide. Customer confirmed resolution after applying the corrected configuration.
0013878D2D7F9EE,Müller & Rossi SA,Reseller,Manufacturing,SMB,Copenhagen,222863202,17912,538933176,CASE-891615,Partner Portal,Critical,Pending Customer,Billing Platform,2024-10-26,,Yes,Yuki Williams,Solutions Architect,4.0,"Customer Yuki Williams at Müller & Rossi SA (Tier: SMB, Industry: Manufacturing) submitted a formal feature request for the Billing Platform. Request: ability to export audit logs in CEF format. Business justification: compliance with GDPR Article 30 audit requirements. Use case documented and forwarded to Product Management. Customer expects a roadmap commitment within 4 quarters. PM acknowledged receipt; item added to the backlog with Medium priority scoring."
00184C3F9AF09E3,Andersen & Kim BV,Reseller,Retail,Strategic,Berlin,94825430,8476,561030579,CASE-658453,Email,Medium,Closed,Security Manager,2023-04-23,2023-05-08,Yes,Carlos Tanaka,VP of Engineering,4.0,Client in Berlin reported a critical failure in the Security Manager integration causing a duplicate records being created in the CRM. Error code ERR-5021 appears in logs since 2023-04-23 06:19 UTC. Contact Carlos Tanaka (VP of Engineering) was frustrated during the call and threatened to escalate to executive sponsor. Initial triage confirmed the issue is environment-specific to their PROD-2 tenant. Reproduction steps provided; engineering queue updated. Engineering identified a misconfigured load-balancer rule; it was corrected and verified.
0015D02700A5A92,Okonkwo & Patel Corp.,Customer,Insurance,Strategic,Copenhagen,234957851,6947,542657384,CASE-556839,Partner Portal,Low,Escalated,Security Manager,2025-04-08,,Yes,Omar Schmidt,Solutions Architect,4.0,New onboarding case for Okonkwo & Patel Corp. (Strategic tier). Primary contact: Omar Schmidt (Solutions Architect). They are configuring the Security Manager for the first time and encountered difficulty mapping their existing data schema to our object model. Implementation engineer scheduled a 60-minute screenshare for 2025-04-05. Customer provided sandbox credentials; issue reproduced and root cause confirmed. Documentation gap identified — will file internal ticket to update the Quick-Start Guide. Customer confirmed resolution after applying the corrected configuration.
0015F0CCA217F1E,Hassan & García BV,Partner,Logistics,Mid-Market,Chicago,127345872,6747,529655410,CASE-368402,Email,High,Closed,Workflow Automation,2023-12-11,2024-01-10,Yes,Sophie Hassan,Senior Engineer,5.0,"Customer Sophie Hassan at Hassan & García BV (Tier: Mid-Market, Industry: Logistics) submitted a formal feature request for the Workflow Automation. Request: ability to export audit logs in CEF format. Business justification: compliance with SOC 2 Type II audit requirements. Use case documented and forwarded to Product Management. Customer expects a roadmap commitment within 4 quarters. PM acknowledged receipt; item added to the backlog with Medium priority scoring."
001F18C5956A292,Ferreira & Kim SA,Customer,Insurance,Strategic,New York,167148945,30270,570654852,CASE-139434,Phone,Medium,Resolved,Security Manager,2024-10-23,2024-11-03,Yes,Luca Kowalski,Technical Account Manager,,Client in New York reported a critical failure in the Security Manager integration causing a two-factor authentication codes not being delivered. Error code SSL-HANDSHAKE appears in logs since 2024-10-21 04:28 UTC. Contact Luca Kowalski (Technical Account Manager) was very concerned during the call and requested a post-mortem report within 48 hours. Initial triage confirmed the issue is environment-specific to their PROD-2 tenant. Reproduction steps provided; engineering queue updated. SSL certificate renewed and propagated across all edge nodes within the maintenance window.
001E9316E35AD57,Müller & Ferreira AG,Partner,Pharmaceuticals,Enterprise,Bratislava,21514270,16246,568754920,CASE-560767,Partner Portal,High,Resolved,Reporting Suite,2024-01-21,2024-01-23,Yes,Marcus Tanaka,Senior Engineer,3.0,"Customer Marcus Tanaka at Müller & Ferreira AG (Tier: Enterprise, Industry: Pharmaceuticals) submitted a formal feature request for the Reporting Suite. Request: ability to bulk-archive inactive records. Business justification: compliance with HIPAA §164.312 audit requirements. Use case documented and forwarded to Product Management. Customer expects a roadmap commitment within 4 quarters. PM acknowledged receipt; item added to the backlog with Medium priority scoring."
001CFC1C9EC7DC6,Kim & Andersen Corp.,Partner,Insurance,Enterprise,Sydney,492674504,22935,551638598,CASE-787923,Chat,High,Resolved,Workflow Automation,2023-05-15,2023-05-17,Yes,Zoe Nguyen,IT Director,3.0,Ticket raised by Zoe Nguyen (IT Director) at Kim & Andersen Corp. regarding intermittent authentication failures on the Workflow Automation. Approximately 47% of login attempts return a 401 with error ERR-5500. Issue began after they applied their internal SSO policy update on 2023-05-13. Customer tone: professional; requested SLA credit per the MSA terms. Support confirmed SAML assertions are malformed — attribute mapping mismatch in IdP config. Step-by-step remediation guide sent; customer to test in staging before production rollout. Pending further investigation; case escalated to Tier-3 Engineering with P1 SLA applied.
0012D727B6793A8,García & Okonkwo Sp. z o.o.,Customer,Media & Entertainment,Enterprise,Toronto,159302173,6638,578140959,CASE-908320,Partner Portal,Critical,In Progress,Mobile SDK,2025-11-07,,Yes,Fatima Patel,Platform Architect,5.0,Fatima Patel from García & Okonkwo Sp. z o.o. opened this case after observing severe latency in the Mobile SDK. Average response times increased from ~200ms to over 12s beginning around 2025-11-05 00:23 UTC. Affects approximately 202 concurrent users in their EMEA region. Customer is patient but firm and asked for daily status updates. Support engineer ran a distributed trace; bottleneck identified at the database read replica. Metrics attached to case for engineering review. The database index was rebuilt and query performance restored to baseline.
0014E35883D829B,Ferreira & Williams SA,Prospect,Media & Entertainment,Mid-Market,Madrid,434626632,30747,536040410,CASE-485709,Partner Portal,Low,In Progress,Reporting Suite,2023-03-31,,No,Nadia Johnson,Solutions Architect,3.0,Nadia Johnson from Ferreira & Williams SA opened this case after observing severe latency in the Reporting Suite. Average response times increased from ~200ms to over 11s beginning around 2023-03-28 11:43 UTC. Affects approximately 280 concurrent users in their APAC region. Customer is professional and requested SLA credit per the MSA terms. Support engineer ran a distributed trace; bottleneck identified at the database read replica. Metrics attached to case for engineering review. The database index was rebuilt and query performance restored to baseline.
00171DB7436ABD6,Dupont & Kim AG,Partner,Insurance,Mid-Market,Amsterdam,446664809,28680,522309586,CASE-332823,Chat,Medium,Resolved,Billing Platform,2023-04-17,2023-05-01,Yes,Sophie Hassan,IT Director,4.0,Ticket raised by Sophie Hassan (IT Director) at Dupont & Kim AG regarding intermittent authentication failures on the Billing Platform. Approximately 55% of login attempts return a 401 with error DB-CONN-ERR. Issue began after they applied their internal SSO policy update on 2023-04-14. Customer tone: frustrated; threatened to escalate to executive sponsor. Support confirmed SAML assertions are malformed — attribute mapping mismatch in IdP config. Step-by-step remediation guide sent; customer to test in staging before production rollout. The third-party payment gateway's IP whitelist was updated to include the new NAT range.
001D2608BA07678,Tanaka & Tanaka GmbH,Partner,Energy,Enterprise,Zurich,407899740,46248,572962895,CASE-570392,Partner Portal,Critical,Closed,Workflow Automation,2024-04-04,2024-04-19,Yes,Sophie Okonkwo,DevOps Lead,,New onboarding case for Tanaka & Tanaka GmbH (Enterprise tier). Primary contact: Sophie Okonkwo (DevOps Lead). They are configuring the Workflow Automation for the first time and encountered difficulty mapping their existing data schema to our object model. Implementation engineer scheduled a 60-minute screenshare for 2024-04-04. Customer provided sandbox credentials; issue reproduced and root cause confirmed. Documentation gap identified — will file internal ticket to update the Quick-Start Guide. Customer confirmed resolution after applying the corrected configuration.
00139F7C9FD1CE9,Becker & Williams Sp. z o.o.,Customer,Manufacturing,Strategic,Amsterdam,339778225,33785,587181563,CASE-353690,Email,Medium,Pending Customer,Data Sync Engine,2024-08-13,,No,Maria Johnson,VP of Engineering,,Client in Amsterdam reported a critical failure in the Data Sync Engine integration causing a dashboard not loading for all EU users. Error code SSL-HANDSHAKE appears in logs since 2024-08-12 09:07 UTC. Contact Maria Johnson (VP of Engineering) was critical during the call and stated this is blocking their go-live scheduled for next Friday. Initial triage confirmed the issue is environment-specific to their PROD-2 tenant. Reproduction steps provided; engineering queue updated. The database index was rebuilt and query performance restored to baseline.
001E8F906DD1B0B,Novak & Schmidt AB,Prospect,Automotive,Enterprise,Sydney,136677446,48986,512179995,CASE-474440,Phone,Medium,Pending Customer,Integration Hub,2025-01-08,,Yes,Marcus Hassan,Solutions Architect,5.0,Client in Sydney reported a critical failure in the Integration Hub integration causing a audit logs missing entries for the past 48 hours. Error code SSL-HANDSHAKE appears in logs since 2025-01-08 16:34 UTC. Contact Marcus Hassan (Solutions Architect) was very concerned during the call and requested a post-mortem report within 48 hours. Initial triage confirmed the issue is environment-specific to their AP-SOUTH tenant. Reproduction steps provided; engineering queue updated. The database index was rebuilt and query performance restored to baseline.
00141A72FDE6B07,Ferreira & Müller SA,Customer,Logistics,SMB,Berlin,169934213,20331,579173614,CASE-517568,Partner Portal,Low,In Progress,Analytics Dashboard,2025-08-09,,Yes,Ahmed Rossi,Platform Architect,,Client in Berlin reported a critical failure in the Analytics Dashboard integration causing a mobile app crashes on launch for iOS 17+. Error code TIMEOUT-002 appears in logs since 2025-08-06 20:11 UTC. Contact Ahmed Rossi (Platform Architect) was escalating during the call and looped in their VP of Engineering on the call. Initial triage confirmed the issue is environment-specific to their EU-WEST tenant. Reproduction steps provided; engineering queue updated. Pending further investigation; case escalated to Tier-3 Engineering with P1 SLA applied.
001F9A882EFC4E4,Patel & Kowalski Sp. z o.o.,Customer,Technology,Enterprise,Copenhagen,390848812,27830,520593403,CASE-551524,Partner Portal,High,Escalated,Workflow Automation,2025-06-13,,Yes,Omar Okonkwo,Senior Engineer,3.0,New onboarding case for Patel & Kowalski Sp. z o.o. (Enterprise tier). Primary contact: Omar Okonkwo (Senior Engineer). They are configuring the Workflow Automation for the first time and encountered CORS policy errors when calling the API from their SPA. Implementation engineer scheduled a 60-minute screenshare for 2025-06-10. Customer provided sandbox credentials; issue reproduced and root cause confirmed. Documentation gap identified — will file internal ticket to update the Quick-Start Guide. Customer confirmed resolution after applying the corrected configuration.
0010E343A5D26ED,Ferreira & Müller BV,Customer,Logistics,SMB,Paris,40787419,43996,595565484,CASE-525942,Web,High,Closed,Billing Platform,2025-07-02,2025-07-10,Yes,Wei Larsson,Technical Account Manager,1.0,"Inbound escalation from Ferreira & Müller BV (Paris) — Wei Larsson reports the Billing Platform has been failing to sync records since 2025-06-29 05:44 UTC. Approximately 2,780 records are stuck in a PENDING state. Error log snippet shared by customer shows ERR-5500 with stack trace pointing to a serialisation issue in the delta-sync processor. Customer is distressed and mentioned potential contractual penalties if unresolved by EOD. Workaround: manual re-trigger via admin panel unblocks individual batches but is not scalable. Engineering has reproduced the issue in staging with a dataset of matching schema. Engineering identified a misconfigured load-balancer rule; it was corrected and verified."
001606A395EE061,Larsson & Larsson Sp. z o.o.,Prospect,Automotive,SMB,Zurich,214192902,20613,597182566,CASE-392227,Email,Critical,Resolved,Workflow Automation,2025-02-23,2025-02-27,Yes,Zoe Ferreira,VP of Engineering,1.0,"Zoe Ferreira (VP of Engineering) at Larsson & Larsson Sp. z o.o. contacted support regarding an unexpected charge of $8,376 on their July invoice. Customer claims usage reported by the Workflow Automation does not match their internal telemetry. Discrepancy of approximately 29% in API call counts. Finance team has been looped in. Raw usage logs pulled from billing service for 2025-02-23. Preliminary finding: a duplicate event emitter was introduced in v4.1.4 causing double-counting. Credit memo being processed; ETA 4 business days. Workaround provided: client configured batch size to 500 records; permanent fix in sprint 43."
001B762B2CA3B4F,Patel & Ferreira AG,Customer,Retail,SMB,Lisbon,295777469,35541,548971765,CASE-414527,Email,High,Closed,Reporting Suite,2024-02-14,2024-02-25,Yes,Luca Ferreira,Senior Engineer,5.0,"Customer Luca Ferreira at Patel & Ferreira AG (Tier: SMB, Industry: Retail) submitted a formal feature request for the Reporting Suite. Request: ability to configure per-user rate limits via API. Business justification: compliance with ISO 27001 audit requirements. Use case documented and forwarded to Product Management. Customer expects a roadmap commitment within 2 quarters. PM acknowledged receipt; item added to the backlog with High priority scoring."
001C1899F49F5D6,Rossi & Kim AB,Customer,Telecommunications,Enterprise,Zurich,67784302,20786,596213226,CASE-177767,Chat,Low,Pending Customer,Workflow Automation,2025-01-25,,Yes,Clara Rossi,Solutions Architect,1.0,"Clara Rossi (Solutions Architect) at Rossi & Kim AB contacted support regarding an unexpected charge of $14,584 on their July invoice. Customer claims usage reported by the Workflow Automation does not match their internal telemetry. Discrepancy of approximately 16% in API call counts. Finance team has been looped in. Raw usage logs pulled from billing service for 2025-01-22. Preliminary finding: a duplicate event emitter was introduced in v2.6.8 causing double-counting. Credit memo being processed; ETA 2 business days. Engineering identified a misconfigured load-balancer rule; it was corrected and verified."
00105208FC2E11C,Kim & Rossi SA,Prospect,Manufacturing,SMB,Helsinki,67700288,40971,550644430,CASE-744274,Partner Portal,Critical,Resolved,Analytics Dashboard,2023-11-28,2023-12-28,Yes,Elena Hassan,Platform Architect,5.0,"Customer Elena Hassan at Kim & Rossi SA (Tier: SMB, Industry: Manufacturing) submitted a formal feature request for the Analytics Dashboard. Request: ability to receive webhook retries with exponential backoff. Business justification: compliance with SOC 2 Type II audit requirements. Use case documented and forwarded to Product Management. Customer expects a roadmap commitment within 2 quarters. PM acknowledged receipt; item added to the backlog with Medium priority scoring."
0014014DF06A85B,Williams & Schmidt Sp. z o.o.,Reseller,Financial Services,Enterprise,Bratislava,131967824,44901,564504816,CASE-411882,Chat,Critical,Escalated,Data Sync Engine,2023-04-04,,Yes,Raj Becker,Head of Operations,1.0,Ticket raised by Raj Becker (Head of Operations) at Williams & Schmidt Sp. z o.o. regarding intermittent authentication failures on the Data Sync Engine. Approximately 58% of login attempts return a 401 with error SYNC-FAIL-07. Issue began after they applied their internal SSO policy update on 2023-04-02. Customer tone: distressed; mentioned potential contractual penalties if unresolved by EOD. Support confirmed SAML assertions are malformed — attribute mapping mismatch in IdP config. Step-by-step remediation guide sent; customer to test in staging before production rollout. SSL certificate renewed and propagated across all edge nodes within the maintenance window.
001B06A147521D4,Novak & Dupont BV,Reseller,Logistics,Mid-Market,Amsterdam,133600437,9242,522993840,CASE-153063,Web,Low,Escalated,Workflow Automation,2024-10-15,,No,Elena Hassan,Platform Architect,2.0,"Inbound escalation from Novak & Dupont BV (Amsterdam) — Elena Hassan reports the Workflow Automation has been failing to sync records since 2024-10-13 12:08 UTC. Approximately 21,958 records are stuck in a PENDING state. Error log snippet shared by customer shows SSL-HANDSHAKE with stack trace pointing to a serialisation issue in the delta-sync processor. Customer is patient but firm and asked for daily status updates. Workaround: manual re-trigger via admin panel unblocks individual batches but is not scalable. Engineering has reproduced the issue in staging with a dataset of matching schema. Workaround provided: client configured batch size to 500 records; permanent fix in sprint 43."
001324520F1E28C,Schmidt & Rossi AB,Partner,Retail,Mid-Market,Copenhagen,313680485,23137,516530784,CASE-152995,Web,Low,In Progress,Reporting Suite,2025-11-20,,No,Fatima Kowalski,Head of Operations,3.0,"Inbound escalation from Schmidt & Rossi AB (Copenhagen) — Fatima Kowalski reports the Reporting Suite has been failing to sync records since 2025-11-17 15:56 UTC. Approximately 7,544 records are stuck in a PENDING state. Error log snippet shared by customer shows AUTH-401 with stack trace pointing to a serialisation issue in the delta-sync processor. Customer is frustrated and threatened to escalate to executive sponsor. Workaround: manual re-trigger via admin panel unblocks individual batches but is not scalable. Engineering has reproduced the issue in staging with a dataset of matching schema. The database index was rebuilt and query performance restored to baseline."
001A6E69A046793,García & Larsson S.r.l.,Reseller,Media & Entertainment,SMB,Vienna,410886335,36045,547543473,CASE-965401,Partner Portal,Critical,Resolved,Mobile SDK,2025-01-19,2025-01-31,Yes,Raj Novak,DevOps Lead,,Client in Vienna reported a critical failure in the Mobile SDK integration causing a nightly batch jobs failing silently. Error code TIMEOUT-002 appears in logs since 2025-01-19 12:03 UTC. Contact Raj Novak (DevOps Lead) was professional during the call and requested SLA credit per the MSA terms. Initial triage confirmed the issue is environment-specific to their AP-SOUTH tenant. Reproduction steps provided; engineering queue updated. The database index was rebuilt and query performance restored to baseline.
0012C63E6F6D70D,Kowalski & Hassan Sp. z o.o.,Partner,Insurance,Strategic,Amsterdam,176575323,40188,552752377,CASE-270395,Chat,Medium,Resolved,Integration Hub,2023-03-24,2023-04-21,Yes,Patrick Okonkwo,IT Director,5.0,"Patrick Okonkwo (IT Director) at Kowalski & Hassan Sp. z o.o. contacted support regarding an unexpected charge of $13,770 on their July invoice. Customer claims usage reported by the Integration Hub does not match their internal telemetry. Discrepancy of approximately 39% in API call counts. Finance team has been looped in. Raw usage logs pulled from billing service for 2023-03-24. Preliminary finding: a duplicate event emitter was introduced in v3.9.4 causing double-counting. Credit memo being processed; ETA 5 business days. A hotfix (v2.4.7) was deployed to production at 03:14 UTC resolving the root cause."
001A05B3D3CAB6B,Sato & Johnson GmbH,Reseller,Logistics,Enterprise,Warsaw,79836479,44622,542507072,CASE-133104,Partner Portal,Critical,Resolved,Mobile SDK,2024-09-22,2024-09-27,Yes,Tom Sato,Technical Account Manager,,"Inbound escalation from Sato & Johnson GmbH (Warsaw) — Tom Sato reports the Mobile SDK has been failing to sync records since 2024-09-22 19:30 UTC. Approximately 21,058 records are stuck in a PENDING state. Error log snippet shared by customer shows AUTH-401 with stack trace pointing to a serialisation issue in the delta-sync processor. Customer is distressed and mentioned potential contractual penalties if unresolved by EOD. Workaround: manual re-trigger via admin panel unblocks individual batches but is not scalable. Engineering has reproduced the issue in staging with a dataset of matching schema. The database index was rebuilt and query performance restored to baseline."
00102CC6B169DD5,Hassan & García S.r.l.,Reseller,Media & Entertainment,Mid-Market,Budapest,168944640,11359,571694994,CASE-659024,Web,Medium,Resolved,Mobile SDK,2025-10-24,2025-11-08,Yes,Maria Tanaka,Senior Engineer,5.0,"Customer Maria Tanaka at Hassan & García S.r.l. (Tier: Mid-Market, Industry: Media & Entertainment) submitted a formal feature request for the Mobile SDK. Request: ability to schedule reports at sub-hourly intervals. Business justification: compliance with SOC 2 Type II audit requirements. Use case documented and forwarded to Product Management. Customer expects a roadmap commitment within 2 quarters. PM acknowledged receipt; item added to the backlog with Medium priority scoring."
0017691772127D9,Kowalski & Larsson S.r.l.,Reseller,Technology,Mid-Market,Oslo,481407732,25866,556323191,CASE-910616,Email,Medium,Resolved,Billing Platform,2024-08-14,2024-08-17,Yes,Isabella Okonkwo,DevOps Lead,3.0,Ticket raised by Isabella Okonkwo (DevOps Lead) at Kowalski & Larsson S.r.l. regarding intermittent authentication failures on the Billing Platform. Approximately 49% of login attempts return a 401 with error SYNC-FAIL-07. Issue began after they applied their internal SSO policy update on 2024-08-13. Customer tone: very concerned; requested a post-mortem report within 48 hours. Support confirmed SAML assertions are malformed — attribute mapping mismatch in IdP config. Step-by-step remediation guide sent; customer to test in staging before production rollout. Pending further investigation; case escalated to Tier-3 Engineering with P1 SLA applied.
00191AC01811716,Dupont & Williams Corp.,Partner,Media & Entertainment,Strategic,Vienna,342993884,15269,517045237,CASE-205065,Chat,Medium,Closed,Identity & Access Module,2024-02-18,2024-02-19,No,Tom Tanaka,Platform Architect,,Tom Tanaka from Dupont & Williams Corp. opened this case after observing severe latency in the Identity & Access Module. Average response times increased from ~200ms to over 3s beginning around 2024-02-16 17:44 UTC. Affects approximately 291 concurrent users in their EMEA region. Customer is patient but firm and asked for daily status updates. Support engineer ran a distributed trace; bottleneck identified at the database read replica. Metrics attached to case for engineering review. Root cause traced to a race condition in the async queue; a mutex lock was introduced.
0016F047B351420,Sato & Johnson S.r.l.,Customer,Telecommunications,Strategic,Tokyo,449433172,26027,576489301,CASE-295361,Web,Critical,In Progress,Identity & Access Module,2024-08-11,,Yes,Maria Rossi,CTO,3.0,Maria Rossi from Sato & Johnson S.r.l. opened this case after observing severe latency in the Identity & Access Module. Average response times increased from ~200ms to over 8s beginning around 2024-08-09 09:41 UTC. Affects approximately 155 concurrent users in their APAC region. Customer is very concerned and requested a post-mortem report within 48 hours. Support engineer ran a distributed trace; bottleneck identified at the database read replica. Metrics attached to case for engineering review. Pending further investigation; case escalated to Tier-3 Engineering with P1 SLA applied.
001660190792AF6,Patel & Ferreira SA,Prospect,Pharmaceuticals,Strategic,Oslo,305325222,44207,535925669,CASE-284019,Partner Portal,Low,Escalated,Analytics Dashboard,2025-10-29,,No,Sophie Okonkwo,IT Director,5.0,Client in Oslo reported a critical failure in the Analytics Dashboard integration causing a complete loss of SSO functionality. Error code AUTH-401 appears in logs since 2025-10-26 08:12 UTC. Contact Sophie Okonkwo (IT Director) was critical during the call and stated this is blocking their go-live scheduled for next Friday. Initial triage confirmed the issue is environment-specific to their EU-WEST tenant. Reproduction steps provided; engineering queue updated. The database index was rebuilt and query performance restored to baseline.
00120B0D40F1F26,Okonkwo & Kim Corp.,Prospect,Telecommunications,SMB,Milan,372427304,15496,518338186,CASE-800224,Phone,Low,Closed,Identity & Access Module,2023-01-14,2023-01-22,Yes,Wei Andersen,Technical Account Manager,1.0,Client in Milan reported a critical failure in the Identity & Access Module integration causing a search results returning stale cached data. Error code DB-CONN-ERR appears in logs since 2023-01-12 12:15 UTC. Contact Wei Andersen (Technical Account Manager) was professional during the call and requested SLA credit per the MSA terms. Initial triage confirmed the issue is environment-specific to their AP-SOUTH tenant. Reproduction steps provided; engineering queue updated. Workaround provided: client configured batch size to 500 records; permanent fix in sprint 43.
0013DBA808D8695,Williams & Larsson AB,Partner,Automotive,SMB,London,409520269,16227,589968863,CASE-925618,Phone,Low,Resolved,Workflow Automation,2024-03-28,2024-04-21,Yes,Ahmed Ferreira,Head of Operations,,"Inbound escalation from Williams & Larsson AB (London) — Ahmed Ferreira reports the Workflow Automation has been failing to sync records since 2024-03-27 04:30 UTC. Approximately 4,547 records are stuck in a PENDING state. Error log snippet shared by customer shows DB-CONN-ERR with stack trace pointing to a serialisation issue in the delta-sync processor. Customer is very concerned and requested a post-mortem report within 48 hours. Workaround: manual re-trigger via admin panel unblocks individual batches but is not scalable. Engineering has reproduced the issue in staging with a dataset of matching schema. The customer's IP range was added to the allowlist following security review approval."
00116B64CDAF3C6,Kowalski & Rossi S.r.l.,Partner,Insurance,Mid-Market,Amsterdam,276047836,27235,571310453,CASE-691303,Phone,Low,Pending Customer,Analytics Dashboard,2024-11-02,,Yes,Carlos Sato,Solutions Architect,,New onboarding case for Kowalski & Rossi S.r.l. (Mid-Market tier). Primary contact: Carlos Sato (Solutions Architect). They are configuring the Analytics Dashboard for the first time and encountered missing permissions on the service account used for integration. Implementation engineer scheduled a 60-minute screenshare for 2024-10-30. Customer provided sandbox credentials; issue reproduced and root cause confirmed. Documentation gap identified — will file internal ticket to update the Quick-Start Guide. Customer confirmed resolution after applying the corrected configuration.
001BE0886F8D4F4,Novak & Müller AG,Partner,Financial Services,Mid-Market,Vienna,413338732,8885,596104027,CASE-864715,Chat,Medium,Pending Customer,Security Manager,2023-05-30,,No,Patrick Rossi,Solutions Architect,4.0,Client in Vienna reported a critical failure in the Security Manager integration causing a duplicate records being created in the CRM. Error code ERR-4403 appears in logs since 2023-05-30 13:22 UTC. Contact Patrick Rossi (Solutions Architect) was professional during the call and requested SLA credit per the MSA terms. Initial triage confirmed the issue is environment-specific to their US-EAST tenant. Reproduction steps provided; engineering queue updated. Pending further investigation; case escalated to Tier-3 Engineering with P1 SLA applied.
00126D0A41B8E0D,Kim & Ferreira S.r.l.,Partner,Healthcare,Mid-Market,Warsaw,247796312,22695,530820038,CASE-389039,Email,Critical,In Progress,Integration Hub,2025-03-15,,Yes,James Schmidt,IT Manager,5.0,"James Schmidt (IT Manager) at Kim & Ferreira S.r.l. contacted support regarding an unexpected charge of $7,068 on their July invoice. Customer claims usage reported by the Integration Hub does not match their internal telemetry. Discrepancy of approximately 6% in API call counts. Finance team has been looped in. Raw usage logs pulled from billing service for 2025-03-14. Preliminary finding: a duplicate event emitter was introduced in v2.3.1 causing double-counting. Credit memo being processed; ETA 2 business days. Data migration script re-run with corrected field mappings; record integrity confirmed."
001EA897B0D9C8B,Müller & Tanaka S.r.l.,Prospect,Telecommunications,Enterprise,Berlin,310529429,39195,553038943,CASE-348411,Web,High,Closed,Identity & Access Module,2023-04-01,2023-04-27,Yes,Aisha García,DevOps Lead,4.0,Aisha García from Müller & Tanaka S.r.l. opened this case after observing severe latency in the Identity & Access Module. Average response times increased from ~200ms to over 7s beginning around 2023-03-29 14:14 UTC. Affects approximately 41 concurrent users in their AMER region. Customer is understanding and appreciated the quick response and transparency. Support engineer ran a distributed trace; bottleneck identified at the database read replica. Metrics attached to case for engineering review. Data migration script re-run with corrected field mappings; record integrity confirmed.
0012AD2D83206B7,Hassan & Okonkwo AB,Partner,Manufacturing,Strategic,Chicago,405524059,35263,573554620,CASE-352673,Email,Medium,Pending Customer,Integration Hub,2025-10-12,,Yes,Zoe Nguyen,IT Manager,4.0,Zoe Nguyen from Hassan & Okonkwo AB opened this case after observing severe latency in the Integration Hub. Average response times increased from ~200ms to over 11s beginning around 2025-10-12 11:41 UTC. Affects approximately 221 concurrent users in their APAC region. Customer is frustrated and threatened to escalate to executive sponsor. Support engineer ran a distributed trace; bottleneck identified at the database read replica. Metrics attached to case for engineering review. The customer's IP range was added to the allowlist following security review approval.
001F09D2BDD9CD8,Larsson & Rossi S.r.l.,Customer,Manufacturing,Strategic,Helsinki,469521412,4779,535254849,CASE-943737,Partner Portal,High,Pending Customer,Identity & Access Module,2024-06-06,,No,Luca Ferreira,Platform Architect,2.0,Client in Helsinki reported a critical failure in the Identity & Access Module integration causing a mobile app crashes on launch for iOS 17+. Error code ERR-5021 appears in logs since 2024-06-05 10:41 UTC. Contact Luca Ferreira (Platform Architect) was critical during the call and stated this is blocking their go-live scheduled for next Friday. Initial triage confirmed the issue is environment-specific to their US-EAST tenant. Reproduction steps provided; engineering queue updated. OAuth token refresh logic was patched; all active sessions re-authenticated successfully.
001725DBC233F2E,Nguyen & Ferreira S.r.l.,Reseller,Healthcare,Strategic,Chicago,250684031,6472,573013937,CASE-898625,Web,High,Escalated,Identity & Access Module,2024-02-23,,Yes,Daniel Kim,Senior Engineer,3.0,Ticket raised by Daniel Kim (Senior Engineer) at Nguyen & Ferreira S.r.l. regarding intermittent authentication failures on the Identity & Access Module. Approximately 10% of login attempts return a 401 with error SSL-HANDSHAKE. Issue began after they applied their internal SSO policy update on 2024-02-20. Customer tone: professional; requested SLA credit per the MSA terms. Support confirmed SAML assertions are malformed — attribute mapping mismatch in IdP config. Step-by-step remediation guide sent; customer to test in staging before production rollout. OAuth token refresh logic was patched; all active sessions re-authenticated successfully.
0010E91925CF2F3,Nguyen & Sato Ltd.,Prospect,Manufacturing,Enterprise,Chicago,138651249,32032,596126771,CASE-875520,Chat,Low,Closed,Billing Platform,2025-05-05,2025-05-25,Yes,Daniel Johnson,Solutions Architect,3.0,"Daniel Johnson (Solutions Architect) at Nguyen & Sato Ltd. contacted support regarding an unexpected charge of $2,973 on their April invoice. Customer claims usage reported by the Billing Platform does not match their internal telemetry. Discrepancy of approximately 39% in API call counts. Finance team has been looped in. Raw usage logs pulled from billing service for 2025-05-03. Preliminary finding: a duplicate event emitter was introduced in v3.2.8 causing double-counting. Credit memo being processed; ETA 7 business days. A hotfix (v2.4.7) was deployed to production at 03:14 UTC resolving the root cause."
0011307E3E75FB0,Rossi & Tanaka GmbH,Customer,Financial Services,Enterprise,Helsinki,332197764,41804,599490304,CASE-746467,Chat,Low,Escalated,API Gateway,2023-01-14,,Yes,Henrik Johnson,Platform Architect,,"Henrik Johnson (Platform Architect) at Rossi & Tanaka GmbH contacted support regarding an unexpected charge of $8,919 on their July invoice. Customer claims usage reported by the API Gateway does not match their internal telemetry. Discrepancy of approximately 31% in API call counts. Finance team has been looped in. Raw usage logs pulled from billing service for 2023-01-11. Preliminary finding: a duplicate event emitter was introduced in v2.0.8 causing double-counting. Credit memo being processed; ETA 7 business days. A stale CDN cache was purged globally; content now serves correctly in all regions."
00157E0E470660B,Tanaka & Johnson Ltd.,Prospect,Technology,Enterprise,Oslo,427278193,26021,520605783,CASE-491172,Chat,Low,Escalated,Integration Hub,2025-05-31,,Yes,Sophie Hassan,Technical Account Manager,2.0,"Sophie Hassan (Technical Account Manager) at Tanaka & Johnson Ltd. contacted support regarding an unexpected charge of $5,114 on their March invoice. Customer claims usage reported by the Integration Hub does not match their internal telemetry. Discrepancy of approximately 7% in API call counts. Finance team has been looped in. Raw usage logs pulled from billing service for 2025-05-30. Preliminary finding: a duplicate event emitter was introduced in v2.6.6 causing double-counting. Credit memo being processed; ETA 5 business days. The customer's IP range was added to the allowlist following security review approval."
001B7CC088085D8,Dupont & Hassan GmbH,Reseller,Financial Services,Enterprise,Brussels,146043049,3061,519978827,CASE-817675,Web,Critical,Closed,Analytics Dashboard,2023-06-19,2023-07-17,Yes,Daniel Sato,Platform Architect,3.0,Daniel Sato from Dupont & Hassan GmbH opened this case after observing severe latency in the Analytics Dashboard. Average response times increased from ~200ms to over 6s beginning around 2023-06-16 13:41 UTC. Affects approximately 310 concurrent users in their EMEA region. Customer is frustrated and threatened to escalate to executive sponsor. Support engineer ran a distributed trace; bottleneck identified at the database read replica. Metrics attached to case for engineering review. Workaround provided: client configured batch size to 500 records; permanent fix in sprint 43.
0017BB0D49F84B0,Nguyen & Tanaka AG,Customer,Healthcare,SMB,Prague,235159969,15223,520202996,CASE-457137,Partner Portal,Low,New,Analytics Dashboard,2024-05-07,,Yes,Aisha Okonkwo,Head of Operations,,"Customer Aisha Okonkwo at Nguyen & Tanaka AG (Tier: SMB, Industry: Healthcare) submitted a formal feature request for the Analytics Dashboard. Request: ability to set custom session timeout policies per role group. Business justification: compliance with GDPR Article 30 audit requirements. Use case documented and forwarded to Product Management. Customer expects a roadmap commitment within 4 quarters. PM acknowledged receipt; item added to the backlog with Medium priority scoring."
001F3B83F8A0F08,Johnson & Rossi AG,Partner,Logistics,Strategic,Zurich,397599411,25544,552503832,CASE-478221,Phone,Critical,Closed,Mobile SDK,2024-01-16,2024-01-28,Yes,Clara Kim,DevOps Lead,3.0,Clara Kim from Johnson & Rossi AG opened this case after observing severe latency in the Mobile SDK. Average response times increased from ~200ms to over 8s beginning around 2024-01-13 02:49 UTC. Affects approximately 399 concurrent users in their APAC region. Customer is distressed and mentioned potential contractual penalties if unresolved by EOD. Support engineer ran a distributed trace; bottleneck identified at the database read replica. Metrics attached to case for engineering review. Engineering identified a misconfigured load-balancer rule; it was corrected and verified.
0017B9C6F1D1E64,Novak & Rossi Corp.,Customer,Healthcare,Mid-Market,Milan,157184355,27129,562049575,CASE-917018,Phone,High,Pending Customer,Mobile SDK,2025-07-08,,Yes,Luca Larsson,Technical Account Manager,5.0,New onboarding case for Novak & Rossi Corp. (Mid-Market tier). Primary contact: Luca Larsson (Technical Account Manager). They are configuring the Mobile SDK for the first time and encountered missing permissions on the service account used for integration. Implementation engineer scheduled a 60-minute screenshare for 2025-07-05. Customer provided sandbox credentials; issue reproduced and root cause confirmed. Documentation gap identified — will file internal ticket to update the Quick-Start Guide. Customer confirmed resolution after applying the corrected configuration.
001301C56A012AC,Andersen & Becker SA,Prospect,Manufacturing,SMB,Madrid,132887032,47254,593890601,CASE-619886,Partner Portal,High,Escalated,Billing Platform,2024-07-03,,No,Yuki Becker,Solutions Architect,,New onboarding case for Andersen & Becker SA (SMB tier). Primary contact: Yuki Becker (Solutions Architect). They are configuring the Billing Platform for the first time and encountered confusion around webhook signature verification. Implementation engineer scheduled a 60-minute screenshare for 2024-06-30. Customer provided sandbox credentials; issue reproduced and root cause confirmed. Documentation gap identified — will file internal ticket to update the Quick-Start Guide. Customer confirmed resolution after applying the corrected configuration.
00179ECEA5B0B0D,Tanaka & Kim BV,Prospect,Financial Services,Strategic,Stockholm,95868282,26109,552833932,CASE-405605,Chat,High,Pending Customer,Workflow Automation,2025-02-17,,Yes,Ingrid Williams,Technical Account Manager,4.0,"Customer Ingrid Williams at Tanaka & Kim BV (Tier: Strategic, Industry: Financial Services) submitted a formal feature request for the Workflow Automation. Request: ability to bulk-archive inactive records. Business justification: compliance with HIPAA §164.312 audit requirements. Use case documented and forwarded to Product Management. Customer expects a roadmap commitment within 3 quarters. PM acknowledged receipt; item added to the backlog with High priority scoring."
0015CDFF95C1DB3,Rossi & Becker Sp. z o.o.,Prospect,Retail,Mid-Market,Bratislava,354116990,10111,566791272,CASE-927406,Chat,Critical,In Progress,Integration Hub,2023-02-25,,No,Wei Kim,IT Director,5.0,"Customer Wei Kim at Rossi & Becker Sp. z o.o. (Tier: Mid-Market, Industry: Retail) submitted a formal feature request for the Integration Hub. Request: ability to schedule reports at sub-hourly intervals. Business justification: compliance with PCI-DSS 4.0 audit requirements. Use case documented and forwarded to Product Management. Customer expects a roadmap commitment within 4 quarters. PM acknowledged receipt; item added to the backlog with Medium priority scoring."
001B894CFD8A9F7,Patel & Williams GmbH,Reseller,Financial Services,SMB,Oslo,404593490,21741,567774765,CASE-211090,Phone,Critical,Closed,Integration Hub,2023-06-24,2023-07-15,Yes,Zoe Larsson,Technical Account Manager,2.0,"Customer Zoe Larsson at Patel & Williams GmbH (Tier: SMB, Industry: Financial Services) submitted a formal feature request for the Integration Hub. Request: ability to receive webhook retries with exponential backoff. Business justification: compliance with PCI-DSS 4.0 audit requirements. Use case documented and forwarded to Product Management. Customer expects a roadmap commitment within 2 quarters. PM acknowledged receipt; item added to the backlog with Medium priority scoring."
0019A0238D8AA89,Kim & Becker AG,Partner,Energy,Strategic,Warsaw,187507520,20450,556045630,CASE-577450,Email,Low,Closed,Security Manager,2025-10-21,2025-11-20,Yes,Isabella Dupont,VP of Engineering,4.0,New onboarding case for Kim & Becker AG (Strategic tier). Primary contact: Isabella Dupont (VP of Engineering). They are configuring the Security Manager for the first time and encountered CORS policy errors when calling the API from their SPA. Implementation engineer scheduled a 60-minute screenshare for 2025-10-20. Customer provided sandbox credentials; issue reproduced and root cause confirmed. Documentation gap identified — will file internal ticket to update the Quick-Start Guide. Customer confirmed resolution after applying the corrected configuration.
0014B366BD8AAA4,Schmidt & Okonkwo AG,Partner,Media & Entertainment,Strategic,Lisbon,296804583,10504,554424679,CASE-687044,Chat,Low,Resolved,Workflow Automation,2023-05-18,2023-05-25,Yes,Patrick Dupont,IT Director,4.0,"Customer Patrick Dupont at Schmidt & Okonkwo AG (Tier: Strategic, Industry: Media & Entertainment) submitted a formal feature request for the Workflow Automation. Request: ability to set custom session timeout policies per role group. Business justification: compliance with SOC 2 Type II audit requirements. Use case documented and forwarded to Product Management. Customer expects a roadmap commitment within 2 quarters. PM acknowledged receipt; item added to the backlog with Medium priority scoring."
001B39C5FA5D795,Andersen & Rossi Corp.,Partner,Financial Services,Mid-Market,Prague,196883639,21373,536450861,CASE-579776,Phone,Medium,Resolved,Reporting Suite,2025-05-29,2025-06-25,No,Carlos García,VP of Engineering,5.0,New onboarding case for Andersen & Rossi Corp. (Mid-Market tier). Primary contact: Carlos García (VP of Engineering). They are configuring the Reporting Suite for the first time and encountered difficulty mapping their existing data schema to our object model. Implementation engineer scheduled a 60-minute screenshare for 2025-05-26. Customer provided sandbox credentials; issue reproduced and root cause confirmed. Documentation gap identified — will file internal ticket to update the Quick-Start Guide. Customer confirmed resolution after applying the corrected configuration.
0013B2B9A1A5FE7,Patel & Kim Corp.,Prospect,Energy,Strategic,Singapore,63776495,15645,550987410,CASE-222629,Email,Medium,In Progress,Security Manager,2023-08-22,,Yes,Wei Williams,Technical Account Manager,5.0,Client in Singapore reported a critical failure in the Security Manager integration causing a duplicate records being created in the CRM. Error code SSL-HANDSHAKE appears in logs since 2023-08-20 11:54 UTC. Contact Wei Williams (Technical Account Manager) was professional during the call and requested SLA credit per the MSA terms. Initial triage confirmed the issue is environment-specific to their US-EAST tenant. Reproduction steps provided; engineering queue updated. Data migration script re-run with corrected field mappings; record integrity confirmed.
001FB009C229757,Okonkwo & Ferreira Corp.,Reseller,Energy,Mid-Market,Prague,73801517,12797,561532114,CASE-688861,Partner Portal,Low,New,Reporting Suite,2023-12-21,,No,Ahmed Patel,CTO,5.0,New onboarding case for Okonkwo & Ferreira Corp. (Mid-Market tier). Primary contact: Ahmed Patel (CTO). They are configuring the Reporting Suite for the first time and encountered missing permissions on the service account used for integration. Implementation engineer scheduled a 60-minute screenshare for 2023-12-20. Customer provided sandbox credentials; issue reproduced and root cause confirmed. Documentation gap identified — will file internal ticket to update the Quick-Start Guide. Customer confirmed resolution after applying the corrected configuration.
001351004FA3888,Müller & Andersen Ltd.,Reseller,Media & Entertainment,Strategic,Budapest,295631996,33486,525194922,CASE-700534,Phone,Medium,Pending Customer,Reporting Suite,2023-12-09,,Yes,Priya Kim,Head of Operations,5.0,Ticket raised by Priya Kim (Head of Operations) at Müller & Andersen Ltd. regarding intermittent authentication failures on the Reporting Suite. Approximately 61% of login attempts return a 401 with error DB-CONN-ERR. Issue began after they applied their internal SSO policy update on 2023-12-09. Customer tone: frustrated; threatened to escalate to executive sponsor. Support confirmed SAML assertions are malformed — attribute mapping mismatch in IdP config. Step-by-step remediation guide sent; customer to test in staging before production rollout. OAuth token refresh logic was patched; all active sessions re-authenticated successfully.
00113147C5A44BA,Dupont & Johnson Ltd.,Reseller,Healthcare,Mid-Market,Budapest,89610703,40390,528687800,CASE-922974,Email,High,Closed,Billing Platform,2023-03-08,2023-03-19,Yes,Luca Ferreira,Technical Account Manager,5.0,"Customer Luca Ferreira at Dupont & Johnson Ltd. (Tier: Mid-Market, Industry: Healthcare) submitted a formal feature request for the Billing Platform. Request: ability to bulk-archive inactive records. Business justification: compliance with PCI-DSS 4.0 audit requirements. Use case documented and forwarded to Product Management. Customer expects a roadmap commitment within 3 quarters. PM acknowledged receipt; item added to the backlog with High priority scoring."
0013560E341B6F2,Andersen & Tanaka Inc.,Partner,Media & Entertainment,SMB,Copenhagen,409313017,44327,562707402,CASE-613234,Email,Medium,Escalated,Billing Platform,2024-07-01,,No,Ingrid Müller,Platform Architect,4.0,Ingrid Müller from Andersen & Tanaka Inc. opened this case after observing severe latency in the Billing Platform. Average response times increased from ~200ms to over 4s beginning around 2024-07-01 04:48 UTC. Affects approximately 334 concurrent users in their EMEA region. Customer is distressed and mentioned potential contractual penalties if unresolved by EOD. Support engineer ran a distributed trace; bottleneck identified at the database read replica. Metrics attached to case for engineering review. Root cause traced to a race condition in the async queue; a mutex lock was introduced.
001B9935B6F8180,Ferreira & Larsson AG,Partner,Media & Entertainment,SMB,Helsinki,266098064,17608,553334226,CASE-968581,Web,Medium,Pending Customer,Workflow Automation,2025-07-20,,Yes,James Rossi,Head of Operations,5.0,"Inbound escalation from Ferreira & Larsson AG (Helsinki) — James Rossi reports the Workflow Automation has been failing to sync records since 2025-07-17 10:37 UTC. Approximately 23,027 records are stuck in a PENDING state. Error log snippet shared by customer shows ERR-5021 with stack trace pointing to a serialisation issue in the delta-sync processor. Customer is distressed and mentioned potential contractual penalties if unresolved by EOD. Workaround: manual re-trigger via admin panel unblocks individual batches but is not scalable. Engineering has reproduced the issue in staging with a dataset of matching schema. A hotfix (v2.4.7) was deployed to production at 03:14 UTC resolving the root cause."
001E187E7FBA1E4,García & Tanaka SA,Customer,Automotive,Strategic,London,351929239,23631,543606680,CASE-186424,Web,High,Escalated,API Gateway,2023-09-12,,Yes,James Becker,IT Director,4.0,New onboarding case for García & Tanaka SA (Strategic tier). Primary contact: James Becker (IT Director). They are configuring the API Gateway for the first time and encountered difficulty mapping their existing data schema to our object model. Implementation engineer scheduled a 60-minute screenshare for 2023-09-11. Customer provided sandbox credentials; issue reproduced and root cause confirmed. Documentation gap identified — will file internal ticket to update the Quick-Start Guide. Customer confirmed resolution after applying the corrected configuration.
001BD27E2B103D3,Tanaka & Sato Ltd.,Customer,Media & Entertainment,Mid-Market,Chicago,373945853,22526,526185823,CASE-542828,Email,Low,New,Mobile SDK,2023-07-06,,Yes,Isabella Rossi,Head of Operations,2.0,"Customer Isabella Rossi at Tanaka & Sato Ltd. (Tier: Mid-Market, Industry: Media & Entertainment) submitted a formal feature request for the Mobile SDK. Request: ability to schedule reports at sub-hourly intervals. Business justification: compliance with ISO 27001 audit requirements. Use case documented and forwarded to Product Management. Customer expects a roadmap commitment within 1 quarters. PM acknowledged receipt; item added to the backlog with High priority scoring."
001B3A8F1BB0D50,Hassan & Sato GmbH,Prospect,Logistics,SMB,Copenhagen,388352743,13972,594299475,CASE-884616,Email,Low,Pending Customer,Analytics Dashboard,2025-02-22,,No,Ahmed Rossi,Technical Account Manager,2.0,"Customer Ahmed Rossi at Hassan & Sato GmbH (Tier: SMB, Industry: Logistics) submitted a formal feature request for the Analytics Dashboard. Request: ability to export audit logs in CEF format. Business justification: compliance with ISO 27001 audit requirements. Use case documented and forwarded to Product Management. Customer expects a roadmap commitment within 2 quarters. PM acknowledged receipt; item added to the backlog with High priority scoring."
001B8E362E2493D,Johnson & Novak Corp.,Customer,Media & Entertainment,Strategic,Bratislava,455708605,43159,550486688,CASE-315425,Partner Portal,High,Escalated,Workflow Automation,2025-05-29,,No,Tom Rossi,Technical Account Manager,3.0,"Customer Tom Rossi at Johnson & Novak Corp. (Tier: Strategic, Industry: Media & Entertainment) submitted a formal feature request for the Workflow Automation. Request: ability to set custom session timeout policies per role group. Business justification: compliance with ISO 27001 audit requirements. Use case documented and forwarded to Product Management. Customer expects a roadmap commitment within 2 quarters. PM acknowledged receipt; item added to the backlog with Medium priority scoring."
001FC8FF3B658E3,Nguyen & Sato AB,Reseller,Healthcare,Mid-Market,Prague,414087661,4793,512240013,CASE-715895,Phone,Critical,In Progress,Reporting Suite,2023-05-26,,Yes,Daniel Tanaka,Senior Engineer,2.0,Daniel Tanaka (Senior Engineer) at Nguyen & Sato AB contacted support regarding an unexpected charge of $852 on their March invoice. Customer claims usage reported by the Reporting Suite does not match their internal telemetry. Discrepancy of approximately 30% in API call counts. Finance team has been looped in. Raw usage logs pulled from billing service for 2023-05-26. Preliminary finding: a duplicate event emitter was introduced in v4.4.8 causing double-counting. Credit memo being processed; ETA 5 business days. Root cause traced to a race condition in the async queue; a mutex lock was introduced.
001CA2E7005939E,García & Tanaka S.r.l.,Customer,Energy,Enterprise,Toronto,167020977,45798,568718382,CASE-865416,Email,Critical,Closed,Integration Hub,2023-11-09,2023-11-27,Yes,Luca Hassan,Senior Engineer,,"Inbound escalation from García & Tanaka S.r.l. (Toronto) — Luca Hassan reports the Integration Hub has been failing to sync records since 2023-11-07 02:19 UTC. Approximately 8,101 records are stuck in a PENDING state. Error log snippet shared by customer shows SYNC-FAIL-07 with stack trace pointing to a serialisation issue in the delta-sync processor. Customer is professional and requested SLA credit per the MSA terms. Workaround: manual re-trigger via admin panel unblocks individual batches but is not scalable. Engineering has reproduced the issue in staging with a dataset of matching schema. Data migration script re-run with corrected field mappings; record integrity confirmed."
001E9E1CBE44FFB,Patel & Kowalski BV,Prospect,Financial Services,SMB,Singapore,90137552,24380,527036337,CASE-886197,Web,Critical,Closed,Analytics Dashboard,2023-09-02,2023-09-27,Yes,Patrick Schmidt,Head of Operations,3.0,"Patrick Schmidt (Head of Operations) at Patel & Kowalski BV contacted support regarding an unexpected charge of $13,423 on their June invoice. Customer claims usage reported by the Analytics Dashboard does not match their internal telemetry. Discrepancy of approximately 22% in API call counts. Finance team has been looped in. Raw usage logs pulled from billing service for 2023-09-02. Preliminary finding: a duplicate event emitter was introduced in v4.1.4 causing double-counting. Credit memo being processed; ETA 7 business days. Data migration script re-run with corrected field mappings; record integrity confirmed."
001E71CBCEF886D,Larsson & Patel SA,Customer,Healthcare,Strategic,Tokyo,123123689,48557,578293320,CASE-102693,Phone,Critical,Closed,Reporting Suite,2025-11-12,2025-12-03,Yes,Raj Patel,VP of Engineering,,"Raj Patel (VP of Engineering) at Larsson & Patel SA contacted support regarding an unexpected charge of $7,929 on their May invoice. Customer claims usage reported by the Reporting Suite does not match their internal telemetry. Discrepancy of approximately 29% in API call counts. Finance team has been looped in. Raw usage logs pulled from billing service for 2025-11-10. Preliminary finding: a duplicate event emitter was introduced in v2.2.0 causing double-counting. Credit memo being processed; ETA 6 business days. Workaround provided: client configured batch size to 500 records; permanent fix in sprint 43."
001FE6F85AA28C3,Andersen & Rossi Corp.,Customer,Automotive,Strategic,Chicago,96784767,14636,579226031,CASE-148159,Chat,Critical,Closed,Identity & Access Module,2024-10-21,2024-11-06,No,Nadia Okonkwo,Senior Engineer,3.0,Client in Chicago reported a critical failure in the Identity & Access Module integration causing a nightly batch jobs failing silently. Error code ERR-4403 appears in logs since 2024-10-20 13:58 UTC. Contact Nadia Okonkwo (Senior Engineer) was understanding during the call and appreciated the quick response and transparency. Initial triage confirmed the issue is environment-specific to their PROD-2 tenant. Reproduction steps provided; engineering queue updated. A hotfix (v2.4.7) was deployed to production at 03:14 UTC resolving the root cause.
00182781FD364A9,García & Novak Ltd.,Customer,Retail,SMB,Warsaw,125589710,35500,556496201,CASE-766833,Phone,Medium,Pending Customer,Security Manager,2024-09-14,,Yes,Raj Kowalski,IT Director,5.0,Client in Warsaw reported a critical failure in the Security Manager integration causing a file attachments over 10 MB silently dropped. Error code ERR-3301 appears in logs since 2024-09-13 14:23 UTC. Contact Raj Kowalski (IT Director) was professional during the call and requested SLA credit per the MSA terms. Initial triage confirmed the issue is environment-specific to their EU-WEST tenant. Reproduction steps provided; engineering queue updated. OAuth token refresh logic was patched; all active sessions re-authenticated successfully.
001F25FDF7AE8F7,Johnson & Hassan AB,Customer,Retail,Strategic,Helsinki,271849465,8759,595525640,CASE-959793,Chat,Critical,New,Reporting Suite,2023-05-03,,Yes,Luca Müller,Senior Engineer,4.0,"Inbound escalation from Johnson & Hassan AB (Helsinki) — Luca Müller reports the Reporting Suite has been failing to sync records since 2023-05-02 22:17 UTC. Approximately 16,017 records are stuck in a PENDING state. Error log snippet shared by customer shows ERR-3301 with stack trace pointing to a serialisation issue in the delta-sync processor. Customer is patient but firm and asked for daily status updates. Workaround: manual re-trigger via admin panel unblocks individual batches but is not scalable. Engineering has reproduced the issue in staging with a dataset of matching schema. A stale CDN cache was purged globally; content now serves correctly in all regions."
001AF8B5E4DC493,Sato & Dupont Inc.,Prospect,Energy,SMB,Copenhagen,218744764,7922,581930575,CASE-475691,Email,Low,Pending Customer,Workflow Automation,2025-07-16,,Yes,Carlos Tanaka,VP of Engineering,4.0,Carlos Tanaka from Sato & Dupont Inc. opened this case after observing severe latency in the Workflow Automation. Average response times increased from ~200ms to over 4s beginning around 2025-07-14 07:04 UTC. Affects approximately 56 concurrent users in their EMEA region. Customer is understanding and appreciated the quick response and transparency. Support engineer ran a distributed trace; bottleneck identified at the database read replica. Metrics attached to case for engineering review. Pending further investigation; case escalated to Tier-3 Engineering with P1 SLA applied.
0010BD0CF05B158,Nguyen & Hassan GmbH,Customer,Media & Entertainment,Enterprise,Stockholm,217606422,29645,584618850,CASE-884417,Partner Portal,High,In Progress,Identity & Access Module,2024-11-02,,Yes,Priya Larsson,DevOps Lead,4.0,Ticket raised by Priya Larsson (DevOps Lead) at Nguyen & Hassan GmbH regarding intermittent authentication failures on the Identity & Access Module. Approximately 22% of login attempts return a 401 with error ERR-4403. Issue began after they applied their internal SSO policy update on 2024-11-01. Customer tone: very concerned; requested a post-mortem report within 48 hours. Support confirmed SAML assertions are malformed — attribute mapping mismatch in IdP config. Step-by-step remediation guide sent; customer to test in staging before production rollout. A hotfix (v2.4.7) was deployed to production at 03:14 UTC resolving the root cause.
001634818A136DF,Sato & Sato SA,Reseller,Retail,Mid-Market,Berlin,434988914,8450,522345163,CASE-988432,Web,Critical,In Progress,Identity & Access Module,2025-03-31,,Yes,Henrik Rossi,VP of Engineering,4.0,Client in Berlin reported a critical failure in the Identity & Access Module integration causing a invoice generation failures affecting 200+ clients. Error code SSL-HANDSHAKE appears in logs since 2025-03-29 21:40 UTC. Contact Henrik Rossi (VP of Engineering) was frustrated during the call and threatened to escalate to executive sponsor. Initial triage confirmed the issue is environment-specific to their PROD-2 tenant. Reproduction steps provided; engineering queue updated. Workaround provided: client configured batch size to 500 records; permanent fix in sprint 43.
001493740DAFEC2,Andersen & Ferreira Inc.,Partner,Telecommunications,Enterprise,Prague,348004944,19350,576960098,CASE-532005,Partner Portal,Low,Resolved,Mobile SDK,2025-05-23,2025-06-11,Yes,Yuki Andersen,CTO,,"Yuki Andersen (CTO) at Andersen & Ferreira Inc. contacted support regarding an unexpected charge of $4,783 on their June invoice. Customer claims usage reported by the Mobile SDK does not match their internal telemetry. Discrepancy of approximately 13% in API call counts. Finance team has been looped in. Raw usage logs pulled from billing service for 2025-05-22. Preliminary finding: a duplicate event emitter was introduced in v3.3.8 causing double-counting. Credit memo being processed; ETA 3 business days. Pending further investigation; case escalated to Tier-3 Engineering with P1 SLA applied."
0015E00ECF0A803,Okonkwo & Nguyen SA,Partner,Financial Services,Strategic,Oslo,16232174,18421,517863981,CASE-947935,Chat,Medium,Resolved,Workflow Automation,2025-09-09,2025-09-19,Yes,Raj Hassan,IT Director,1.0,Client in Oslo reported a critical failure in the Workflow Automation integration causing a dashboard not loading for all EU users. Error code ERR-4009 appears in logs since 2025-09-06 11:58 UTC. Contact Raj Hassan (IT Director) was very concerned during the call and requested a post-mortem report within 48 hours. Initial triage confirmed the issue is environment-specific to their AP-SOUTH tenant. Reproduction steps provided; engineering queue updated. The customer's IP range was added to the allowlist following security review approval.
001FEB99317734D,Okonkwo & Larsson Corp.,Partner,Financial Services,Mid-Market,Chicago,302816782,12346,576065552,CASE-668458,Web,High,Escalated,Security Manager,2025-03-06,,No,Priya Sato,CTO,,"Customer Priya Sato at Okonkwo & Larsson Corp. (Tier: Mid-Market, Industry: Financial Services) submitted a formal feature request for the Security Manager. Request: ability to export audit logs in CEF format. Business justification: compliance with ISO 27001 audit requirements. Use case documented and forwarded to Product Management. Customer expects a roadmap commitment within 2 quarters. PM acknowledged receipt; item added to the backlog with High priority scoring."
001FD6531E25CBA,Okonkwo & Müller GmbH,Customer,Pharmaceuticals,Strategic,Munich,454950966,34501,558974686,CASE-176054,Web,Low,In Progress,API Gateway,2024-11-10,,Yes,Patrick Patel,IT Director,3.0,"Patrick Patel (IT Director) at Okonkwo & Müller GmbH contacted support regarding an unexpected charge of $5,144 on their May invoice. Customer claims usage reported by the API Gateway does not match their internal telemetry. Discrepancy of approximately 13% in API call counts. Finance team has been looped in. Raw usage logs pulled from billing service for 2024-11-09. Preliminary finding: a duplicate event emitter was introduced in v2.6.7 causing double-counting. Credit memo being processed; ETA 7 business days. The third-party payment gateway's IP whitelist was updated to include the new NAT range."
0017FA30A7F8F80,Tanaka & Patel GmbH,Customer,Media & Entertainment,SMB,Madrid,98254399,39488,552710350,CASE-948095,Partner Portal,High,Resolved,Identity & Access Module,2023-12-26,2024-01-22,Yes,Patrick Kim,Technical Account Manager,4.0,"Inbound escalation from Tanaka & Patel GmbH (Madrid) — Patrick Kim reports the Identity & Access Module has been failing to sync records since 2023-12-23 09:46 UTC. Approximately 22,203 records are stuck in a PENDING state. Error log snippet shared by customer shows ERR-4403 with stack trace pointing to a serialisation issue in the delta-sync processor. Customer is patient but firm and asked for daily status updates. Workaround: manual re-trigger via admin panel unblocks individual batches but is not scalable. Engineering has reproduced the issue in staging with a dataset of matching schema. OAuth token refresh logic was patched; all active sessions re-authenticated successfully."
00118CF7D5F9892,Rossi & Larsson SA,Reseller,Logistics,Mid-Market,Warsaw,235767644,48020,566324902,CASE-274418,Chat,Low,New,Data Sync Engine,2024-11-18,,No,Carlos Johnson,VP of Engineering,3.0,"Customer Carlos Johnson at Rossi & Larsson SA (Tier: Mid-Market, Industry: Logistics) submitted a formal feature request for the Data Sync Engine. Request: ability to receive webhook retries with exponential backoff. Business justification: compliance with HIPAA §164.312 audit requirements. Use case documented and forwarded to Product Management. Customer expects a roadmap commitment within 1 quarters. PM acknowledged receipt; item added to the backlog with Medium priority scoring."
00164FC07F49807,Andersen & Dupont AG,Partner,Automotive,Mid-Market,Bratislava,393481502,4925,583423305,CASE-197627,Web,Low,Pending Customer,Analytics Dashboard,2025-07-13,,Yes,James Okonkwo,Senior Engineer,4.0,James Okonkwo from Andersen & Dupont AG opened this case after observing severe latency in the Analytics Dashboard. Average response times increased from ~200ms to over 12s beginning around 2025-07-13 01:18 UTC. Affects approximately 465 concurrent users in their APAC region. Customer is patient but firm and asked for daily status updates. Support engineer ran a distributed trace; bottleneck identified at the database read replica. Metrics attached to case for engineering review. The database index was rebuilt and query performance restored to baseline.
001397219D6F2D0,Andersen & Kim SA,Reseller,Healthcare,SMB,Berlin,82957968,3582,558429638,CASE-104000,Chat,Critical,Pending Customer,Identity & Access Module,2024-01-25,,Yes,Nadia Novak,Platform Architect,5.0,Client in Berlin reported a critical failure in the Identity & Access Module integration causing a dashboard not loading for all EU users. Error code ERR-4403 appears in logs since 2024-01-22 22:35 UTC. Contact Nadia Novak (Platform Architect) was distressed during the call and mentioned potential contractual penalties if unresolved by EOD. Initial triage confirmed the issue is environment-specific to their EU-WEST tenant. Reproduction steps provided; engineering queue updated. OAuth token refresh logic was patched; all active sessions re-authenticated successfully.
00119803326BF62,Kowalski & Andersen AG,Reseller,Automotive,SMB,Madrid,198821010,12237,569830944,CASE-146784,Web,Low,Escalated,Data Sync Engine,2025-08-27,,No,Omar Kowalski,Head of Operations,3.0,"Inbound escalation from Kowalski & Andersen AG (Madrid) — Omar Kowalski reports the Data Sync Engine has been failing to sync records since 2025-08-27 09:50 UTC. Approximately 18,100 records are stuck in a PENDING state. Error log snippet shared by customer shows SSL-HANDSHAKE with stack trace pointing to a serialisation issue in the delta-sync processor. Customer is escalating and looped in their VP of Engineering on the call. Workaround: manual re-trigger via admin panel unblocks individual batches but is not scalable. Engineering has reproduced the issue in staging with a dataset of matching schema. A hotfix (v2.4.7) was deployed to production at 03:14 UTC resolving the root cause."
0011BEE6A17DCF1,Nguyen & Hassan AB,Partner,Media & Entertainment,Enterprise,Milan,256191367,19595,520597167,CASE-513982,Phone,High,Pending Customer,Data Sync Engine,2024-12-05,,Yes,Aisha Müller,Head of Operations,4.0,"Customer Aisha Müller at Nguyen & Hassan AB (Tier: Enterprise, Industry: Media & Entertainment) submitted a formal feature request for the Data Sync Engine. Request: ability to configure per-user rate limits via API. Business justification: compliance with SOC 2 Type II audit requirements. Use case documented and forwarded to Product Management. Customer expects a roadmap commitment within 2 quarters. PM acknowledged receipt; item added to the backlog with High priority scoring."
001963235D3D747,Okonkwo & Rossi AG,Prospect,Financial Services,Strategic,Milan,460396605,18111,579751366,CASE-580412,Phone,Low,Resolved,Data Sync Engine,2025-06-10,2025-06-22,Yes,Clara Andersen,IT Manager,4.0,"Clara Andersen (IT Manager) at Okonkwo & Rossi AG contacted support regarding an unexpected charge of $2,651 on their April invoice. Customer claims usage reported by the Data Sync Engine does not match their internal telemetry. Discrepancy of approximately 11% in API call counts. Finance team has been looped in. Raw usage logs pulled from billing service for 2025-06-09. Preliminary finding: a duplicate event emitter was introduced in v2.9.1 causing double-counting. Credit memo being processed; ETA 4 business days. The customer's IP range was added to the allowlist following security review approval."
001EA4F09BE8809,Tanaka & Williams Corp.,Partner,Energy,SMB,Warsaw,26962890,48883,573782705,CASE-381631,Web,Critical,Escalated,Mobile SDK,2025-09-21,,Yes,Tom Nguyen,IT Manager,3.0,Client in Warsaw reported a critical failure in the Mobile SDK integration causing a mobile app crashes on launch for iOS 17+. Error code SYNC-FAIL-07 appears in logs since 2025-09-18 01:11 UTC. Contact Tom Nguyen (IT Manager) was understanding during the call and appreciated the quick response and transparency. Initial triage confirmed the issue is environment-specific to their EU-WEST tenant. Reproduction steps provided; engineering queue updated. OAuth token refresh logic was patched; all active sessions re-authenticated successfully.
001F71ABED73E74,Ferreira & García AB,Customer,Technology,Strategic,Milan,277133312,10428,518806960,CASE-426236,Partner Portal,Low,Escalated,Workflow Automation,2024-07-05,,Yes,Luca García,Solutions Architect,5.0,New onboarding case for Ferreira & García AB (Strategic tier). Primary contact: Luca García (Solutions Architect). They are configuring the Workflow Automation for the first time and encountered SSL pinning failures in their mobile build pipeline. Implementation engineer scheduled a 60-minute screenshare for 2024-07-02. Customer provided sandbox credentials; issue reproduced and root cause confirmed. Documentation gap identified — will file internal ticket to update the Quick-Start Guide. Customer confirmed resolution after applying the corrected configuration.
001331D47D93E8D,García & Andersen BV,Customer,Manufacturing,Mid-Market,Munich,366202701,2012,542472381,CASE-490559,Chat,Low,Closed,Identity & Access Module,2023-04-29,2023-05-11,Yes,Maria Larsson,Solutions Architect,4.0,"Maria Larsson (Solutions Architect) at García & Andersen BV contacted support regarding an unexpected charge of $9,815 on their July invoice. Customer claims usage reported by the Identity & Access Module does not match their internal telemetry. Discrepancy of approximately 27% in API call counts. Finance team has been looped in. Raw usage logs pulled from billing service for 2023-04-28. Preliminary finding: a duplicate event emitter was introduced in v3.2.4 causing double-counting. Credit memo being processed; ETA 7 business days. Workaround provided: client configured batch size to 500 records; permanent fix in sprint 43."
001119B746CB58C,Johnson & García SA,Customer,Technology,Enterprise,Paris,255028997,8681,596888739,CASE-281614,Partner Portal,Critical,Closed,Mobile SDK,2023-04-12,2023-04-12,Yes,Carlos Johnson,IT Manager,3.0,"Carlos Johnson (IT Manager) at Johnson & García SA contacted support regarding an unexpected charge of $10,167 on their May invoice. Customer claims usage reported by the Mobile SDK does not match their internal telemetry. Discrepancy of approximately 22% in API call counts. Finance team has been looped in. Raw usage logs pulled from billing service for 2023-04-11. Preliminary finding: a duplicate event emitter was introduced in v3.6.5 causing double-counting. Credit memo being processed; ETA 5 business days. A stale CDN cache was purged globally; content now serves correctly in all regions."
001DF0A901D16BB,Novak & Williams Corp.,Reseller,Telecommunications,SMB,Amsterdam,34772256,22048,547108953,CASE-771712,Web,Medium,New,Integration Hub,2025-03-24,,Yes,Zoe Larsson,DevOps Lead,5.0,Ticket raised by Zoe Larsson (DevOps Lead) at Novak & Williams Corp. regarding intermittent authentication failures on the Integration Hub. Approximately 29% of login attempts return a 401 with error ERR-5500. Issue began after they applied their internal SSO policy update on 2025-03-24. Customer tone: understanding; appreciated the quick response and transparency. Support confirmed SAML assertions are malformed — attribute mapping mismatch in IdP config. Step-by-step remediation guide sent; customer to test in staging before production rollout. The customer's IP range was added to the allowlist following security review approval.
001017D6D1B176C,Kowalski & Kim SA,Customer,Retail,Enterprise,New York,313508467,46414,586778235,CASE-955653,Email,Medium,Closed,Security Manager,2025-04-07,2025-04-19,Yes,Nadia Schmidt,IT Manager,5.0,"Inbound escalation from Kowalski & Kim SA (New York) — Nadia Schmidt reports the Security Manager has been failing to sync records since 2025-04-05 21:08 UTC. Approximately 44,531 records are stuck in a PENDING state. Error log snippet shared by customer shows TIMEOUT-002 with stack trace pointing to a serialisation issue in the delta-sync processor. Customer is distressed and mentioned potential contractual penalties if unresolved by EOD. Workaround: manual re-trigger via admin panel unblocks individual batches but is not scalable. Engineering has reproduced the issue in staging with a dataset of matching schema. The customer's IP range was added to the allowlist following security review approval."
001FE2C63459656,Patel & Okonkwo AG,Prospect,Manufacturing,Mid-Market,Stockholm,226239489,21723,559886371,CASE-373216,Partner Portal,Medium,Closed,Billing Platform,2023-07-19,2023-07-26,No,Tom Novak,Platform Architect,,Ticket raised by Tom Novak (Platform Architect) at Patel & Okonkwo AG regarding intermittent authentication failures on the Billing Platform. Approximately 11% of login attempts return a 401 with error SSL-HANDSHAKE. Issue began after they applied their internal SSO policy update on 2023-07-16. Customer tone: distressed; mentioned potential contractual penalties if unresolved by EOD. Support confirmed SAML assertions are malformed — attribute mapping mismatch in IdP config. Step-by-step remediation guide sent; customer to test in staging before production rollout. Data migration script re-run with corrected field mappings; record integrity confirmed.
00114D0D84711BB,Becker & Müller Inc.,Reseller,Healthcare,Strategic,Singapore,77392880,20744,534207075,CASE-916779,Phone,Low,Pending Customer,Identity & Access Module,2025-10-21,,Yes,Marcus Kim,IT Director,5.0,Marcus Kim from Becker & Müller Inc. opened this case after observing severe latency in the Identity & Access Module. Average response times increased from ~200ms to over 8s beginning around 2025-10-21 21:24 UTC. Affects approximately 334 concurrent users in their EMEA region. Customer is patient but firm and asked for daily status updates. Support engineer ran a distributed trace; bottleneck identified at the database read replica. Metrics attached to case for engineering review. A hotfix (v2.4.7) was deployed to production at 03:14 UTC resolving the root cause.
001D3479CFD8CCD,Becker & Nguyen AB,Partner,Technology,Mid-Market,Lisbon,392769603,24461,511889398,CASE-437864,Partner Portal,High,New,Analytics Dashboard,2023-11-21,,Yes,Clara Becker,Solutions Architect,5.0,"Inbound escalation from Becker & Nguyen AB (Lisbon) — Clara Becker reports the Analytics Dashboard has been failing to sync records since 2023-11-18 02:08 UTC. Approximately 41,570 records are stuck in a PENDING state. Error log snippet shared by customer shows ERR-4009 with stack trace pointing to a serialisation issue in the delta-sync processor. Customer is frustrated and threatened to escalate to executive sponsor. Workaround: manual re-trigger via admin panel unblocks individual batches but is not scalable. Engineering has reproduced the issue in staging with a dataset of matching schema. OAuth token refresh logic was patched; all active sessions re-authenticated successfully."
0017E1730025258,Rossi & Müller SA,Prospect,Logistics,SMB,Toronto,233322246,45018,527956913,CASE-459381,Chat,Medium,Resolved,Analytics Dashboard,2023-07-30,2023-08-22,Yes,Fatima Patel,DevOps Lead,1.0,"Inbound escalation from Rossi & Müller SA (Toronto) — Fatima Patel reports the Analytics Dashboard has been failing to sync records since 2023-07-27 16:37 UTC. Approximately 1,753 records are stuck in a PENDING state. Error log snippet shared by customer shows ERR-4009 with stack trace pointing to a serialisation issue in the delta-sync processor. Customer is professional and requested SLA credit per the MSA terms. Workaround: manual re-trigger via admin panel unblocks individual batches but is not scalable. Engineering has reproduced the issue in staging with a dataset of matching schema. OAuth token refresh logic was patched; all active sessions re-authenticated successfully."
0012C8AB2ED2C24,Nguyen & Andersen S.r.l.,Customer,Manufacturing,Mid-Market,Chicago,351381441,1303,516473999,CASE-823255,Phone,Low,New,API Gateway,2025-10-30,,No,Patrick Müller,Technical Account Manager,4.0,Client in Chicago reported a critical failure in the API Gateway integration causing a report exports timing out for datasets > 50k rows. Error code ERR-3301 appears in logs since 2025-10-29 03:23 UTC. Contact Patrick Müller (Technical Account Manager) was very concerned during the call and requested a post-mortem report within 48 hours. Initial triage confirmed the issue is environment-specific to their PROD-2 tenant. Reproduction steps provided; engineering queue updated. Workaround provided: client configured batch size to 500 records; permanent fix in sprint 43.
001510D1EE59EAD,Williams & Tanaka AB,Customer,Retail,Enterprise,Milan,152277041,7481,524262473,CASE-621917,Email,High,Resolved,Billing Platform,2025-05-11,2025-06-03,Yes,Tom Williams,VP of Engineering,5.0,"Tom Williams (VP of Engineering) at Williams & Tanaka AB contacted support regarding an unexpected charge of $3,504 on their May invoice. Customer claims usage reported by the Billing Platform does not match their internal telemetry. Discrepancy of approximately 31% in API call counts. Finance team has been looped in. Raw usage logs pulled from billing service for 2025-05-11. Preliminary finding: a duplicate event emitter was introduced in v3.2.0 causing double-counting. Credit memo being processed; ETA 6 business days. SSL certificate renewed and propagated across all edge nodes within the maintenance window."
001BB297495FAFD,Sato & Kowalski Inc.,Customer,Media & Entertainment,Strategic,Amsterdam,486249735,16780,596481420,CASE-342389,Chat,Medium,New,Workflow Automation,2024-04-25,,Yes,Luca Dupont,VP of Engineering,4.0,New onboarding case for Sato & Kowalski Inc. (Strategic tier). Primary contact: Luca Dupont (VP of Engineering). They are configuring the Workflow Automation for the first time and encountered CORS policy errors when calling the API from their SPA. Implementation engineer scheduled a 60-minute screenshare for 2024-04-25. Customer provided sandbox credentials; issue reproduced and root cause confirmed. Documentation gap identified — will file internal ticket to update the Quick-Start Guide. Customer confirmed resolution after applying the corrected configuration.
001526FC9507698,Müller & Schmidt Inc.,Prospect,Manufacturing,Enterprise,London,472127961,48052,522475714,CASE-490722,Web,High,Pending Customer,Billing Platform,2025-01-07,,Yes,Sophie Dupont,IT Director,4.0,Ticket raised by Sophie Dupont (IT Director) at Müller & Schmidt Inc. regarding intermittent authentication failures on the Billing Platform. Approximately 63% of login attempts return a 401 with error ERR-3301. Issue began after they applied their internal SSO policy update on 2025-01-05. Customer tone: professional; requested SLA credit per the MSA terms. Support confirmed SAML assertions are malformed — attribute mapping mismatch in IdP config. Step-by-step remediation guide sent; customer to test in staging before production rollout. Root cause traced to a race condition in the async queue; a mutex lock was introduced.
0011EA04348914B,Dupont & Becker Corp.,Reseller,Telecommunications,Strategic,Toronto,97813520,40073,560969286,CASE-917012,Web,Critical,Closed,Analytics Dashboard,2023-08-20,2023-09-07,Yes,Maria Patel,Solutions Architect,4.0,New onboarding case for Dupont & Becker Corp. (Strategic tier). Primary contact: Maria Patel (Solutions Architect). They are configuring the Analytics Dashboard for the first time and encountered missing permissions on the service account used for integration. Implementation engineer scheduled a 60-minute screenshare for 2023-08-19. Customer provided sandbox credentials; issue reproduced and root cause confirmed. Documentation gap identified — will file internal ticket to update the Quick-Start Guide. Customer confirmed resolution after applying the corrected configuration.
0015784432D9ADC,Sato & Sato Ltd.,Customer,Energy,Strategic,London,232883450,43376,543363439,CASE-605339,Web,Low,Closed,API Gateway,2023-05-10,2023-05-26,Yes,James Hassan,Senior Engineer,5.0,"James Hassan (Senior Engineer) at Sato & Sato Ltd. contacted support regarding an unexpected charge of $14,815 on their July invoice. Customer claims usage reported by the API Gateway does not match their internal telemetry. Discrepancy of approximately 8% in API call counts. Finance team has been looped in. Raw usage logs pulled from billing service for 2023-05-08. Preliminary finding: a duplicate event emitter was introduced in v2.2.8 causing double-counting. Credit memo being processed; ETA 5 business days. SSL certificate renewed and propagated across all edge nodes within the maintenance window."
001B24F211A50DA,Novak & Nguyen AB,Reseller,Healthcare,Strategic,Madrid,47755301,32676,570004467,CASE-431414,Phone,Low,Pending Customer,Workflow Automation,2024-05-08,,Yes,Marcus Johnson,Platform Architect,,Client in Madrid reported a critical failure in the Workflow Automation integration causing a duplicate records being created in the CRM. Error code ERR-5021 appears in logs since 2024-05-06 08:03 UTC. Contact Marcus Johnson (Platform Architect) was professional during the call and requested SLA credit per the MSA terms. Initial triage confirmed the issue is environment-specific to their EU-WEST tenant. Reproduction steps provided; engineering queue updated. Engineering identified a misconfigured load-balancer rule; it was corrected and verified.
001286AF15A44F9,Ferreira & Okonkwo S.r.l.,Prospect,Insurance,SMB,Singapore,384853134,29667,525303956,CASE-202170,Email,Critical,Closed,Integration Hub,2024-02-28,2024-03-14,Yes,Maria Johnson,Technical Account Manager,3.0,"Maria Johnson (Technical Account Manager) at Ferreira & Okonkwo S.r.l. contacted support regarding an unexpected charge of $13,796 on their May invoice. Customer claims usage reported by the Integration Hub does not match their internal telemetry. Discrepancy of approximately 40% in API call counts. Finance team has been looped in. Raw usage logs pulled from billing service for 2024-02-25. Preliminary finding: a duplicate event emitter was introduced in v4.5.1 causing double-counting. Credit memo being processed; ETA 2 business days. The database index was rebuilt and query performance restored to baseline."
00156569AE47E72,Ferreira & García BV,Customer,Manufacturing,Strategic,Brussels,415042282,29534,571389561,CASE-790441,Partner Portal,High,New,Data Sync Engine,2024-06-04,,No,Omar García,VP of Engineering,,New onboarding case for Ferreira & García BV (Strategic tier). Primary contact: Omar García (VP of Engineering). They are configuring the Data Sync Engine for the first time and encountered SSL pinning failures in their mobile build pipeline. Implementation engineer scheduled a 60-minute screenshare for 2024-06-03. Customer provided sandbox credentials; issue reproduced and root cause confirmed. Documentation gap identified — will file internal ticket to update the Quick-Start Guide. Customer confirmed resolution after applying the corrected configuration.
001BF7D2ECF8ACA,Dupont & Nguyen Corp.,Reseller,Financial Services,Strategic,Chicago,327450997,45394,543318046,CASE-386886,Chat,Medium,Pending Customer,Security Manager,2025-09-16,,Yes,Yuki Tanaka,Technical Account Manager,4.0,Ticket raised by Yuki Tanaka (Technical Account Manager) at Dupont & Nguyen Corp. regarding intermittent authentication failures on the Security Manager. Approximately 22% of login attempts return a 401 with error AUTH-401. Issue began after they applied their internal SSO policy update on 2025-09-15. Customer tone: patient but firm; asked for daily status updates. Support confirmed SAML assertions are malformed — attribute mapping mismatch in IdP config. Step-by-step remediation guide sent; customer to test in staging before production rollout. Data migration script re-run with corrected field mappings; record integrity confirmed.
0019A02AE7A0EC1,Larsson & Tanaka Inc.,Prospect,Media & Entertainment,SMB,Toronto,381867718,7573,557276557,CASE-689593,Chat,Low,Closed,Integration Hub,2024-10-04,2024-10-26,Yes,Clara Kim,Head of Operations,4.0,"Clara Kim (Head of Operations) at Larsson & Tanaka Inc. contacted support regarding an unexpected charge of $13,443 on their March invoice. Customer claims usage reported by the Integration Hub does not match their internal telemetry. Discrepancy of approximately 38% in API call counts. Finance team has been looped in. Raw usage logs pulled from billing service for 2024-10-03. Preliminary finding: a duplicate event emitter was introduced in v2.0.6 causing double-counting. Credit memo being processed; ETA 3 business days. A hotfix (v2.4.7) was deployed to production at 03:14 UTC resolving the root cause."
001017E9A678F8B,Kim & García S.r.l.,Customer,Financial Services,Mid-Market,Sydney,331270909,44281,585414925,CASE-335203,Partner Portal,Low,Pending Customer,Billing Platform,2023-11-26,,Yes,Ahmed Müller,CTO,5.0,Ticket raised by Ahmed Müller (CTO) at Kim & García S.r.l. regarding intermittent authentication failures on the Billing Platform. Approximately 11% of login attempts return a 401 with error AUTH-401. Issue began after they applied their internal SSO policy update on 2023-11-24. Customer tone: understanding; appreciated the quick response and transparency. Support confirmed SAML assertions are malformed — attribute mapping mismatch in IdP config. Step-by-step remediation guide sent; customer to test in staging before production rollout. Root cause traced to a race condition in the async queue; a mutex lock was introduced.
0019AEC528B22F4,Ferreira & Johnson BV,Partner,Automotive,SMB,Budapest,417190610,47517,535970823,CASE-408467,Chat,High,Resolved,Integration Hub,2023-04-21,2023-05-14,Yes,Carlos Williams,Technical Account Manager,1.0,"Carlos Williams (Technical Account Manager) at Ferreira & Johnson BV contacted support regarding an unexpected charge of $3,047 on their July invoice. Customer claims usage reported by the Integration Hub does not match their internal telemetry. Discrepancy of approximately 12% in API call counts. Finance team has been looped in. Raw usage logs pulled from billing service for 2023-04-21. Preliminary finding: a duplicate event emitter was introduced in v3.0.6 causing double-counting. Credit memo being processed; ETA 4 business days. The customer's IP range was added to the allowlist following security review approval."
001C293BD3EC742,Müller & Tanaka BV,Prospect,Manufacturing,Mid-Market,Vienna,263862530,37540,583841249,CASE-475479,Phone,Medium,Closed,Security Manager,2024-06-06,2024-06-30,Yes,Patrick Tanaka,Technical Account Manager,1.0,Client in Vienna reported a critical failure in the Security Manager integration causing a audit logs missing entries for the past 48 hours. Error code DB-CONN-ERR appears in logs since 2024-06-06 10:29 UTC. Contact Patrick Tanaka (Technical Account Manager) was very concerned during the call and requested a post-mortem report within 48 hours. Initial triage confirmed the issue is environment-specific to their US-EAST tenant. Reproduction steps provided; engineering queue updated. Root cause traced to a race condition in the async queue; a mutex lock was introduced.
001761E1099D117,Larsson & Kim Ltd.,Customer,Pharmaceuticals,Strategic,Oslo,62090877,43849,556440312,CASE-567315,Email,High,Resolved,Data Sync Engine,2024-12-16,2024-12-31,Yes,Daniel Okonkwo,Technical Account Manager,5.0,"Daniel Okonkwo (Technical Account Manager) at Larsson & Kim Ltd. contacted support regarding an unexpected charge of $14,710 on their May invoice. Customer claims usage reported by the Data Sync Engine does not match their internal telemetry. Discrepancy of approximately 29% in API call counts. Finance team has been looped in. Raw usage logs pulled from billing service for 2024-12-15. Preliminary finding: a duplicate event emitter was introduced in v2.6.4 causing double-counting. Credit memo being processed; ETA 6 business days. Workaround provided: client configured batch size to 500 records; permanent fix in sprint 43."
0015F20DB9F1FF4,Okonkwo & Hassan AG,Customer,Financial Services,SMB,Stockholm,337082134,4300,538290610,CASE-802897,Email,Low,Resolved,Integration Hub,2025-11-07,2025-12-07,Yes,Fatima García,VP of Engineering,2.0,Fatima García from Okonkwo & Hassan AG opened this case after observing severe latency in the Integration Hub. Average response times increased from ~200ms to over 13s beginning around 2025-11-04 15:02 UTC. Affects approximately 428 concurrent users in their EMEA region. Customer is professional and requested SLA credit per the MSA terms. Support engineer ran a distributed trace; bottleneck identified at the database read replica. Metrics attached to case for engineering review. Workaround provided: client configured batch size to 500 records; permanent fix in sprint 43.
001F1D6A6FF49CD,Andersen & Novak AG,Reseller,Manufacturing,Enterprise,Sydney,208823419,29574,594586329,CASE-524094,Chat,Medium,Escalated,Reporting Suite,2024-11-10,,Yes,Maria Patel,Technical Account Manager,4.0,New onboarding case for Andersen & Novak AG (Enterprise tier). Primary contact: Maria Patel (Technical Account Manager). They are configuring the Reporting Suite for the first time and encountered CORS policy errors when calling the API from their SPA. Implementation engineer scheduled a 60-minute screenshare for 2024-11-10. Customer provided sandbox credentials; issue reproduced and root cause confirmed. Documentation gap identified — will file internal ticket to update the Quick-Start Guide. Customer confirmed resolution after applying the corrected configuration.
001478C37ADFC1B,Kim & Kim Corp.,Reseller,Financial Services,Enterprise,Oslo,212624814,43311,514136476,CASE-597012,Email,High,Pending Customer,Security Manager,2023-04-04,,Yes,Marcus Dupont,VP of Engineering,4.0,Ticket raised by Marcus Dupont (VP of Engineering) at Kim & Kim Corp. regarding intermittent authentication failures on the Security Manager. Approximately 23% of login attempts return a 401 with error ERR-3301. Issue began after they applied their internal SSO policy update on 2023-04-04. Customer tone: understanding; appreciated the quick response and transparency. Support confirmed SAML assertions are malformed — attribute mapping mismatch in IdP config. Step-by-step remediation guide sent; customer to test in staging before production rollout. Pending further investigation; case escalated to Tier-3 Engineering with P1 SLA applied.
00113A52F5B5999,Nguyen & Novak S.r.l.,Prospect,Automotive,SMB,Chicago,114175405,27053,596695458,CASE-992819,Partner Portal,High,Closed,API Gateway,2023-10-17,2023-10-23,Yes,Raj Williams,VP of Engineering,1.0,Ticket raised by Raj Williams (VP of Engineering) at Nguyen & Novak S.r.l. regarding intermittent authentication failures on the API Gateway. Approximately 37% of login attempts return a 401 with error ERR-4009. Issue began after they applied their internal SSO policy update on 2023-10-17. Customer tone: escalating; looped in their VP of Engineering on the call. Support confirmed SAML assertions are malformed — attribute mapping mismatch in IdP config. Step-by-step remediation guide sent; customer to test in staging before production rollout. Engineering identified a misconfigured load-balancer rule; it was corrected and verified.
001317CC28BEC9F,Dupont & García Corp.,Partner,Automotive,Enterprise,Madrid,54211282,18696,593150000,CASE-173199,Email,Medium,In Progress,Integration Hub,2025-08-02,,No,Luca Andersen,Solutions Architect,4.0,Ticket raised by Luca Andersen (Solutions Architect) at Dupont & García Corp. regarding intermittent authentication failures on the Integration Hub. Approximately 44% of login attempts return a 401 with error SSL-HANDSHAKE. Issue began after they applied their internal SSO policy update on 2025-08-02. Customer tone: critical; stated this is blocking their go-live scheduled for next Friday. Support confirmed SAML assertions are malformed — attribute mapping mismatch in IdP config. Step-by-step remediation guide sent; customer to test in staging before production rollout. The database index was rebuilt and query performance restored to baseline.
0012B765C409728,Becker & Andersen BV,Reseller,Insurance,SMB,Bratislava,248989828,29196,558149482,CASE-912402,Web,Low,Escalated,Workflow Automation,2025-05-27,,Yes,Priya Johnson,IT Director,1.0,"Customer Priya Johnson at Becker & Andersen BV (Tier: SMB, Industry: Insurance) submitted a formal feature request for the Workflow Automation. Request: ability to set custom session timeout policies per role group. Business justification: compliance with PCI-DSS 4.0 audit requirements. Use case documented and forwarded to Product Management. Customer expects a roadmap commitment within 1 quarters. PM acknowledged receipt; item added to the backlog with Medium priority scoring."
001F3E7A082E65F,Sato & Sato AB,Prospect,Pharmaceuticals,Mid-Market,Milan,292272871,35378,573364719,CASE-785672,Email,Medium,New,Billing Platform,2023-06-06,,No,Marcus Schmidt,Technical Account Manager,2.0,Marcus Schmidt from Sato & Sato AB opened this case after observing severe latency in the Billing Platform. Average response times increased from ~200ms to over 5s beginning around 2023-06-06 00:54 UTC. Affects approximately 247 concurrent users in their AMER region. Customer is understanding and appreciated the quick response and transparency. Support engineer ran a distributed trace; bottleneck identified at the database read replica. Metrics attached to case for engineering review. The customer's IP range was added to the allowlist following security review approval.
001B21D4963927C,Tanaka & Ferreira Inc.,Partner,Energy,SMB,Paris,395593938,47982,574894729,CASE-476224,Phone,High,Resolved,Integration Hub,2023-01-22,2023-02-21,No,Yuki Hassan,IT Director,2.0,"Yuki Hassan (IT Director) at Tanaka & Ferreira Inc. contacted support regarding an unexpected charge of $1,229 on their May invoice. Customer claims usage reported by the Integration Hub does not match their internal telemetry. Discrepancy of approximately 28% in API call counts. Finance team has been looped in. Raw usage logs pulled from billing service for 2023-01-21. Preliminary finding: a duplicate event emitter was introduced in v2.0.3 causing double-counting. Credit memo being processed; ETA 6 business days. The third-party payment gateway's IP whitelist was updated to include the new NAT range."
00153CCFA5D957C,Andersen & Sato S.r.l.,Reseller,Telecommunications,Strategic,Prague,196617212,38524,597689346,CASE-976052,Phone,Medium,Closed,API Gateway,2023-03-23,2023-04-04,No,Marcus Andersen,Technical Account Manager,2.0,Marcus Andersen from Andersen & Sato S.r.l. opened this case after observing severe latency in the API Gateway. Average response times increased from ~200ms to over 8s beginning around 2023-03-21 03:45 UTC. Affects approximately 428 concurrent users in their APAC region. Customer is professional and requested SLA credit per the MSA terms. Support engineer ran a distributed trace; bottleneck identified at the database read replica. Metrics attached to case for engineering review. SSL certificate renewed and propagated across all edge nodes within the maintenance window.
0019DA558D2450E,Andersen & García Inc.,Customer,Insurance,Enterprise,Brussels,355430539,15105,565648506,CASE-950576,Web,Critical,Resolved,Integration Hub,2023-10-12,2023-10-23,No,Luca Hassan,IT Director,5.0,Luca Hassan from Andersen & García Inc. opened this case after observing severe latency in the Integration Hub. Average response times increased from ~200ms to over 10s beginning around 2023-10-09 05:14 UTC. Affects approximately 117 concurrent users in their AMER region. Customer is distressed and mentioned potential contractual penalties if unresolved by EOD. Support engineer ran a distributed trace; bottleneck identified at the database read replica. Metrics attached to case for engineering review. The database index was rebuilt and query performance restored to baseline.
001C4FC1C09333B,Hassan & Müller Corp.,Partner,Energy,Enterprise,Tokyo,277869357,26581,590444404,CASE-690982,Phone,Medium,Escalated,Identity & Access Module,2023-03-30,,Yes,Yuki Tanaka,IT Director,2.0,Client in Tokyo reported a critical failure in the Identity & Access Module integration causing a two-factor authentication codes not being delivered. Error code SYNC-FAIL-07 appears in logs since 2023-03-29 18:37 UTC. Contact Yuki Tanaka (IT Director) was distressed during the call and mentioned potential contractual penalties if unresolved by EOD. Initial triage confirmed the issue is environment-specific to their PROD-2 tenant. Reproduction steps provided; engineering queue updated. The database index was rebuilt and query performance restored to baseline.
001567C4A360741,Ferreira & Williams Corp.,Partner,Energy,Mid-Market,Zurich,58788137,1095,537158762,CASE-648102,Partner Portal,Low,Pending Customer,Security Manager,2024-01-08,,Yes,Zoe Okonkwo,VP of Engineering,5.0,Zoe Okonkwo from Ferreira & Williams Corp. opened this case after observing severe latency in the Security Manager. Average response times increased from ~200ms to over 5s beginning around 2024-01-06 05:46 UTC. Affects approximately 253 concurrent users in their AMER region. Customer is very concerned and requested a post-mortem report within 48 hours. Support engineer ran a distributed trace; bottleneck identified at the database read replica. Metrics attached to case for engineering review. Data migration script re-run with corrected field mappings; record integrity confirmed.
001D93174588123,Hassan & Becker BV,Partner,Pharmaceuticals,Enterprise,Berlin,431231637,31606,561168696,CASE-467544,Partner Portal,Critical,Pending Customer,Data Sync Engine,2025-09-14,,No,James Becker,CTO,1.0,"Customer James Becker at Hassan & Becker BV (Tier: Enterprise, Industry: Pharmaceuticals) submitted a formal feature request for the Data Sync Engine. Request: ability to bulk-archive inactive records. Business justification: compliance with HIPAA §164.312 audit requirements. Use case documented and forwarded to Product Management. Customer expects a roadmap commitment within 2 quarters. PM acknowledged receipt; item added to the backlog with High priority scoring."
0013724CDDF085A,Hassan & Dupont S.r.l.,Prospect,Insurance,Strategic,Stockholm,219997030,23751,524305357,CASE-262297,Chat,Medium,In Progress,Billing Platform,2024-01-23,,Yes,James Sato,CTO,5.0,"Inbound escalation from Hassan & Dupont S.r.l. (Stockholm) — James Sato reports the Billing Platform has been failing to sync records since 2024-01-23 22:47 UTC. Approximately 37,506 records are stuck in a PENDING state. Error log snippet shared by customer shows TIMEOUT-002 with stack trace pointing to a serialisation issue in the delta-sync processor. Customer is professional and requested SLA credit per the MSA terms. Workaround: manual re-trigger via admin panel unblocks individual batches but is not scalable. Engineering has reproduced the issue in staging with a dataset of matching schema. Data migration script re-run with corrected field mappings; record integrity confirmed."
001192798FA63E3,Kowalski & Andersen SA,Reseller,Automotive,Strategic,Vienna,395520187,9058,598487446,CASE-224870,Email,Low,Closed,Identity & Access Module,2025-04-26,2025-05-20,Yes,Aisha Novak,Technical Account Manager,,Ticket raised by Aisha Novak (Technical Account Manager) at Kowalski & Andersen SA regarding intermittent authentication failures on the Identity & Access Module. Approximately 70% of login attempts return a 401 with error AUTH-401. Issue began after they applied their internal SSO policy update on 2025-04-23. Customer tone: escalating; looped in their VP of Engineering on the call. Support confirmed SAML assertions are malformed — attribute mapping mismatch in IdP config. Step-by-step remediation guide sent; customer to test in staging before production rollout. The third-party payment gateway's IP whitelist was updated to include the new NAT range.
001F4AC29E62CC2,Williams & Becker AG,Customer,Insurance,Enterprise,Oslo,327469880,2484,561583363,CASE-520106,Partner Portal,Medium,Escalated,Analytics Dashboard,2025-03-07,,Yes,Ahmed Kowalski,VP of Engineering,1.0,Ticket raised by Ahmed Kowalski (VP of Engineering) at Williams & Becker AG regarding intermittent authentication failures on the Analytics Dashboard. Approximately 61% of login attempts return a 401 with error ERR-5021. Issue began after they applied their internal SSO policy update on 2025-03-07. Customer tone: distressed; mentioned potential contractual penalties if unresolved by EOD. Support confirmed SAML assertions are malformed — attribute mapping mismatch in IdP config. Step-by-step remediation guide sent; customer to test in staging before production rollout. OAuth token refresh logic was patched; all active sessions re-authenticated successfully.
001AB947BE3CD7B,Larsson & Johnson GmbH,Prospect,Pharmaceuticals,SMB,Sydney,360022075,25906,564418707,CASE-714549,Email,Critical,Pending Customer,Identity & Access Module,2023-03-10,,Yes,Zoe Müller,IT Director,,Client in Sydney reported a critical failure in the Identity & Access Module integration causing a API response times exceeding 12 seconds. Error code DB-CONN-ERR appears in logs since 2023-03-09 19:10 UTC. Contact Zoe Müller (IT Director) was understanding during the call and appreciated the quick response and transparency. Initial triage confirmed the issue is environment-specific to their AP-SOUTH tenant. Reproduction steps provided; engineering queue updated. The third-party payment gateway's IP whitelist was updated to include the new NAT range.
0018A02D0CC4F3C,Dupont & Novak AG,Prospect,Retail,Mid-Market,Vienna,470859611,35262,587160950,CASE-362292,Chat,Low,New,Reporting Suite,2025-04-07,,No,Ingrid Hassan,Head of Operations,2.0,Ticket raised by Ingrid Hassan (Head of Operations) at Dupont & Novak AG regarding intermittent authentication failures on the Reporting Suite. Approximately 63% of login attempts return a 401 with error SYNC-FAIL-07. Issue began after they applied their internal SSO policy update on 2025-04-07. Customer tone: critical; stated this is blocking their go-live scheduled for next Friday. Support confirmed SAML assertions are malformed — attribute mapping mismatch in IdP config. Step-by-step remediation guide sent; customer to test in staging before production rollout. Data migration script re-run with corrected field mappings; record integrity confirmed.
0015A2A00D48348,Okonkwo & Becker BV,Prospect,Telecommunications,Enterprise,Munich,133782290,18837,522483514,CASE-518309,Web,Critical,Closed,Billing Platform,2023-05-19,2023-05-19,Yes,Priya Johnson,Head of Operations,4.0,"Priya Johnson (Head of Operations) at Okonkwo & Becker BV contacted support regarding an unexpected charge of $5,342 on their May invoice. Customer claims usage reported by the Billing Platform does not match their internal telemetry. Discrepancy of approximately 18% in API call counts. Finance team has been looped in. Raw usage logs pulled from billing service for 2023-05-16. Preliminary finding: a duplicate event emitter was introduced in v4.4.2 causing double-counting. Credit memo being processed; ETA 7 business days. Pending further investigation; case escalated to Tier-3 Engineering with P1 SLA applied."
00127FA45D15E3B,Williams & Larsson Inc.,Reseller,Telecommunications,Mid-Market,Amsterdam,330045849,444,582675403,CASE-144316,Chat,Medium,New,Identity & Access Module,2024-05-10,,Yes,Carlos Johnson,VP of Engineering,4.0,Client in Amsterdam reported a critical failure in the Identity & Access Module integration causing a webhook events not firing for payment completions. Error code ERR-5500 appears in logs since 2024-05-08 06:14 UTC. Contact Carlos Johnson (VP of Engineering) was understanding during the call and appreciated the quick response and transparency. Initial triage confirmed the issue is environment-specific to their AP-SOUTH tenant. Reproduction steps provided; engineering queue updated. Root cause traced to a race condition in the async queue; a mutex lock was introduced.
0015DF447C87733,Larsson & Nguyen Inc.,Reseller,Insurance,Mid-Market,Zurich,169963983,45178,511129926,CASE-112394,Email,Low,Resolved,API Gateway,2025-12-12,2026-01-03,Yes,Maria Hassan,Solutions Architect,3.0,Client in Zurich reported a critical failure in the API Gateway integration causing a two-factor authentication codes not being delivered. Error code ERR-3301 appears in logs since 2025-12-09 15:34 UTC. Contact Maria Hassan (Solutions Architect) was critical during the call and stated this is blocking their go-live scheduled for next Friday. Initial triage confirmed the issue is environment-specific to their US-EAST tenant. Reproduction steps provided; engineering queue updated. The customer's IP range was added to the allowlist following security review approval.
00168653886BD8B,Becker & Larsson BV,Partner,Retail,SMB,Vienna,309680052,44968,540677709,CASE-953740,Phone,Medium,In Progress,Reporting Suite,2024-12-03,,Yes,Ingrid García,IT Manager,5.0,Ticket raised by Ingrid García (IT Manager) at Becker & Larsson BV regarding intermittent authentication failures on the Reporting Suite. Approximately 53% of login attempts return a 401 with error ERR-4009. Issue began after they applied their internal SSO policy update on 2024-12-01. Customer tone: professional; requested SLA credit per the MSA terms. Support confirmed SAML assertions are malformed — attribute mapping mismatch in IdP config. Step-by-step remediation guide sent; customer to test in staging before production rollout. The database index was rebuilt and query performance restored to baseline.
001EF1616FCF703,Novak & Okonkwo Sp. z o.o.,Customer,Manufacturing,Strategic,Chicago,214390395,6496,531923376,CASE-162952,Email,Medium,Resolved,API Gateway,2023-12-28,2024-01-14,No,Henrik Hassan,DevOps Lead,5.0,Ticket raised by Henrik Hassan (DevOps Lead) at Novak & Okonkwo Sp. z o.o. regarding intermittent authentication failures on the API Gateway. Approximately 62% of login attempts return a 401 with error TIMEOUT-002. Issue began after they applied their internal SSO policy update on 2023-12-25. Customer tone: very concerned; requested a post-mortem report within 48 hours. Support confirmed SAML assertions are malformed — attribute mapping mismatch in IdP config. Step-by-step remediation guide sent; customer to test in staging before production rollout. A stale CDN cache was purged globally; content now serves correctly in all regions.
0018F1625F6EBDD,García & Sato Corp.,Prospect,Logistics,SMB,Warsaw,175031518,44128,578510704,CASE-611174,Chat,Critical,Escalated,Workflow Automation,2023-02-10,,No,Zoe Williams,Head of Operations,5.0,Zoe Williams from García & Sato Corp. opened this case after observing severe latency in the Workflow Automation. Average response times increased from ~200ms to over 10s beginning around 2023-02-07 03:22 UTC. Affects approximately 333 concurrent users in their EMEA region. Customer is understanding and appreciated the quick response and transparency. Support engineer ran a distributed trace; bottleneck identified at the database read replica. Metrics attached to case for engineering review. The database index was rebuilt and query performance restored to baseline.
0019465DACD0222,Okonkwo & Okonkwo SA,Prospect,Logistics,Strategic,Tokyo,477075909,29166,558743159,CASE-884225,Partner Portal,Low,Pending Customer,Security Manager,2025-04-08,,No,Daniel Johnson,DevOps Lead,1.0,"Daniel Johnson (DevOps Lead) at Okonkwo & Okonkwo SA contacted support regarding an unexpected charge of $3,212 on their March invoice. Customer claims usage reported by the Security Manager does not match their internal telemetry. Discrepancy of approximately 13% in API call counts. Finance team has been looped in. Raw usage logs pulled from billing service for 2025-04-08. Preliminary finding: a duplicate event emitter was introduced in v4.3.4 causing double-counting. Credit memo being processed; ETA 7 business days. Workaround provided: client configured batch size to 500 records; permanent fix in sprint 43."
001029F047944AB,Müller & Schmidt AB,Prospect,Healthcare,Mid-Market,Chicago,332341078,10186,521316066,CASE-786641,Chat,Medium,New,Analytics Dashboard,2025-03-24,,Yes,Isabella Novak,Head of Operations,2.0,New onboarding case for Müller & Schmidt AB (Mid-Market tier). Primary contact: Isabella Novak (Head of Operations). They are configuring the Analytics Dashboard for the first time and encountered difficulty mapping their existing data schema to our object model. Implementation engineer scheduled a 60-minute screenshare for 2025-03-24. Customer provided sandbox credentials; issue reproduced and root cause confirmed. Documentation gap identified — will file internal ticket to update the Quick-Start Guide. Customer confirmed resolution after applying the corrected configuration.
001886678D12951,Okonkwo & Kowalski Sp. z o.o.,Partner,Automotive,Mid-Market,Lisbon,375033430,35352,533761455,CASE-719531,Partner Portal,Low,Pending Customer,Analytics Dashboard,2025-12-14,,No,Zoe Larsson,Head of Operations,5.0,Ticket raised by Zoe Larsson (Head of Operations) at Okonkwo & Kowalski Sp. z o.o. regarding intermittent authentication failures on the Analytics Dashboard. Approximately 49% of login attempts return a 401 with error SYNC-FAIL-07. Issue began after they applied their internal SSO policy update on 2025-12-13. Customer tone: understanding; appreciated the quick response and transparency. Support confirmed SAML assertions are malformed — attribute mapping mismatch in IdP config. Step-by-step remediation guide sent; customer to test in staging before production rollout. The customer's IP range was added to the allowlist following security review approval.
001E73EE8FB0984,Schmidt & Hassan Inc.,Customer,Healthcare,Strategic,Zurich,369743684,32249,574030858,CASE-414164,Phone,Low,Resolved,Billing Platform,2025-01-19,2025-02-03,Yes,Fatima Schmidt,Senior Engineer,5.0,Ticket raised by Fatima Schmidt (Senior Engineer) at Schmidt & Hassan Inc. regarding intermittent authentication failures on the Billing Platform. Approximately 5% of login attempts return a 401 with error DB-CONN-ERR. Issue began after they applied their internal SSO policy update on 2025-01-16. Customer tone: escalating; looped in their VP of Engineering on the call. Support confirmed SAML assertions are malformed — attribute mapping mismatch in IdP config. Step-by-step remediation guide sent; customer to test in staging before production rollout. The third-party payment gateway's IP whitelist was updated to include the new NAT range.
0013C771D6E69A3,Nguyen & Johnson SA,Prospect,Energy,Strategic,Amsterdam,153334720,42507,581396350,CASE-948097,Web,Low,In Progress,Mobile SDK,2024-05-26,,Yes,Henrik Nguyen,VP of Engineering,,"Inbound escalation from Nguyen & Johnson SA (Amsterdam) — Henrik Nguyen reports the Mobile SDK has been failing to sync records since 2024-05-25 22:47 UTC. Approximately 9,453 records are stuck in a PENDING state. Error log snippet shared by customer shows ERR-3301 with stack trace pointing to a serialisation issue in the delta-sync processor. Customer is patient but firm and asked for daily status updates. Workaround: manual re-trigger via admin panel unblocks individual batches but is not scalable. Engineering has reproduced the issue in staging with a dataset of matching schema. Engineering identified a misconfigured load-balancer rule; it was corrected and verified."
00167BFCC10FDB3,Novak & Schmidt Inc.,Reseller,Telecommunications,Strategic,Tokyo,390862639,547,541247296,CASE-194578,Email,Critical,In Progress,Billing Platform,2025-10-04,,No,Ahmed Müller,VP of Engineering,2.0,Ticket raised by Ahmed Müller (VP of Engineering) at Novak & Schmidt Inc. regarding intermittent authentication failures on the Billing Platform. Approximately 58% of login attempts return a 401 with error ERR-3301. Issue began after they applied their internal SSO policy update on 2025-10-03. Customer tone: critical; stated this is blocking their go-live scheduled for next Friday. Support confirmed SAML assertions are malformed — attribute mapping mismatch in IdP config. Step-by-step remediation guide sent; customer to test in staging before production rollout. SSL certificate renewed and propagated across all edge nodes within the maintenance window.
001B94E570DE6AA,Novak & Kowalski Inc.,Customer,Telecommunications,Enterprise,Warsaw,65977610,46847,543415162,CASE-503489,Chat,High,Pending Customer,Workflow Automation,2023-06-14,,Yes,Omar Rossi,Platform Architect,2.0,New onboarding case for Novak & Kowalski Inc. (Enterprise tier). Primary contact: Omar Rossi (Platform Architect). They are configuring the Workflow Automation for the first time and encountered missing permissions on the service account used for integration. Implementation engineer scheduled a 60-minute screenshare for 2023-06-13. Customer provided sandbox credentials; issue reproduced and root cause confirmed. Documentation gap identified — will file internal ticket to update the Quick-Start Guide. Customer confirmed resolution after applying the corrected configuration.
001B663737A63FD,Novak & Hassan AG,Partner,Healthcare,Mid-Market,Chicago,194002586,3423,599482259,CASE-328367,Phone,High,Escalated,Reporting Suite,2025-03-07,,No,Henrik Müller,DevOps Lead,3.0,"Inbound escalation from Novak & Hassan AG (Chicago) — Henrik Müller reports the Reporting Suite has been failing to sync records since 2025-03-05 10:10 UTC. Approximately 11,468 records are stuck in a PENDING state. Error log snippet shared by customer shows ERR-3301 with stack trace pointing to a serialisation issue in the delta-sync processor. Customer is frustrated and threatened to escalate to executive sponsor. Workaround: manual re-trigger via admin panel unblocks individual batches but is not scalable. Engineering has reproduced the issue in staging with a dataset of matching schema. Data migration script re-run with corrected field mappings; record integrity confirmed."
0013CF85CD87AC3,Rossi & Johnson Inc.,Prospect,Energy,Mid-Market,London,408285756,40978,518060088,CASE-162678,Web,High,Resolved,API Gateway,2023-03-28,2023-04-18,Yes,Ahmed Larsson,Solutions Architect,1.0,Client in London reported a critical failure in the API Gateway integration causing a dashboard not loading for all EU users. Error code TIMEOUT-002 appears in logs since 2023-03-25 22:38 UTC. Contact Ahmed Larsson (Solutions Architect) was distressed during the call and mentioned potential contractual penalties if unresolved by EOD. Initial triage confirmed the issue is environment-specific to their AP-SOUTH tenant. Reproduction steps provided; engineering queue updated. SSL certificate renewed and propagated across all edge nodes within the maintenance window.
00160BA1C4739F6,Ferreira & Novak SA,Partner,Retail,Enterprise,Chicago,292354059,22794,553443711,CASE-867979,Chat,Medium,In Progress,Mobile SDK,2025-01-03,,Yes,Maria Kowalski,Head of Operations,,"Customer Maria Kowalski at Ferreira & Novak SA (Tier: Enterprise, Industry: Retail) submitted a formal feature request for the Mobile SDK. Request: ability to receive webhook retries with exponential backoff. Business justification: compliance with SOC 2 Type II audit requirements. Use case documented and forwarded to Product Management. Customer expects a roadmap commitment within 4 quarters. PM acknowledged receipt; item added to the backlog with Medium priority scoring."
001903008430B5C,Larsson & Williams Ltd.,Reseller,Pharmaceuticals,SMB,Vienna,102435387,34355,576779917,CASE-902930,Partner Portal,High,Closed,Reporting Suite,2023-01-02,2023-01-04,Yes,James Williams,Senior Engineer,3.0,"Customer James Williams at Larsson & Williams Ltd. (Tier: SMB, Industry: Pharmaceuticals) submitted a formal feature request for the Reporting Suite. Request: ability to schedule reports at sub-hourly intervals. Business justification: compliance with GDPR Article 30 audit requirements. Use case documented and forwarded to Product Management. Customer expects a roadmap commitment within 1 quarters. PM acknowledged receipt; item added to the backlog with High priority scoring."
00132BCADA4DC84,García & Dupont GmbH,Reseller,Automotive,Enterprise,Helsinki,282798193,40902,589228847,CASE-368371,Phone,Medium,Pending Customer,API Gateway,2023-09-23,,Yes,Sophie Kowalski,Technical Account Manager,5.0,"Customer Sophie Kowalski at García & Dupont GmbH (Tier: Enterprise, Industry: Automotive) submitted a formal feature request for the API Gateway. Request: ability to set custom session timeout policies per role group. Business justification: compliance with ISO 27001 audit requirements. Use case documented and forwarded to Product Management. Customer expects a roadmap commitment within 1 quarters. PM acknowledged receipt; item added to the backlog with High priority scoring."
00135EC34829371,Müller & Williams SA,Prospect,Telecommunications,Enterprise,Tokyo,42341233,14159,579724133,CASE-201836,Phone,High,New,Reporting Suite,2023-05-05,,No,Ingrid Larsson,Head of Operations,2.0,Client in Tokyo reported a critical failure in the Reporting Suite integration causing a report exports timing out for datasets > 50k rows. Error code ERR-4009 appears in logs since 2023-05-03 17:47 UTC. Contact Ingrid Larsson (Head of Operations) was escalating during the call and looped in their VP of Engineering on the call. Initial triage confirmed the issue is environment-specific to their US-EAST tenant. Reproduction steps provided; engineering queue updated. The customer's IP range was added to the allowlist following security review approval.
001B53253C3929C,Patel & Patel S.r.l.,Partner,Pharmaceuticals,Strategic,Chicago,287135633,39326,569460086,CASE-469438,Web,Medium,Closed,Data Sync Engine,2025-01-03,2025-01-13,Yes,Ingrid Dupont,IT Manager,4.0,"Ingrid Dupont (IT Manager) at Patel & Patel S.r.l. contacted support regarding an unexpected charge of $12,720 on their June invoice. Customer claims usage reported by the Data Sync Engine does not match their internal telemetry. Discrepancy of approximately 25% in API call counts. Finance team has been looped in. Raw usage logs pulled from billing service for 2024-12-31. Preliminary finding: a duplicate event emitter was introduced in v4.3.9 causing double-counting. Credit memo being processed; ETA 6 business days. OAuth token refresh logic was patched; all active sessions re-authenticated successfully."
001C1BFE42D68D7,Kim & Williams GmbH,Customer,Pharmaceuticals,SMB,Prague,161740564,14551,538833029,CASE-997287,Web,Critical,Escalated,Workflow Automation,2025-07-15,,Yes,Nadia Müller,Head of Operations,5.0,Nadia Müller from Kim & Williams GmbH opened this case after observing severe latency in the Workflow Automation. Average response times increased from ~200ms to over 4s beginning around 2025-07-12 12:00 UTC. Affects approximately 29 concurrent users in their APAC region. Customer is patient but firm and asked for daily status updates. Support engineer ran a distributed trace; bottleneck identified at the database read replica. Metrics attached to case for engineering review. The third-party payment gateway's IP whitelist was updated to include the new NAT range.
0010A93BC2A3598,Sato & Nguyen Corp.,Prospect,Manufacturing,SMB,Milan,426187199,31633,533206579,CASE-611994,Partner Portal,Critical,Closed,Workflow Automation,2024-05-26,2024-05-28,Yes,Fatima Rossi,Platform Architect,,"Customer Fatima Rossi at Sato & Nguyen Corp. (Tier: SMB, Industry: Manufacturing) submitted a formal feature request for the Workflow Automation. Request: ability to set custom session timeout policies per role group. Business justification: compliance with PCI-DSS 4.0 audit requirements. Use case documented and forwarded to Product Management. Customer expects a roadmap commitment within 4 quarters. PM acknowledged receipt; item added to the backlog with High priority scoring."
00172ADA6B5EB7F,Schmidt & Nguyen GmbH,Partner,Financial Services,SMB,New York,175966393,32935,539634895,CASE-260639,Phone,Low,Escalated,Workflow Automation,2025-06-08,,No,Priya Williams,DevOps Lead,5.0,"Priya Williams (DevOps Lead) at Schmidt & Nguyen GmbH contacted support regarding an unexpected charge of $9,624 on their July invoice. Customer claims usage reported by the Workflow Automation does not match their internal telemetry. Discrepancy of approximately 10% in API call counts. Finance team has been looped in. Raw usage logs pulled from billing service for 2025-06-05. Preliminary finding: a duplicate event emitter was introduced in v2.6.4 causing double-counting. Credit memo being processed; ETA 5 business days. The database index was rebuilt and query performance restored to baseline."
001AFE8C15FD92A,Becker & Tanaka Inc.,Reseller,Logistics,Enterprise,Milan,350673212,37452,536320002,CASE-688426,Partner Portal,High,Pending Customer,Reporting Suite,2023-04-11,,Yes,Omar Hassan,Solutions Architect,,"Omar Hassan (Solutions Architect) at Becker & Tanaka Inc. contacted support regarding an unexpected charge of $4,562 on their June invoice. Customer claims usage reported by the Reporting Suite does not match their internal telemetry. Discrepancy of approximately 25% in API call counts. Finance team has been looped in. Raw usage logs pulled from billing service for 2023-04-08. Preliminary finding: a duplicate event emitter was introduced in v4.9.1 causing double-counting. Credit memo being processed; ETA 2 business days. Pending further investigation; case escalated to Tier-3 Engineering with P1 SLA applied."
001A5B67BC649F9,Kim & Patel BV,Partner,Energy,SMB,Budapest,236972000,2951,541338443,CASE-309385,Web,High,Pending Customer,Workflow Automation,2024-01-26,,Yes,Henrik Schmidt,Technical Account Manager,,New onboarding case for Kim & Patel BV (SMB tier). Primary contact: Henrik Schmidt (Technical Account Manager). They are configuring the Workflow Automation for the first time and encountered CORS policy errors when calling the API from their SPA. Implementation engineer scheduled a 60-minute screenshare for 2024-01-24. Customer provided sandbox credentials; issue reproduced and root cause confirmed. Documentation gap identified — will file internal ticket to update the Quick-Start Guide. Customer confirmed resolution after applying the corrected configuration.
001FBE81F0F3B0E,Ferreira & Kowalski GmbH,Partner,Insurance,Mid-Market,Zurich,109915017,35820,580231557,CASE-886804,Web,Low,Resolved,Billing Platform,2023-01-29,2023-02-21,Yes,Sophie Kim,Senior Engineer,5.0,Sophie Kim from Ferreira & Kowalski GmbH opened this case after observing severe latency in the Billing Platform. Average response times increased from ~200ms to over 9s beginning around 2023-01-27 22:51 UTC. Affects approximately 308 concurrent users in their AMER region. Customer is frustrated and threatened to escalate to executive sponsor. Support engineer ran a distributed trace; bottleneck identified at the database read replica. Metrics attached to case for engineering review. The customer's IP range was added to the allowlist following security review approval.
001F9BCC090598D,Ferreira & Schmidt AG,Prospect,Technology,Mid-Market,Berlin,464508012,7080,512560649,CASE-406703,Chat,High,Closed,API Gateway,2024-08-04,2024-08-12,No,Tom Müller,IT Manager,5.0,"Customer Tom Müller at Ferreira & Schmidt AG (Tier: Mid-Market, Industry: Technology) submitted a formal feature request for the API Gateway. Request: ability to set custom session timeout policies per role group. Business justification: compliance with ISO 27001 audit requirements. Use case documented and forwarded to Product Management. Customer expects a roadmap commitment within 3 quarters. PM acknowledged receipt; item added to the backlog with Medium priority scoring."
0015FB677FE3D84,Müller & Johnson S.r.l.,Partner,Pharmaceuticals,Enterprise,Singapore,10363513,22736,557232974,CASE-472640,Web,High,Pending Customer,Analytics Dashboard,2024-02-12,,Yes,Patrick Schmidt,DevOps Lead,,Ticket raised by Patrick Schmidt (DevOps Lead) at Müller & Johnson S.r.l. regarding intermittent authentication failures on the Analytics Dashboard. Approximately 54% of login attempts return a 401 with error ERR-5021. Issue began after they applied their internal SSO policy update on 2024-02-09. Customer tone: understanding; appreciated the quick response and transparency. Support confirmed SAML assertions are malformed — attribute mapping mismatch in IdP config. Step-by-step remediation guide sent; customer to test in staging before production rollout. The customer's IP range was added to the allowlist following security review approval.
0011C0373D0855A,Williams & Johnson AB,Prospect,Retail,Mid-Market,Vienna,488910470,39683,554195849,CASE-570988,Partner Portal,High,Pending Customer,Workflow Automation,2025-03-15,,Yes,Omar Hassan,Platform Architect,5.0,"Omar Hassan (Platform Architect) at Williams & Johnson AB contacted support regarding an unexpected charge of $2,470 on their July invoice. Customer claims usage reported by the Workflow Automation does not match their internal telemetry. Discrepancy of approximately 39% in API call counts. Finance team has been looped in. Raw usage logs pulled from billing service for 2025-03-14. Preliminary finding: a duplicate event emitter was introduced in v4.3.2 causing double-counting. Credit memo being processed; ETA 4 business days. Workaround provided: client configured batch size to 500 records; permanent fix in sprint 43."
001840AD7933A75,Dupont & Patel BV,Reseller,Pharmaceuticals,Mid-Market,Toronto,221289109,19890,569459055,CASE-881828,Web,High,Escalated,Mobile SDK,2023-10-25,,Yes,Aisha Novak,IT Director,,"Customer Aisha Novak at Dupont & Patel BV (Tier: Mid-Market, Industry: Pharmaceuticals) submitted a formal feature request for the Mobile SDK. Request: ability to configure per-user rate limits via API. Business justification: compliance with SOC 2 Type II audit requirements. Use case documented and forwarded to Product Management. Customer expects a roadmap commitment within 1 quarters. PM acknowledged receipt; item added to the backlog with Medium priority scoring."
00158241408BEF6,Kowalski & Tanaka S.r.l.,Prospect,Insurance,Mid-Market,Singapore,99271618,25402,575960711,CASE-596864,Email,High,Closed,Security Manager,2024-04-20,2024-05-12,Yes,Elena Rossi,Technical Account Manager,2.0,"Inbound escalation from Kowalski & Tanaka S.r.l. (Singapore) — Elena Rossi reports the Security Manager has been failing to sync records since 2024-04-19 21:01 UTC. Approximately 27,277 records are stuck in a PENDING state. Error log snippet shared by customer shows ERR-5021 with stack trace pointing to a serialisation issue in the delta-sync processor. Customer is frustrated and threatened to escalate to executive sponsor. Workaround: manual re-trigger via admin panel unblocks individual batches but is not scalable. Engineering has reproduced the issue in staging with a dataset of matching schema. A stale CDN cache was purged globally; content now serves correctly in all regions."
001C36BDBA6CB99,Okonkwo & Ferreira Ltd.,Reseller,Retail,Mid-Market,Budapest,387154921,20516,562902012,CASE-741209,Partner Portal,Critical,New,Identity & Access Module,2023-05-16,,Yes,Clara Kowalski,IT Manager,4.0,"Inbound escalation from Okonkwo & Ferreira Ltd. (Budapest) — Clara Kowalski reports the Identity & Access Module has been failing to sync records since 2023-05-15 14:55 UTC. Approximately 3,279 records are stuck in a PENDING state. Error log snippet shared by customer shows ERR-4009 with stack trace pointing to a serialisation issue in the delta-sync processor. Customer is distressed and mentioned potential contractual penalties if unresolved by EOD. Workaround: manual re-trigger via admin panel unblocks individual batches but is not scalable. Engineering has reproduced the issue in staging with a dataset of matching schema. The customer's IP range was added to the allowlist following security review approval."
001931F374824E7,Kim & Kim Sp. z o.o.,Customer,Energy,Enterprise,Oslo,370915673,33890,529091078,CASE-586097,Chat,Critical,Resolved,Integration Hub,2025-03-04,2025-03-13,Yes,Wei Nguyen,IT Director,1.0,"Inbound escalation from Kim & Kim Sp. z o.o. (Oslo) — Wei Nguyen reports the Integration Hub has been failing to sync records since 2025-03-04 06:18 UTC. Approximately 26,260 records are stuck in a PENDING state. Error log snippet shared by customer shows AUTH-401 with stack trace pointing to a serialisation issue in the delta-sync processor. Customer is patient but firm and asked for daily status updates. Workaround: manual re-trigger via admin panel unblocks individual batches but is not scalable. Engineering has reproduced the issue in staging with a dataset of matching schema. The third-party payment gateway's IP whitelist was updated to include the new NAT range."
001740AC939E269,Dupont & Rossi AG,Reseller,Financial Services,Mid-Market,Lisbon,390737418,33542,592150984,CASE-267666,Chat,Low,New,Reporting Suite,2024-02-18,,Yes,Daniel Patel,Solutions Architect,1.0,"Customer Daniel Patel at Dupont & Rossi AG (Tier: Mid-Market, Industry: Financial Services) submitted a formal feature request for the Reporting Suite. Request: ability to bulk-archive inactive records. Business justification: compliance with PCI-DSS 4.0 audit requirements. Use case documented and forwarded to Product Management. Customer expects a roadmap commitment within 2 quarters. PM acknowledged receipt; item added to the backlog with High priority scoring."
001FBAD3F4296B9,Patel & Dupont Inc.,Customer,Manufacturing,Enterprise,Milan,246731901,32622,576926628,CASE-669902,Phone,Low,Escalated,Mobile SDK,2024-09-22,,Yes,Wei Kim,Platform Architect,2.0,Client in Milan reported a critical failure in the Mobile SDK integration causing a webhook events not firing for payment completions. Error code AUTH-401 appears in logs since 2024-09-20 23:49 UTC. Contact Wei Kim (Platform Architect) was distressed during the call and mentioned potential contractual penalties if unresolved by EOD. Initial triage confirmed the issue is environment-specific to their PROD-2 tenant. Reproduction steps provided; engineering queue updated. Engineering identified a misconfigured load-balancer rule; it was corrected and verified.
001C4C640AF87EF,Larsson & Müller Inc.,Prospect,Insurance,Enterprise,Singapore,178263909,5757,516580878,CASE-214176,Chat,High,Resolved,Identity & Access Module,2024-07-23,2024-08-10,Yes,Ahmed Müller,CTO,5.0,"Customer Ahmed Müller at Larsson & Müller Inc. (Tier: Enterprise, Industry: Insurance) submitted a formal feature request for the Identity & Access Module. Request: ability to bulk-archive inactive records. Business justification: compliance with PCI-DSS 4.0 audit requirements. Use case documented and forwarded to Product Management. Customer expects a roadmap commitment within 2 quarters. PM acknowledged receipt; item added to the backlog with Medium priority scoring."
001CE6E15763BF9,Becker & Novak AG,Prospect,Insurance,SMB,Chicago,177242482,34550,565533646,CASE-650131,Email,High,New,API Gateway,2023-07-10,,Yes,Omar Rossi,DevOps Lead,,"Inbound escalation from Becker & Novak AG (Chicago) — Omar Rossi reports the API Gateway has been failing to sync records since 2023-07-08 10:23 UTC. Approximately 32,197 records are stuck in a PENDING state. Error log snippet shared by customer shows SSL-HANDSHAKE with stack trace pointing to a serialisation issue in the delta-sync processor. Customer is very concerned and requested a post-mortem report within 48 hours. Workaround: manual re-trigger via admin panel unblocks individual batches but is not scalable. Engineering has reproduced the issue in staging with a dataset of matching schema. Workaround provided: client configured batch size to 500 records; permanent fix in sprint 43."
001F1BE3D456FFD,Hassan & Kowalski Sp. z o.o.,Prospect,Energy,SMB,Stockholm,104414287,113,525865493,CASE-125151,Chat,Critical,Closed,Billing Platform,2025-12-12,2025-12-19,Yes,Raj Kowalski,IT Director,5.0,"Raj Kowalski (IT Director) at Hassan & Kowalski Sp. z o.o. contacted support regarding an unexpected charge of $6,993 on their June invoice. Customer claims usage reported by the Billing Platform does not match their internal telemetry. Discrepancy of approximately 7% in API call counts. Finance team has been looped in. Raw usage logs pulled from billing service for 2025-12-10. Preliminary finding: a duplicate event emitter was introduced in v3.5.8 causing double-counting. Credit memo being processed; ETA 7 business days. OAuth token refresh logic was patched; all active sessions re-authenticated successfully."
001FF276AAE17C1,Okonkwo & Schmidt AG,Customer,Automotive,Mid-Market,Munich,447199560,11520,536040330,CASE-446569,Web,Low,Closed,Billing Platform,2024-06-05,2024-06-17,No,Marcus Novak,Senior Engineer,,Ticket raised by Marcus Novak (Senior Engineer) at Okonkwo & Schmidt AG regarding intermittent authentication failures on the Billing Platform. Approximately 66% of login attempts return a 401 with error ERR-5500. Issue began after they applied their internal SSO policy update on 2024-06-05. Customer tone: patient but firm; asked for daily status updates. Support confirmed SAML assertions are malformed — attribute mapping mismatch in IdP config. Step-by-step remediation guide sent; customer to test in staging before production rollout. Pending further investigation; case escalated to Tier-3 Engineering with P1 SLA applied.
0010F4150DCFBBC,Novak & Novak GmbH,Prospect,Pharmaceuticals,SMB,Lisbon,36047854,9794,547642707,CASE-981578,Phone,Medium,Escalated,Reporting Suite,2025-04-27,,No,Raj Okonkwo,Platform Architect,5.0,"Raj Okonkwo (Platform Architect) at Novak & Novak GmbH contacted support regarding an unexpected charge of $8,953 on their April invoice. Customer claims usage reported by the Reporting Suite does not match their internal telemetry. Discrepancy of approximately 29% in API call counts. Finance team has been looped in. Raw usage logs pulled from billing service for 2025-04-27. Preliminary finding: a duplicate event emitter was introduced in v2.9.1 causing double-counting. Credit memo being processed; ETA 4 business days. Workaround provided: client configured batch size to 500 records; permanent fix in sprint 43."
001B5CB414AA53C,Ferreira & Kim Ltd.,Prospect,Media & Entertainment,Enterprise,Copenhagen,421913592,2460,537125189,CASE-197102,Chat,Critical,New,Billing Platform,2025-04-27,,No,Priya Larsson,Head of Operations,5.0,Ticket raised by Priya Larsson (Head of Operations) at Ferreira & Kim Ltd. regarding intermittent authentication failures on the Billing Platform. Approximately 29% of login attempts return a 401 with error TIMEOUT-002. Issue began after they applied their internal SSO policy update on 2025-04-27. Customer tone: patient but firm; asked for daily status updates. Support confirmed SAML assertions are malformed — attribute mapping mismatch in IdP config. Step-by-step remediation guide sent; customer to test in staging before production rollout. SSL certificate renewed and propagated across all edge nodes within the maintenance window.
0011D2D5305EF7F,Müller & Ferreira AB,Customer,Pharmaceuticals,SMB,Chicago,369358408,38957,521687128,CASE-449479,Chat,Critical,Escalated,Workflow Automation,2023-10-21,,Yes,Ahmed García,Head of Operations,5.0,Client in Chicago reported a critical failure in the Workflow Automation integration causing a 30% drop in data syncs. Error code SSL-HANDSHAKE appears in logs since 2023-10-21 16:43 UTC. Contact Ahmed García (Head of Operations) was understanding during the call and appreciated the quick response and transparency. Initial triage confirmed the issue is environment-specific to their AP-SOUTH tenant. Reproduction steps provided; engineering queue updated. Pending further investigation; case escalated to Tier-3 Engineering with P1 SLA applied.
001F746B6BDF77A,Andersen & Tanaka Inc.,Customer,Logistics,Mid-Market,Amsterdam,111405384,35565,557018904,CASE-676051,Web,Medium,Resolved,Identity & Access Module,2024-08-09,2024-08-09,Yes,Wei Dupont,DevOps Lead,3.0,Client in Amsterdam reported a critical failure in the Identity & Access Module integration causing a invoice generation failures affecting 200+ clients. Error code ERR-4403 appears in logs since 2024-08-07 17:20 UTC. Contact Wei Dupont (DevOps Lead) was escalating during the call and looped in their VP of Engineering on the call. Initial triage confirmed the issue is environment-specific to their AP-SOUTH tenant. Reproduction steps provided; engineering queue updated. Data migration script re-run with corrected field mappings; record integrity confirmed.
0018E064C657EB2,Dupont & Nguyen GmbH,Reseller,Pharmaceuticals,Strategic,Copenhagen,331381776,23316,551935074,CASE-448475,Email,Critical,In Progress,API Gateway,2023-09-24,,No,Zoe Müller,VP of Engineering,5.0,"Inbound escalation from Dupont & Nguyen GmbH (Copenhagen) — Zoe Müller reports the API Gateway has been failing to sync records since 2023-09-24 15:57 UTC. Approximately 6,589 records are stuck in a PENDING state. Error log snippet shared by customer shows SYNC-FAIL-07 with stack trace pointing to a serialisation issue in the delta-sync processor. Customer is patient but firm and asked for daily status updates. Workaround: manual re-trigger via admin panel unblocks individual batches but is not scalable. Engineering has reproduced the issue in staging with a dataset of matching schema. Engineering identified a misconfigured load-balancer rule; it was corrected and verified."
00151BC192874F7,Larsson & Nguyen Inc.,Reseller,Technology,Strategic,Lisbon,262228184,1993,518773168,CASE-598424,Phone,Medium,Escalated,Reporting Suite,2024-04-19,,No,Clara Andersen,Senior Engineer,4.0,New onboarding case for Larsson & Nguyen Inc. (Strategic tier). Primary contact: Clara Andersen (Senior Engineer). They are configuring the Reporting Suite for the first time and encountered confusion around webhook signature verification. Implementation engineer scheduled a 60-minute screenshare for 2024-04-18. Customer provided sandbox credentials; issue reproduced and root cause confirmed. Documentation gap identified — will file internal ticket to update the Quick-Start Guide. Customer confirmed resolution after applying the corrected configuration.
00170DB52BA127E,Novak & Rossi SA,Reseller,Logistics,Mid-Market,Stockholm,128584132,40699,542707660,CASE-674566,Email,Low,Resolved,Integration Hub,2023-07-30,2023-08-11,No,Sophie Okonkwo,Head of Operations,,"Inbound escalation from Novak & Rossi SA (Stockholm) — Sophie Okonkwo reports the Integration Hub has been failing to sync records since 2023-07-27 22:50 UTC. Approximately 14,147 records are stuck in a PENDING state. Error log snippet shared by customer shows SSL-HANDSHAKE with stack trace pointing to a serialisation issue in the delta-sync processor. Customer is critical and stated this is blocking their go-live scheduled for next Friday. Workaround: manual re-trigger via admin panel unblocks individual batches but is not scalable. Engineering has reproduced the issue in staging with a dataset of matching schema. Root cause traced to a race condition in the async queue; a mutex lock was introduced."
001E7FB0EFADAD8,Kowalski & Dupont Corp.,Customer,Insurance,SMB,Budapest,441820266,29187,533645674,CASE-422998,Chat,Critical,Resolved,Integration Hub,2024-04-28,2024-05-08,Yes,Luca Sato,Technical Account Manager,5.0,"Inbound escalation from Kowalski & Dupont Corp. (Budapest) — Luca Sato reports the Integration Hub has been failing to sync records since 2024-04-27 21:42 UTC. Approximately 21,957 records are stuck in a PENDING state. Error log snippet shared by customer shows SYNC-FAIL-07 with stack trace pointing to a serialisation issue in the delta-sync processor. Customer is professional and requested SLA credit per the MSA terms. Workaround: manual re-trigger via admin panel unblocks individual batches but is not scalable. Engineering has reproduced the issue in staging with a dataset of matching schema. Pending further investigation; case escalated to Tier-3 Engineering with P1 SLA applied."
001E4D4D2BF3C06,Novak & Kim AB,Partner,Financial Services,Enterprise,Sydney,366386537,20758,550229795,CASE-697978,Web,Low,In Progress,Identity & Access Module,2023-10-12,,Yes,Ahmed Ferreira,Technical Account Manager,,"Ahmed Ferreira (Technical Account Manager) at Novak & Kim AB contacted support regarding an unexpected charge of $9,747 on their March invoice. Customer claims usage reported by the Identity & Access Module does not match their internal telemetry. Discrepancy of approximately 37% in API call counts. Finance team has been looped in. Raw usage logs pulled from billing service for 2023-10-12. Preliminary finding: a duplicate event emitter was introduced in v3.2.4 causing double-counting. Credit memo being processed; ETA 2 business days. The third-party payment gateway's IP whitelist was updated to include the new NAT range."
001CA2674BA2B42,Becker & Sato AB,Reseller,Financial Services,Enterprise,Oslo,234140876,35734,538348941,CASE-794668,Email,Low,Pending Customer,Integration Hub,2025-01-05,,Yes,James Johnson,Senior Engineer,2.0,"Customer James Johnson at Becker & Sato AB (Tier: Enterprise, Industry: Financial Services) submitted a formal feature request for the Integration Hub. Request: ability to receive webhook retries with exponential backoff. Business justification: compliance with HIPAA §164.312 audit requirements. Use case documented and forwarded to Product Management. Customer expects a roadmap commitment within 3 quarters. PM acknowledged receipt; item added to the backlog with Medium priority scoring."
0017F39DD35450A,Becker & Tanaka AG,Reseller,Technology,Mid-Market,Milan,480238434,45583,591125155,CASE-546383,Partner Portal,High,Pending Customer,Analytics Dashboard,2023-01-24,,No,Ahmed Kowalski,IT Director,5.0,"Customer Ahmed Kowalski at Becker & Tanaka AG (Tier: Mid-Market, Industry: Technology) submitted a formal feature request for the Analytics Dashboard. Request: ability to schedule reports at sub-hourly intervals. Business justification: compliance with PCI-DSS 4.0 audit requirements. Use case documented and forwarded to Product Management. Customer expects a roadmap commitment within 4 quarters. PM acknowledged receipt; item added to the backlog with Medium priority scoring."
001412B8AC6A835,Andersen & Becker S.r.l.,Reseller,Retail,Mid-Market,Warsaw,378930934,24165,525188664,CASE-708455,Chat,Critical,New,Mobile SDK,2023-01-16,,Yes,Patrick Hassan,Technical Account Manager,5.0,Ticket raised by Patrick Hassan (Technical Account Manager) at Andersen & Becker S.r.l. regarding intermittent authentication failures on the Mobile SDK. Approximately 64% of login attempts return a 401 with error DB-CONN-ERR. Issue began after they applied their internal SSO policy update on 2023-01-13. Customer tone: understanding; appreciated the quick response and transparency. Support confirmed SAML assertions are malformed — attribute mapping mismatch in IdP config. Step-by-step remediation guide sent; customer to test in staging before production rollout. Engineering identified a misconfigured load-balancer rule; it was corrected and verified.
0014A8E8FC01CBC,Kim & Williams GmbH,Reseller,Insurance,Enterprise,Helsinki,244258062,33607,572979305,CASE-701846,Web,Low,New,Identity & Access Module,2025-08-25,,Yes,Aisha Sato,Senior Engineer,3.0,"Aisha Sato (Senior Engineer) at Kim & Williams GmbH contacted support regarding an unexpected charge of $4,938 on their April invoice. Customer claims usage reported by the Identity & Access Module does not match their internal telemetry. Discrepancy of approximately 7% in API call counts. Finance team has been looped in. Raw usage logs pulled from billing service for 2025-08-25. Preliminary finding: a duplicate event emitter was introduced in v4.9.4 causing double-counting. Credit memo being processed; ETA 7 business days. Data migration script re-run with corrected field mappings; record integrity confirmed."
00106842753EE59,Schmidt & Kim Sp. z o.o.,Prospect,Financial Services,Strategic,Vienna,135818839,8696,592650976,CASE-394620,Web,Medium,New,Security Manager,2023-12-13,,Yes,Nadia Williams,VP of Engineering,,Nadia Williams from Schmidt & Kim Sp. z o.o. opened this case after observing severe latency in the Security Manager. Average response times increased from ~200ms to over 12s beginning around 2023-12-13 21:18 UTC. Affects approximately 388 concurrent users in their EMEA region. Customer is patient but firm and asked for daily status updates. Support engineer ran a distributed trace; bottleneck identified at the database read replica. Metrics attached to case for engineering review. Pending further investigation; case escalated to Tier-3 Engineering with P1 SLA applied.
001BA68DB670723,Okonkwo & Rossi Inc.,Reseller,Logistics,Mid-Market,Lisbon,414088057,25121,541936764,CASE-792759,Chat,High,Pending Customer,Billing Platform,2024-04-28,,Yes,Marcus Müller,Technical Account Manager,5.0,New onboarding case for Okonkwo & Rossi Inc. (Mid-Market tier). Primary contact: Marcus Müller (Technical Account Manager). They are configuring the Billing Platform for the first time and encountered difficulty mapping their existing data schema to our object model. Implementation engineer scheduled a 60-minute screenshare for 2024-04-25. Customer provided sandbox credentials; issue reproduced and root cause confirmed. Documentation gap identified — will file internal ticket to update the Quick-Start Guide. Customer confirmed resolution after applying the corrected configuration.
0012D280B5FF939,Kowalski & Novak Ltd.,Reseller,Automotive,SMB,Berlin,141495807,9522,581194737,CASE-555851,Phone,Medium,Pending Customer,Data Sync Engine,2023-04-18,,No,Isabella Kim,IT Manager,4.0,"Customer Isabella Kim at Kowalski & Novak Ltd. (Tier: SMB, Industry: Automotive) submitted a formal feature request for the Data Sync Engine. Request: ability to set custom session timeout policies per role group. Business justification: compliance with GDPR Article 30 audit requirements. Use case documented and forwarded to Product Management. Customer expects a roadmap commitment within 1 quarters. PM acknowledged receipt; item added to the backlog with High priority scoring."
001D359EEBB6647,Sato & Nguyen Sp. z o.o.,Partner,Automotive,SMB,Oslo,279647276,22122,534148004,CASE-428487,Partner Portal,Critical,Resolved,Mobile SDK,2024-07-12,2024-08-02,Yes,Sophie Andersen,Platform Architect,,"Customer Sophie Andersen at Sato & Nguyen Sp. z o.o. (Tier: SMB, Industry: Automotive) submitted a formal feature request for the Mobile SDK. Request: ability to export audit logs in CEF format. Business justification: compliance with HIPAA §164.312 audit requirements. Use case documented and forwarded to Product Management. Customer expects a roadmap commitment within 1 quarters. PM acknowledged receipt; item added to the backlog with High priority scoring."
0019451F379FD30,Rossi & Müller Corp.,Customer,Telecommunications,SMB,Sydney,46878329,39638,527435856,CASE-494220,Partner Portal,High,New,Identity & Access Module,2024-08-03,,Yes,James Williams,Platform Architect,1.0,"James Williams (Platform Architect) at Rossi & Müller Corp. contacted support regarding an unexpected charge of $4,350 on their May invoice. Customer claims usage reported by the Identity & Access Module does not match their internal telemetry. Discrepancy of approximately 34% in API call counts. Finance team has been looped in. Raw usage logs pulled from billing service for 2024-08-01. Preliminary finding: a duplicate event emitter was introduced in v4.1.7 causing double-counting. Credit memo being processed; ETA 4 business days. Root cause traced to a race condition in the async queue; a mutex lock was introduced."
001EA8E873013BF,Nguyen & Okonkwo GmbH,Reseller,Automotive,SMB,Toronto,37758025,32235,536933352,CASE-739947,Chat,High,In Progress,Billing Platform,2023-11-28,,No,Maria Nguyen,DevOps Lead,,New onboarding case for Nguyen & Okonkwo GmbH (SMB tier). Primary contact: Maria Nguyen (DevOps Lead). They are configuring the Billing Platform for the first time and encountered confusion around webhook signature verification. Implementation engineer scheduled a 60-minute screenshare for 2023-11-28. Customer provided sandbox credentials; issue reproduced and root cause confirmed. Documentation gap identified — will file internal ticket to update the Quick-Start Guide. Customer confirmed resolution after applying the corrected configuration.
001D4B10BEC118B,Rossi & Rossi Corp.,Reseller,Energy,Mid-Market,Oslo,80415529,42796,595944345,CASE-100909,Phone,Low,New,Security Manager,2023-08-06,,Yes,Sophie Müller,DevOps Lead,1.0,New onboarding case for Rossi & Rossi Corp. (Mid-Market tier). Primary contact: Sophie Müller (DevOps Lead). They are configuring the Security Manager for the first time and encountered difficulty mapping their existing data schema to our object model. Implementation engineer scheduled a 60-minute screenshare for 2023-08-03. Customer provided sandbox credentials; issue reproduced and root cause confirmed. Documentation gap identified — will file internal ticket to update the Quick-Start Guide. Customer confirmed resolution after applying the corrected configuration.
001C0CBDE10AAE0,Novak & Johnson GmbH,Customer,Insurance,Enterprise,Prague,305036742,35091,558173202,CASE-449636,Web,Low,Pending Customer,Integration Hub,2025-10-01,,Yes,Nadia Rossi,IT Manager,5.0,"Customer Nadia Rossi at Novak & Johnson GmbH (Tier: Enterprise, Industry: Insurance) submitted a formal feature request for the Integration Hub. Request: ability to set custom session timeout policies per role group. Business justification: compliance with ISO 27001 audit requirements. Use case documented and forwarded to Product Management. Customer expects a roadmap commitment within 3 quarters. PM acknowledged receipt; item added to the backlog with Medium priority scoring."
001E2DAADCCF105,Nguyen & Dupont BV,Reseller,Telecommunications,SMB,Paris,395274165,12426,528782825,CASE-137432,Email,Critical,Closed,Identity & Access Module,2023-12-28,2024-01-25,Yes,Carlos Kim,Solutions Architect,4.0,Client in Paris reported a critical failure in the Identity & Access Module integration causing a complete loss of SSO functionality. Error code DB-CONN-ERR appears in logs since 2023-12-28 12:42 UTC. Contact Carlos Kim (Solutions Architect) was professional during the call and requested SLA credit per the MSA terms. Initial triage confirmed the issue is environment-specific to their AP-SOUTH tenant. Reproduction steps provided; engineering queue updated. SSL certificate renewed and propagated across all edge nodes within the maintenance window.
001BD6EB5757829,Nguyen & Dupont Ltd.,Partner,Telecommunications,Enterprise,Oslo,398348992,37978,541270805,CASE-175532,Phone,High,Closed,API Gateway,2024-11-25,2024-12-25,No,Nadia Müller,Head of Operations,5.0,"Inbound escalation from Nguyen & Dupont Ltd. (Oslo) — Nadia Müller reports the API Gateway has been failing to sync records since 2024-11-25 10:50 UTC. Approximately 31,381 records are stuck in a PENDING state. Error log snippet shared by customer shows SSL-HANDSHAKE with stack trace pointing to a serialisation issue in the delta-sync processor. Customer is frustrated and threatened to escalate to executive sponsor. Workaround: manual re-trigger via admin panel unblocks individual batches but is not scalable. Engineering has reproduced the issue in staging with a dataset of matching schema. A hotfix (v2.4.7) was deployed to production at 03:14 UTC resolving the root cause."
001342A602F1126,Williams & Patel Corp.,Customer,Media & Entertainment,Mid-Market,Zurich,267401881,39002,592628262,CASE-331287,Phone,High,New,API Gateway,2023-12-19,,No,Sophie Ferreira,VP of Engineering,3.0,New onboarding case for Williams & Patel Corp. (Mid-Market tier). Primary contact: Sophie Ferreira (VP of Engineering). They are configuring the API Gateway for the first time and encountered missing permissions on the service account used for integration. Implementation engineer scheduled a 60-minute screenshare for 2023-12-19. Customer provided sandbox credentials; issue reproduced and root cause confirmed. Documentation gap identified — will file internal ticket to update the Quick-Start Guide. Customer confirmed resolution after applying the corrected configuration.
00173185C0616EF,Dupont & Andersen Inc.,Partner,Healthcare,Mid-Market,Copenhagen,236004444,15977,588112812,CASE-142675,Email,Critical,Escalated,Workflow Automation,2024-03-12,,No,Daniel Rossi,IT Manager,1.0,Daniel Rossi from Dupont & Andersen Inc. opened this case after observing severe latency in the Workflow Automation. Average response times increased from ~200ms to over 10s beginning around 2024-03-12 18:11 UTC. Affects approximately 51 concurrent users in their EMEA region. Customer is frustrated and threatened to escalate to executive sponsor. Support engineer ran a distributed trace; bottleneck identified at the database read replica. Metrics attached to case for engineering review. A hotfix (v2.4.7) was deployed to production at 03:14 UTC resolving the root cause.
001E4851023DFB6,Hassan & Ferreira AB,Customer,Healthcare,SMB,Madrid,320621078,11806,577093782,CASE-741780,Phone,Medium,Closed,Mobile SDK,2025-09-01,2025-09-20,Yes,Henrik Andersen,Platform Architect,4.0,Henrik Andersen from Hassan & Ferreira AB opened this case after observing severe latency in the Mobile SDK. Average response times increased from ~200ms to over 11s beginning around 2025-08-31 06:09 UTC. Affects approximately 130 concurrent users in their EMEA region. Customer is frustrated and threatened to escalate to executive sponsor. Support engineer ran a distributed trace; bottleneck identified at the database read replica. Metrics attached to case for engineering review. Engineering identified a misconfigured load-balancer rule; it was corrected and verified.
0013A17894696BE,Andersen & Müller Ltd.,Reseller,Healthcare,SMB,Helsinki,267601246,11565,531442569,CASE-802695,Phone,Critical,Closed,Integration Hub,2025-11-05,2025-11-09,Yes,Henrik García,VP of Engineering,3.0,New onboarding case for Andersen & Müller Ltd. (SMB tier). Primary contact: Henrik García (VP of Engineering). They are configuring the Integration Hub for the first time and encountered confusion around webhook signature verification. Implementation engineer scheduled a 60-minute screenshare for 2025-11-04. Customer provided sandbox credentials; issue reproduced and root cause confirmed. Documentation gap identified — will file internal ticket to update the Quick-Start Guide. Customer confirmed resolution after applying the corrected configuration.
00108275DFC9CD9,Patel & Patel GmbH,Partner,Technology,SMB,Budapest,387800330,29161,589551741,CASE-707924,Web,Low,New,Security Manager,2025-07-17,,Yes,Maria Novak,Solutions Architect,5.0,"Maria Novak (Solutions Architect) at Patel & Patel GmbH contacted support regarding an unexpected charge of $14,918 on their May invoice. Customer claims usage reported by the Security Manager does not match their internal telemetry. Discrepancy of approximately 19% in API call counts. Finance team has been looped in. Raw usage logs pulled from billing service for 2025-07-17. Preliminary finding: a duplicate event emitter was introduced in v2.5.3 causing double-counting. Credit memo being processed; ETA 2 business days. OAuth token refresh logic was patched; all active sessions re-authenticated successfully."
001B398962171CA,Becker & Tanaka Ltd.,Prospect,Energy,Mid-Market,Chicago,73731670,30008,536059032,CASE-762722,Web,Medium,Pending Customer,Mobile SDK,2024-03-27,,Yes,Isabella Müller,Technical Account Manager,3.0,"Inbound escalation from Becker & Tanaka Ltd. (Chicago) — Isabella Müller reports the Mobile SDK has been failing to sync records since 2024-03-27 15:37 UTC. Approximately 2,603 records are stuck in a PENDING state. Error log snippet shared by customer shows SSL-HANDSHAKE with stack trace pointing to a serialisation issue in the delta-sync processor. Customer is patient but firm and asked for daily status updates. Workaround: manual re-trigger via admin panel unblocks individual batches but is not scalable. Engineering has reproduced the issue in staging with a dataset of matching schema. A hotfix (v2.4.7) was deployed to production at 03:14 UTC resolving the root cause."
001849539630D44,Kim & Williams Inc.,Partner,Manufacturing,Enterprise,Vienna,46925552,26990,580030620,CASE-612977,Email,Low,Resolved,Reporting Suite,2025-07-28,2025-08-15,No,Daniel Johnson,Technical Account Manager,3.0,Daniel Johnson from Kim & Williams Inc. opened this case after observing severe latency in the Reporting Suite. Average response times increased from ~200ms to over 14s beginning around 2025-07-25 05:48 UTC. Affects approximately 229 concurrent users in their AMER region. Customer is frustrated and threatened to escalate to executive sponsor. Support engineer ran a distributed trace; bottleneck identified at the database read replica. Metrics attached to case for engineering review. OAuth token refresh logic was patched; all active sessions re-authenticated successfully.
001BDEB618FD0FD,Müller & Müller Sp. z o.o.,Reseller,Logistics,Strategic,Zurich,257805766,45665,523153230,CASE-574419,Chat,High,Resolved,Security Manager,2024-03-31,2024-04-13,Yes,James Becker,Head of Operations,5.0,Client in Zurich reported a critical failure in the Security Manager integration causing a API response times exceeding 12 seconds. Error code AUTH-401 appears in logs since 2024-03-30 18:57 UTC. Contact James Becker (Head of Operations) was frustrated during the call and threatened to escalate to executive sponsor. Initial triage confirmed the issue is environment-specific to their US-EAST tenant. Reproduction steps provided; engineering queue updated. The database index was rebuilt and query performance restored to baseline.
0012135BEB9FC21,Sato & Sato GmbH,Reseller,Technology,Mid-Market,Warsaw,99791984,24285,594129142,CASE-586849,Phone,Critical,In Progress,Data Sync Engine,2023-02-02,,No,Yuki Ferreira,Solutions Architect,3.0,"Inbound escalation from Sato & Sato GmbH (Warsaw) — Yuki Ferreira reports the Data Sync Engine has been failing to sync records since 2023-01-30 21:19 UTC. Approximately 19,937 records are stuck in a PENDING state. Error log snippet shared by customer shows AUTH-401 with stack trace pointing to a serialisation issue in the delta-sync processor. Customer is frustrated and threatened to escalate to executive sponsor. Workaround: manual re-trigger via admin panel unblocks individual batches but is not scalable. Engineering has reproduced the issue in staging with a dataset of matching schema. A stale CDN cache was purged globally; content now serves correctly in all regions."
001FE1AF69E62D7,Müller & Dupont AB,Prospect,Insurance,Mid-Market,Toronto,197227219,11496,596996261,CASE-685934,Phone,High,New,Data Sync Engine,2024-11-18,,Yes,Zoe Larsson,Senior Engineer,3.0,"Inbound escalation from Müller & Dupont AB (Toronto) — Zoe Larsson reports the Data Sync Engine has been failing to sync records since 2024-11-18 16:58 UTC. Approximately 35,865 records are stuck in a PENDING state. Error log snippet shared by customer shows ERR-4403 with stack trace pointing to a serialisation issue in the delta-sync processor. Customer is escalating and looped in their VP of Engineering on the call. Workaround: manual re-trigger via admin panel unblocks individual batches but is not scalable. Engineering has reproduced the issue in staging with a dataset of matching schema. Pending further investigation; case escalated to Tier-3 Engineering with P1 SLA applied."
001DFFEA6DDE0A0,Andersen & Müller AG,Customer,Media & Entertainment,Mid-Market,Brussels,252917295,46529,581391010,CASE-811257,Partner Portal,Medium,Pending Customer,Identity & Access Module,2024-10-18,,No,Zoe Becker,Senior Engineer,5.0,Ticket raised by Zoe Becker (Senior Engineer) at Andersen & Müller AG regarding intermittent authentication failures on the Identity & Access Module. Approximately 13% of login attempts return a 401 with error ERR-4009. Issue began after they applied their internal SSO policy update on 2024-10-16. Customer tone: critical; stated this is blocking their go-live scheduled for next Friday. Support confirmed SAML assertions are malformed — attribute mapping mismatch in IdP config. Step-by-step remediation guide sent; customer to test in staging before production rollout. SSL certificate renewed and propagated across all edge nodes within the maintenance window.
001C78388AB277B,Tanaka & Kowalski Inc.,Customer,Healthcare,Strategic,Paris,157894146,27308,582670169,CASE-238440,Chat,Medium,Closed,Analytics Dashboard,2024-08-13,2024-09-12,No,Tom Dupont,Platform Architect,4.0,"Tom Dupont (Platform Architect) at Tanaka & Kowalski Inc. contacted support regarding an unexpected charge of $12,286 on their March invoice. Customer claims usage reported by the Analytics Dashboard does not match their internal telemetry. Discrepancy of approximately 23% in API call counts. Finance team has been looped in. Raw usage logs pulled from billing service for 2024-08-13. Preliminary finding: a duplicate event emitter was introduced in v2.1.0 causing double-counting. Credit memo being processed; ETA 3 business days. The customer's IP range was added to the allowlist following security review approval."
001FD60FCB3065D,Novak & Ferreira Sp. z o.o.,Partner,Logistics,Strategic,Tokyo,424234873,17049,540438156,CASE-607765,Web,Medium,Escalated,Security Manager,2024-12-03,,Yes,Zoe Hassan,DevOps Lead,1.0,"Zoe Hassan (DevOps Lead) at Novak & Ferreira Sp. z o.o. contacted support regarding an unexpected charge of $5,985 on their May invoice. Customer claims usage reported by the Security Manager does not match their internal telemetry. Discrepancy of approximately 34% in API call counts. Finance team has been looped in. Raw usage logs pulled from billing service for 2024-12-01. Preliminary finding: a duplicate event emitter was introduced in v2.9.2 causing double-counting. Credit memo being processed; ETA 7 business days. The customer's IP range was added to the allowlist following security review approval."
00147E52AFDD3FA,Tanaka & Ferreira SA,Customer,Manufacturing,Mid-Market,Stockholm,357816197,20781,556150365,CASE-255130,Web,Low,Resolved,Analytics Dashboard,2023-11-27,2023-12-03,Yes,Daniel Sato,Senior Engineer,5.0,Daniel Sato from Tanaka & Ferreira SA opened this case after observing severe latency in the Analytics Dashboard. Average response times increased from ~200ms to over 4s beginning around 2023-11-26 03:02 UTC. Affects approximately 481 concurrent users in their EMEA region. Customer is understanding and appreciated the quick response and transparency. Support engineer ran a distributed trace; bottleneck identified at the database read replica. Metrics attached to case for engineering review. Root cause traced to a race condition in the async queue; a mutex lock was introduced.
00126CA56A93F95,Kim & Kowalski SA,Reseller,Manufacturing,Strategic,Brussels,182329818,45173,525074747,CASE-867180,Chat,Critical,Resolved,Workflow Automation,2023-11-16,2023-11-20,Yes,Marcus Okonkwo,Technical Account Manager,5.0,"Customer Marcus Okonkwo at Kim & Kowalski SA (Tier: Strategic, Industry: Manufacturing) submitted a formal feature request for the Workflow Automation. Request: ability to receive webhook retries with exponential backoff. Business justification: compliance with ISO 27001 audit requirements. Use case documented and forwarded to Product Management. Customer expects a roadmap commitment within 3 quarters. PM acknowledged receipt; item added to the backlog with High priority scoring."
001533C6575C4E3,Sato & Hassan Ltd.,Reseller,Insurance,Mid-Market,Prague,363995639,44021,521727533,CASE-636648,Chat,High,New,Reporting Suite,2025-01-01,,No,Clara García,DevOps Lead,3.0,Clara García from Sato & Hassan Ltd. opened this case after observing severe latency in the Reporting Suite. Average response times increased from ~200ms to over 13s beginning around 2025-01-01 10:03 UTC. Affects approximately 194 concurrent users in their APAC region. Customer is frustrated and threatened to escalate to executive sponsor. Support engineer ran a distributed trace; bottleneck identified at the database read replica. Metrics attached to case for engineering review. The database index was rebuilt and query performance restored to baseline.
001BE9FA6E67A79,Ferreira & Novak AG,Reseller,Energy,SMB,Toronto,431975369,29009,548739802,CASE-271746,Chat,Low,Pending Customer,Mobile SDK,2025-02-02,,Yes,Elena Kim,Platform Architect,5.0,"Customer Elena Kim at Ferreira & Novak AG (Tier: SMB, Industry: Energy) submitted a formal feature request for the Mobile SDK. Request: ability to receive webhook retries with exponential backoff. Business justification: compliance with ISO 27001 audit requirements. Use case documented and forwarded to Product Management. Customer expects a roadmap commitment within 2 quarters. PM acknowledged receipt; item added to the backlog with High priority scoring."
00183A352F52513,Becker & Patel S.r.l.,Partner,Telecommunications,SMB,Stockholm,100361435,25029,548851088,CASE-680771,Chat,Critical,In Progress,Data Sync Engine,2025-02-08,,Yes,Henrik Andersen,Solutions Architect,5.0,"Customer Henrik Andersen at Becker & Patel S.r.l. (Tier: SMB, Industry: Telecommunications) submitted a formal feature request for the Data Sync Engine. Request: ability to bulk-archive inactive records. Business justification: compliance with HIPAA §164.312 audit requirements. Use case documented and forwarded to Product Management. Customer expects a roadmap commitment within 4 quarters. PM acknowledged receipt; item added to the backlog with High priority scoring."
001818519A46297,Becker & Patel Sp. z o.o.,Reseller,Financial Services,Mid-Market,Munich,36322619,39258,558554539,CASE-709291,Chat,Low,Escalated,Billing Platform,2024-09-06,,Yes,Zoe Kim,Platform Architect,5.0,Client in Munich reported a critical failure in the Billing Platform integration causing a API response times exceeding 12 seconds. Error code ERR-4403 appears in logs since 2024-09-03 03:41 UTC. Contact Zoe Kim (Platform Architect) was distressed during the call and mentioned potential contractual penalties if unresolved by EOD. Initial triage confirmed the issue is environment-specific to their AP-SOUTH tenant. Reproduction steps provided; engineering queue updated. The customer's IP range was added to the allowlist following security review approval.
001C75E723DE396,Larsson & Patel GmbH,Prospect,Insurance,Enterprise,Chicago,26653615,19006,549146492,CASE-655338,Phone,High,Closed,Billing Platform,2023-11-30,2023-12-13,Yes,Wei Tanaka,DevOps Lead,,Ticket raised by Wei Tanaka (DevOps Lead) at Larsson & Patel GmbH regarding intermittent authentication failures on the Billing Platform. Approximately 74% of login attempts return a 401 with error TIMEOUT-002. Issue began after they applied their internal SSO policy update on 2023-11-30. Customer tone: patient but firm; asked for daily status updates. Support confirmed SAML assertions are malformed — attribute mapping mismatch in IdP config. Step-by-step remediation guide sent; customer to test in staging before production rollout. The third-party payment gateway's IP whitelist was updated to include the new NAT range.
0010B9AFB6F60DF,Kim & Larsson Sp. z o.o.,Customer,Technology,SMB,Sydney,117471403,10138,577562908,CASE-331854,Email,Critical,In Progress,Workflow Automation,2023-07-16,,No,Ahmed Hassan,IT Manager,4.0,Ticket raised by Ahmed Hassan (IT Manager) at Kim & Larsson Sp. z o.o. regarding intermittent authentication failures on the Workflow Automation. Approximately 19% of login attempts return a 401 with error ERR-5500. Issue began after they applied their internal SSO policy update on 2023-07-14. Customer tone: very concerned; requested a post-mortem report within 48 hours. Support confirmed SAML assertions are malformed — attribute mapping mismatch in IdP config. Step-by-step remediation guide sent; customer to test in staging before production rollout. A hotfix (v2.4.7) was deployed to production at 03:14 UTC resolving the root cause.
00192AC63FE0110,Kim & Schmidt AG,Partner,Logistics,SMB,Brussels,369892504,14858,551262331,CASE-231432,Email,High,Closed,Workflow Automation,2023-10-12,2023-11-08,Yes,Daniel Patel,Platform Architect,4.0,Daniel Patel from Kim & Schmidt AG opened this case after observing severe latency in the Workflow Automation. Average response times increased from ~200ms to over 4s beginning around 2023-10-09 19:33 UTC. Affects approximately 19 concurrent users in their APAC region. Customer is very concerned and requested a post-mortem report within 48 hours. Support engineer ran a distributed trace; bottleneck identified at the database read replica. Metrics attached to case for engineering review. Root cause traced to a race condition in the async queue; a mutex lock was introduced.
0012EDF06311B02,Rossi & Kim GmbH,Partner,Retail,Enterprise,Berlin,315966982,13118,534800996,CASE-803175,Web,Critical,Resolved,API Gateway,2025-11-17,2025-11-20,Yes,Tom Müller,VP of Engineering,1.0,New onboarding case for Rossi & Kim GmbH (Enterprise tier). Primary contact: Tom Müller (VP of Engineering). They are configuring the API Gateway for the first time and encountered difficulty mapping their existing data schema to our object model. Implementation engineer scheduled a 60-minute screenshare for 2025-11-17. Customer provided sandbox credentials; issue reproduced and root cause confirmed. Documentation gap identified — will file internal ticket to update the Quick-Start Guide. Customer confirmed resolution after applying the corrected configuration.
001ED773017FC89,Sato & Schmidt S.r.l.,Partner,Logistics,SMB,Bratislava,484575182,49425,582091897,CASE-104539,Phone,High,Escalated,Analytics Dashboard,2025-10-22,,No,Luca Dupont,Platform Architect,3.0,"Customer Luca Dupont at Sato & Schmidt S.r.l. (Tier: SMB, Industry: Logistics) submitted a formal feature request for the Analytics Dashboard. Request: ability to set custom session timeout policies per role group. Business justification: compliance with PCI-DSS 4.0 audit requirements. Use case documented and forwarded to Product Management. Customer expects a roadmap commitment within 2 quarters. PM acknowledged receipt; item added to the backlog with Medium priority scoring."
0014B76363E1930,Dupont & Okonkwo AG,Reseller,Healthcare,Mid-Market,Sydney,409742566,23684,548691113,CASE-684195,Phone,Critical,In Progress,Workflow Automation,2025-02-16,,Yes,Priya Becker,Solutions Architect,4.0,Client in Sydney reported a critical failure in the Workflow Automation integration causing a duplicate records being created in the CRM. Error code ERR-3301 appears in logs since 2025-02-13 06:32 UTC. Contact Priya Becker (Solutions Architect) was very concerned during the call and requested a post-mortem report within 48 hours. Initial triage confirmed the issue is environment-specific to their PROD-2 tenant. Reproduction steps provided; engineering queue updated. Data migration script re-run with corrected field mappings; record integrity confirmed.
0018D6F87ABBA30,Larsson & Patel GmbH,Reseller,Technology,Strategic,Chicago,281102224,43168,521409300,CASE-225008,Email,Low,Pending Customer,Identity & Access Module,2025-04-14,,No,Luca Kowalski,Solutions Architect,5.0,"Customer Luca Kowalski at Larsson & Patel GmbH (Tier: Strategic, Industry: Technology) submitted a formal feature request for the Identity & Access Module. Request: ability to export audit logs in CEF format. Business justification: compliance with SOC 2 Type II audit requirements. Use case documented and forwarded to Product Management. Customer expects a roadmap commitment within 1 quarters. PM acknowledged receipt; item added to the backlog with Medium priority scoring."
00111C128DC053A,Andersen & Sato Corp.,Reseller,Logistics,Mid-Market,Amsterdam,191678287,31193,599479873,CASE-732464,Chat,Low,Closed,Security Manager,2025-04-07,2025-05-02,Yes,Ingrid Kowalski,DevOps Lead,1.0,New onboarding case for Andersen & Sato Corp. (Mid-Market tier). Primary contact: Ingrid Kowalski (DevOps Lead). They are configuring the Security Manager for the first time and encountered missing permissions on the service account used for integration. Implementation engineer scheduled a 60-minute screenshare for 2025-04-07. Customer provided sandbox credentials; issue reproduced and root cause confirmed. Documentation gap identified — will file internal ticket to update the Quick-Start Guide. Customer confirmed resolution after applying the corrected configuration.
0015AE79EFC5264,Müller & Rossi Sp. z o.o.,Prospect,Healthcare,SMB,London,82499867,19851,593478965,CASE-753506,Phone,Critical,Resolved,Reporting Suite,2025-10-15,2025-10-27,No,James Dupont,CTO,4.0,James Dupont from Müller & Rossi Sp. z o.o. opened this case after observing severe latency in the Reporting Suite. Average response times increased from ~200ms to over 7s beginning around 2025-10-14 20:08 UTC. Affects approximately 348 concurrent users in their APAC region. Customer is escalating and looped in their VP of Engineering on the call. Support engineer ran a distributed trace; bottleneck identified at the database read replica. Metrics attached to case for engineering review. SSL certificate renewed and propagated across all edge nodes within the maintenance window.
00148AE85327860,Ferreira & Okonkwo AB,Partner,Technology,SMB,Helsinki,299358078,43225,550673953,CASE-840356,Email,Low,New,Integration Hub,2023-02-06,,No,Sophie Nguyen,Solutions Architect,1.0,"Inbound escalation from Ferreira & Okonkwo AB (Helsinki) — Sophie Nguyen reports the Integration Hub has been failing to sync records since 2023-02-06 13:56 UTC. Approximately 47,405 records are stuck in a PENDING state. Error log snippet shared by customer shows AUTH-401 with stack trace pointing to a serialisation issue in the delta-sync processor. Customer is understanding and appreciated the quick response and transparency. Workaround: manual re-trigger via admin panel unblocks individual batches but is not scalable. Engineering has reproduced the issue in staging with a dataset of matching schema. SSL certificate renewed and propagated across all edge nodes within the maintenance window."
001440B161B91F6,Müller & Nguyen SA,Prospect,Healthcare,Strategic,New York,411995857,18650,553014471,CASE-164407,Phone,Critical,Resolved,Integration Hub,2025-08-20,2025-09-01,Yes,Yuki Hassan,Solutions Architect,3.0,"Yuki Hassan (Solutions Architect) at Müller & Nguyen SA contacted support regarding an unexpected charge of $5,915 on their July invoice. Customer claims usage reported by the Integration Hub does not match their internal telemetry. Discrepancy of approximately 6% in API call counts. Finance team has been looped in. Raw usage logs pulled from billing service for 2025-08-17. Preliminary finding: a duplicate event emitter was introduced in v4.5.6 causing double-counting. Credit memo being processed; ETA 2 business days. Root cause traced to a race condition in the async queue; a mutex lock was introduced."
0010B54441C1053,Sato & Rossi AG,Customer,Logistics,Strategic,Warsaw,289560324,21382,515016739,CASE-583298,Chat,Low,In Progress,Workflow Automation,2023-04-26,,Yes,Henrik Kim,DevOps Lead,,Client in Warsaw reported a critical failure in the Workflow Automation integration causing a two-factor authentication codes not being delivered. Error code ERR-5021 appears in logs since 2023-04-25 07:15 UTC. Contact Henrik Kim (DevOps Lead) was distressed during the call and mentioned potential contractual penalties if unresolved by EOD. Initial triage confirmed the issue is environment-specific to their AP-SOUTH tenant. Reproduction steps provided; engineering queue updated. Root cause traced to a race condition in the async queue; a mutex lock was introduced.
001E81405FCF39D,Okonkwo & Kowalski S.r.l.,Prospect,Energy,SMB,Bratislava,234570958,13232,576699729,CASE-766311,Phone,High,Escalated,Security Manager,2023-07-20,,Yes,Zoe García,Senior Engineer,3.0,Zoe García from Okonkwo & Kowalski S.r.l. opened this case after observing severe latency in the Security Manager. Average response times increased from ~200ms to over 7s beginning around 2023-07-17 03:44 UTC. Affects approximately 303 concurrent users in their APAC region. Customer is frustrated and threatened to escalate to executive sponsor. Support engineer ran a distributed trace; bottleneck identified at the database read replica. Metrics attached to case for engineering review. OAuth token refresh logic was patched; all active sessions re-authenticated successfully.
00188BE4D830B32,Kowalski & Becker Ltd.,Prospect,Media & Entertainment,Enterprise,Singapore,271426285,19664,568104261,CASE-795684,Partner Portal,Medium,Closed,Security Manager,2023-07-14,2023-07-16,Yes,Raj Hassan,Senior Engineer,4.0,New onboarding case for Kowalski & Becker Ltd. (Enterprise tier). Primary contact: Raj Hassan (Senior Engineer). They are configuring the Security Manager for the first time and encountered missing permissions on the service account used for integration. Implementation engineer scheduled a 60-minute screenshare for 2023-07-12. Customer provided sandbox credentials; issue reproduced and root cause confirmed. Documentation gap identified — will file internal ticket to update the Quick-Start Guide. Customer confirmed resolution after applying the corrected configuration.
00178DFCFA51520,Sato & Kowalski Ltd.,Reseller,Insurance,Strategic,Vienna,304431450,47629,594122098,CASE-162790,Partner Portal,High,Closed,Integration Hub,2024-01-05,2024-02-03,Yes,Marcus Patel,Solutions Architect,4.0,Ticket raised by Marcus Patel (Solutions Architect) at Sato & Kowalski Ltd. regarding intermittent authentication failures on the Integration Hub. Approximately 35% of login attempts return a 401 with error ERR-5500. Issue began after they applied their internal SSO policy update on 2024-01-05. Customer tone: patient but firm; asked for daily status updates. Support confirmed SAML assertions are malformed — attribute mapping mismatch in IdP config. Step-by-step remediation guide sent; customer to test in staging before production rollout. Workaround provided: client configured batch size to 500 records; permanent fix in sprint 43.
001F72A10403CD3,Kim & Patel SA,Customer,Technology,Strategic,Sydney,81010370,12587,513718391,CASE-357516,Web,Low,In Progress,Mobile SDK,2024-10-14,,No,Ingrid Andersen,Technical Account Manager,5.0,Ingrid Andersen from Kim & Patel SA opened this case after observing severe latency in the Mobile SDK. Average response times increased from ~200ms to over 9s beginning around 2024-10-14 20:13 UTC. Affects approximately 341 concurrent users in their EMEA region. Customer is professional and requested SLA credit per the MSA terms. Support engineer ran a distributed trace; bottleneck identified at the database read replica. Metrics attached to case for engineering review. OAuth token refresh logic was patched; all active sessions re-authenticated successfully.
001A2D73ED1D233,Kowalski & Schmidt GmbH,Customer,Technology,Mid-Market,Madrid,483992457,26683,558779318,CASE-804299,Phone,Low,Escalated,API Gateway,2024-06-13,,Yes,Yuki Müller,VP of Engineering,2.0,Ticket raised by Yuki Müller (VP of Engineering) at Kowalski & Schmidt GmbH regarding intermittent authentication failures on the API Gateway. Approximately 78% of login attempts return a 401 with error DB-CONN-ERR. Issue began after they applied their internal SSO policy update on 2024-06-11. Customer tone: very concerned; requested a post-mortem report within 48 hours. Support confirmed SAML assertions are malformed — attribute mapping mismatch in IdP config. Step-by-step remediation guide sent; customer to test in staging before production rollout. Engineering identified a misconfigured load-balancer rule; it was corrected and verified.
001524374B65F7E,Sato & Nguyen Ltd.,Partner,Automotive,SMB,Helsinki,115448698,18002,568985391,CASE-528212,Web,Critical,New,Reporting Suite,2023-07-04,,No,Daniel Okonkwo,IT Manager,5.0,Daniel Okonkwo from Sato & Nguyen Ltd. opened this case after observing severe latency in the Reporting Suite. Average response times increased from ~200ms to over 14s beginning around 2023-07-03 19:07 UTC. Affects approximately 495 concurrent users in their EMEA region. Customer is critical and stated this is blocking their go-live scheduled for next Friday. Support engineer ran a distributed trace; bottleneck identified at the database read replica. Metrics attached to case for engineering review. The third-party payment gateway's IP whitelist was updated to include the new NAT range.
00176EAE1C03915,Kim & Schmidt Corp.,Customer,Energy,Strategic,Oslo,371307319,44023,542168745,CASE-365271,Partner Portal,Low,Closed,Identity & Access Module,2024-07-22,2024-08-14,Yes,Patrick Larsson,CTO,5.0,New onboarding case for Kim & Schmidt Corp. (Strategic tier). Primary contact: Patrick Larsson (CTO). They are configuring the Identity & Access Module for the first time and encountered difficulty mapping their existing data schema to our object model. Implementation engineer scheduled a 60-minute screenshare for 2024-07-21. Customer provided sandbox credentials; issue reproduced and root cause confirmed. Documentation gap identified — will file internal ticket to update the Quick-Start Guide. Customer confirmed resolution after applying the corrected configuration.
001414E99BEA052,Rossi & Johnson SA,Reseller,Healthcare,Mid-Market,Sydney,339454901,20796,596493863,CASE-526024,Phone,Medium,In Progress,Reporting Suite,2025-03-06,,Yes,Tom Kim,Platform Architect,4.0,New onboarding case for Rossi & Johnson SA (Mid-Market tier). Primary contact: Tom Kim (Platform Architect). They are configuring the Reporting Suite for the first time and encountered missing permissions on the service account used for integration. Implementation engineer scheduled a 60-minute screenshare for 2025-03-06. Customer provided sandbox credentials; issue reproduced and root cause confirmed. Documentation gap identified — will file internal ticket to update the Quick-Start Guide. Customer confirmed resolution after applying the corrected configuration.
0017849AE6D23E7,Larsson & Becker Corp.,Customer,Energy,SMB,Chicago,409582452,3424,596083599,CASE-772758,Email,Low,Pending Customer,Mobile SDK,2023-07-25,,Yes,Marcus Rossi,Head of Operations,,"Customer Marcus Rossi at Larsson & Becker Corp. (Tier: SMB, Industry: Energy) submitted a formal feature request for the Mobile SDK. Request: ability to schedule reports at sub-hourly intervals. Business justification: compliance with SOC 2 Type II audit requirements. Use case documented and forwarded to Product Management. Customer expects a roadmap commitment within 3 quarters. PM acknowledged receipt; item added to the backlog with Medium priority scoring."
001DA4DFF1CBFFD,Ferreira & Kowalski Inc.,Prospect,Healthcare,Enterprise,Bratislava,429743685,18477,536664193,CASE-188498,Chat,Medium,Resolved,Analytics Dashboard,2024-05-26,2024-06-16,Yes,Ingrid Okonkwo,DevOps Lead,4.0,Ingrid Okonkwo from Ferreira & Kowalski Inc. opened this case after observing severe latency in the Analytics Dashboard. Average response times increased from ~200ms to over 12s beginning around 2024-05-25 19:43 UTC. Affects approximately 124 concurrent users in their EMEA region. Customer is professional and requested SLA credit per the MSA terms. Support engineer ran a distributed trace; bottleneck identified at the database read replica. Metrics attached to case for engineering review. A hotfix (v2.4.7) was deployed to production at 03:14 UTC resolving the root cause.
001AD76D8110729,Nguyen & Williams AB,Prospect,Automotive,Mid-Market,Oslo,91834025,37184,525750520,CASE-114800,Partner Portal,Low,New,Data Sync Engine,2025-08-05,,No,Yuki Müller,Technical Account Manager,5.0,Ticket raised by Yuki Müller (Technical Account Manager) at Nguyen & Williams AB regarding intermittent authentication failures on the Data Sync Engine. Approximately 20% of login attempts return a 401 with error ERR-4009. Issue began after they applied their internal SSO policy update on 2025-08-04. Customer tone: distressed; mentioned potential contractual penalties if unresolved by EOD. Support confirmed SAML assertions are malformed — attribute mapping mismatch in IdP config. Step-by-step remediation guide sent; customer to test in staging before production rollout. Workaround provided: client configured batch size to 500 records; permanent fix in sprint 43.
001AB7D7D82B89A,García & Kim Ltd.,Customer,Retail,SMB,Amsterdam,156296157,17167,541606345,CASE-747684,Chat,High,In Progress,Billing Platform,2025-10-09,,Yes,Carlos Williams,IT Manager,5.0,Carlos Williams from García & Kim Ltd. opened this case after observing severe latency in the Billing Platform. Average response times increased from ~200ms to over 4s beginning around 2025-10-06 04:27 UTC. Affects approximately 15 concurrent users in their APAC region. Customer is distressed and mentioned potential contractual penalties if unresolved by EOD. Support engineer ran a distributed trace; bottleneck identified at the database read replica. Metrics attached to case for engineering review. The database index was rebuilt and query performance restored to baseline.
001BAF13BE30A86,Dupont & Novak GmbH,Reseller,Media & Entertainment,Strategic,Copenhagen,488100408,23229,591386202,CASE-803375,Partner Portal,Critical,In Progress,Identity & Access Module,2025-02-24,,Yes,Tom Rossi,CTO,3.0,Ticket raised by Tom Rossi (CTO) at Dupont & Novak GmbH regarding intermittent authentication failures on the Identity & Access Module. Approximately 43% of login attempts return a 401 with error AUTH-401. Issue began after they applied their internal SSO policy update on 2025-02-21. Customer tone: professional; requested SLA credit per the MSA terms. Support confirmed SAML assertions are malformed — attribute mapping mismatch in IdP config. Step-by-step remediation guide sent; customer to test in staging before production rollout. Pending further investigation; case escalated to Tier-3 Engineering with P1 SLA applied.
001EAF453CA0EEB,Ferreira & Tanaka AG,Partner,Manufacturing,Enterprise,Warsaw,140304412,7667,552046335,CASE-146307,Email,Low,Pending Customer,Security Manager,2024-01-03,,Yes,Isabella Okonkwo,Senior Engineer,3.0,"Customer Isabella Okonkwo at Ferreira & Tanaka AG (Tier: Enterprise, Industry: Manufacturing) submitted a formal feature request for the Security Manager. Request: ability to schedule reports at sub-hourly intervals. Business justification: compliance with GDPR Article 30 audit requirements. Use case documented and forwarded to Product Management. Customer expects a roadmap commitment within 3 quarters. PM acknowledged receipt; item added to the backlog with Medium priority scoring."
0010C8FF93695A3,Müller & García Inc.,Reseller,Logistics,Strategic,Helsinki,140206679,10728,572697508,CASE-557629,Phone,Low,New,Analytics Dashboard,2024-10-08,,Yes,Zoe Ferreira,CTO,4.0,Zoe Ferreira from Müller & García Inc. opened this case after observing severe latency in the Analytics Dashboard. Average response times increased from ~200ms to over 14s beginning around 2024-10-05 04:35 UTC. Affects approximately 297 concurrent users in their APAC region. Customer is critical and stated this is blocking their go-live scheduled for next Friday. Support engineer ran a distributed trace; bottleneck identified at the database read replica. Metrics attached to case for engineering review. SSL certificate renewed and propagated across all edge nodes within the maintenance window.
0011EBEC53DD3C8,Patel & Hassan SA,Customer,Healthcare,Mid-Market,Brussels,282902371,37417,534235540,CASE-536646,Phone,High,In Progress,Data Sync Engine,2024-12-16,,No,Fatima Patel,Technical Account Manager,5.0,"Customer Fatima Patel at Patel & Hassan SA (Tier: Mid-Market, Industry: Healthcare) submitted a formal feature request for the Data Sync Engine. Request: ability to export audit logs in CEF format. Business justification: compliance with GDPR Article 30 audit requirements. Use case documented and forwarded to Product Management. Customer expects a roadmap commitment within 1 quarters. PM acknowledged receipt; item added to the backlog with Medium priority scoring."
001415ED9D760C4,Ferreira & Kowalski Sp. z o.o.,Prospect,Automotive,Enterprise,Sydney,24040177,43012,593532396,CASE-575111,Web,High,New,Mobile SDK,2025-02-04,,Yes,James Rossi,DevOps Lead,,"James Rossi (DevOps Lead) at Ferreira & Kowalski Sp. z o.o. contacted support regarding an unexpected charge of $13,332 on their May invoice. Customer claims usage reported by the Mobile SDK does not match their internal telemetry. Discrepancy of approximately 25% in API call counts. Finance team has been looped in. Raw usage logs pulled from billing service for 2025-02-04. Preliminary finding: a duplicate event emitter was introduced in v2.1.8 causing double-counting. Credit memo being processed; ETA 6 business days. Root cause traced to a race condition in the async queue; a mutex lock was introduced."
0014BE0D4F6A8CC,Nguyen & Nguyen SA,Reseller,Energy,SMB,Paris,395577549,20332,591002225,CASE-237664,Web,Critical,Pending Customer,Analytics Dashboard,2024-05-06,,Yes,Carlos Patel,IT Director,5.0,Client in Paris reported a critical failure in the Analytics Dashboard integration causing a webhook events not firing for payment completions. Error code SYNC-FAIL-07 appears in logs since 2024-05-03 02:01 UTC. Contact Carlos Patel (IT Director) was escalating during the call and looped in their VP of Engineering on the call. Initial triage confirmed the issue is environment-specific to their PROD-2 tenant. Reproduction steps provided; engineering queue updated. SSL certificate renewed and propagated across all edge nodes within the maintenance window.
0011895B279A66A,Rossi & Müller S.r.l.,Partner,Insurance,Strategic,Vienna,266424108,34565,594498056,CASE-778665,Partner Portal,Critical,In Progress,Data Sync Engine,2025-05-15,,Yes,Ingrid Becker,Senior Engineer,4.0,"Inbound escalation from Rossi & Müller S.r.l. (Vienna) — Ingrid Becker reports the Data Sync Engine has been failing to sync records since 2025-05-13 19:11 UTC. Approximately 5,689 records are stuck in a PENDING state. Error log snippet shared by customer shows SYNC-FAIL-07 with stack trace pointing to a serialisation issue in the delta-sync processor. Customer is professional and requested SLA credit per the MSA terms. Workaround: manual re-trigger via admin panel unblocks individual batches but is not scalable. Engineering has reproduced the issue in staging with a dataset of matching schema. A stale CDN cache was purged globally; content now serves correctly in all regions."
001D2894B1316AF,Rossi & Müller S.r.l.,Customer,Manufacturing,SMB,Milan,249960554,43319,586299853,CASE-952308,Web,Medium,Pending Customer,Identity & Access Module,2025-12-07,,Yes,Maria Novak,VP of Engineering,5.0,"Maria Novak (VP of Engineering) at Rossi & Müller S.r.l. contacted support regarding an unexpected charge of $1,539 on their July invoice. Customer claims usage reported by the Identity & Access Module does not match their internal telemetry. Discrepancy of approximately 6% in API call counts. Finance team has been looped in. Raw usage logs pulled from billing service for 2025-12-04. Preliminary finding: a duplicate event emitter was introduced in v2.7.2 causing double-counting. Credit memo being processed; ETA 3 business days. Root cause traced to a race condition in the async queue; a mutex lock was introduced."
001650045953872,Okonkwo & Patel Ltd.,Prospect,Healthcare,Strategic,Berlin,468445167,44142,524271459,CASE-554871,Partner Portal,Critical,Resolved,Billing Platform,2024-10-04,2024-10-27,Yes,Clara Andersen,IT Director,4.0,Client in Berlin reported a critical failure in the Billing Platform integration causing a 30% drop in data syncs. Error code ERR-5500 appears in logs since 2024-10-01 21:28 UTC. Contact Clara Andersen (IT Director) was very concerned during the call and requested a post-mortem report within 48 hours. Initial triage confirmed the issue is environment-specific to their PROD-2 tenant. Reproduction steps provided; engineering queue updated. SSL certificate renewed and propagated across all edge nodes within the maintenance window.
001BD2B7FCF3AFF,Schmidt & García AG,Partner,Energy,Strategic,Toronto,258797826,42518,529482265,CASE-781301,Email,Low,New,Billing Platform,2025-01-08,,Yes,Ahmed Tanaka,CTO,,"Customer Ahmed Tanaka at Schmidt & García AG (Tier: Strategic, Industry: Energy) submitted a formal feature request for the Billing Platform. Request: ability to bulk-archive inactive records. Business justification: compliance with HIPAA §164.312 audit requirements. Use case documented and forwarded to Product Management. Customer expects a roadmap commitment within 2 quarters. PM acknowledged receipt; item added to the backlog with Medium priority scoring."
001FFBDA3725EDC,Sato & Johnson Ltd.,Customer,Financial Services,Enterprise,Budapest,179734386,526,523779264,CASE-761032,Chat,Low,Pending Customer,Analytics Dashboard,2023-11-09,,No,James Ferreira,DevOps Lead,5.0,"James Ferreira (DevOps Lead) at Sato & Johnson Ltd. contacted support regarding an unexpected charge of $9,962 on their July invoice. Customer claims usage reported by the Analytics Dashboard does not match their internal telemetry. Discrepancy of approximately 23% in API call counts. Finance team has been looped in. Raw usage logs pulled from billing service for 2023-11-06. Preliminary finding: a duplicate event emitter was introduced in v2.7.6 causing double-counting. Credit memo being processed; ETA 5 business days. The customer's IP range was added to the allowlist following security review approval."
0013CED9A40CB7A,Rossi & Andersen AB,Prospect,Media & Entertainment,Strategic,Bratislava,241192861,45722,568549800,CASE-121817,Email,Medium,Resolved,Identity & Access Module,2023-05-05,2023-05-20,Yes,Daniel Novak,Solutions Architect,4.0,Client in Bratislava reported a critical failure in the Identity & Access Module integration causing a webhook events not firing for payment completions. Error code ERR-4009 appears in logs since 2023-05-05 13:36 UTC. Contact Daniel Novak (Solutions Architect) was critical during the call and stated this is blocking their go-live scheduled for next Friday. Initial triage confirmed the issue is environment-specific to their US-EAST tenant. Reproduction steps provided; engineering queue updated. Data migration script re-run with corrected field mappings; record integrity confirmed.
00124088570C47E,Kowalski & Patel Corp.,Customer,Logistics,Strategic,Sydney,358623207,31656,527327046,CASE-281708,Email,High,Closed,Analytics Dashboard,2024-08-23,2024-09-14,No,Zoe Larsson,Platform Architect,,Ticket raised by Zoe Larsson (Platform Architect) at Kowalski & Patel Corp. regarding intermittent authentication failures on the Analytics Dashboard. Approximately 68% of login attempts return a 401 with error ERR-3301. Issue began after they applied their internal SSO policy update on 2024-08-20. Customer tone: professional; requested SLA credit per the MSA terms. Support confirmed SAML assertions are malformed — attribute mapping mismatch in IdP config. Step-by-step remediation guide sent; customer to test in staging before production rollout. OAuth token refresh logic was patched; all active sessions re-authenticated successfully.
0011CDEC00B0473,Hassan & Müller AG,Partner,Pharmaceuticals,Enterprise,Amsterdam,65293894,36840,540077607,CASE-609990,Web,Medium,Resolved,API Gateway,2025-01-04,2025-01-07,Yes,Yuki Patel,Senior Engineer,,"Inbound escalation from Hassan & Müller AG (Amsterdam) — Yuki Patel reports the API Gateway has been failing to sync records since 2025-01-02 11:43 UTC. Approximately 10,407 records are stuck in a PENDING state. Error log snippet shared by customer shows DB-CONN-ERR with stack trace pointing to a serialisation issue in the delta-sync processor. Customer is understanding and appreciated the quick response and transparency. Workaround: manual re-trigger via admin panel unblocks individual batches but is not scalable. Engineering has reproduced the issue in staging with a dataset of matching schema. Data migration script re-run with corrected field mappings; record integrity confirmed."
00150EA44750502,Dupont & Novak GmbH,Customer,Healthcare,Enterprise,Sydney,468044491,13470,558538289,CASE-264660,Web,Low,Closed,Reporting Suite,2025-07-25,2025-07-30,No,Clara Williams,Head of Operations,,Client in Sydney reported a critical failure in the Reporting Suite integration causing a search results returning stale cached data. Error code TIMEOUT-002 appears in logs since 2025-07-25 03:50 UTC. Contact Clara Williams (Head of Operations) was patient but firm during the call and asked for daily status updates. Initial triage confirmed the issue is environment-specific to their AP-SOUTH tenant. Reproduction steps provided; engineering queue updated. The database index was rebuilt and query performance restored to baseline.
001AFC5D32C82C5,Patel & Rossi SA,Prospect,Retail,Strategic,London,338428242,43591,542943913,CASE-258975,Partner Portal,Low,Pending Customer,Mobile SDK,2023-01-14,,Yes,Fatima Hassan,Senior Engineer,1.0,"Customer Fatima Hassan at Patel & Rossi SA (Tier: Strategic, Industry: Retail) submitted a formal feature request for the Mobile SDK. Request: ability to schedule reports at sub-hourly intervals. Business justification: compliance with HIPAA §164.312 audit requirements. Use case documented and forwarded to Product Management. Customer expects a roadmap commitment within 4 quarters. PM acknowledged receipt; item added to the backlog with Medium priority scoring."
001256D19A15436,Rossi & Okonkwo BV,Customer,Automotive,SMB,Helsinki,211633216,49764,514978636,CASE-792244,Email,Critical,Pending Customer,API Gateway,2025-06-25,,Yes,Marcus Rossi,IT Manager,4.0,New onboarding case for Rossi & Okonkwo BV (SMB tier). Primary contact: Marcus Rossi (IT Manager). They are configuring the API Gateway for the first time and encountered missing permissions on the service account used for integration. Implementation engineer scheduled a 60-minute screenshare for 2025-06-24. Customer provided sandbox credentials; issue reproduced and root cause confirmed. Documentation gap identified — will file internal ticket to update the Quick-Start Guide. Customer confirmed resolution after applying the corrected configuration.
00178ED22072263,Tanaka & Nguyen Sp. z o.o.,Reseller,Media & Entertainment,SMB,Sydney,374951872,22636,597074691,CASE-524154,Email,Medium,Resolved,Workflow Automation,2024-12-05,2024-12-24,Yes,Marcus Williams,Platform Architect,,"Marcus Williams (Platform Architect) at Tanaka & Nguyen Sp. z o.o. contacted support regarding an unexpected charge of $9,005 on their May invoice. Customer claims usage reported by the Workflow Automation does not match their internal telemetry. Discrepancy of approximately 29% in API call counts. Finance team has been looped in. Raw usage logs pulled from billing service for 2024-12-05. Preliminary finding: a duplicate event emitter was introduced in v4.2.8 causing double-counting. Credit memo being processed; ETA 6 business days. A stale CDN cache was purged globally; content now serves correctly in all regions."
0014EE5B69ACBD4,Andersen & Johnson SA,Customer,Healthcare,SMB,Amsterdam,452321670,24453,544863921,CASE-757446,Partner Portal,Medium,Closed,Integration Hub,2024-11-28,2024-12-01,Yes,Aisha Sato,IT Manager,,"Aisha Sato (IT Manager) at Andersen & Johnson SA contacted support regarding an unexpected charge of $12,595 on their March invoice. Customer claims usage reported by the Integration Hub does not match their internal telemetry. Discrepancy of approximately 33% in API call counts. Finance team has been looped in. Raw usage logs pulled from billing service for 2024-11-27. Preliminary finding: a duplicate event emitter was introduced in v3.9.0 causing double-counting. Credit memo being processed; ETA 5 business days. The third-party payment gateway's IP whitelist was updated to include the new NAT range."
00174F97D391279,Tanaka & Nguyen S.r.l.,Partner,Media & Entertainment,Mid-Market,Zurich,442260322,23686,570976401,CASE-202747,Email,Low,Resolved,Workflow Automation,2024-09-04,2024-09-14,No,Patrick Sato,Platform Architect,,Client in Zurich reported a critical failure in the Workflow Automation integration causing a 30% drop in data syncs. Error code AUTH-401 appears in logs since 2024-09-02 21:50 UTC. Contact Patrick Sato (Platform Architect) was very concerned during the call and requested a post-mortem report within 48 hours. Initial triage confirmed the issue is environment-specific to their US-EAST tenant. Reproduction steps provided; engineering queue updated. SSL certificate renewed and propagated across all edge nodes within the maintenance window.
0015B729E10F36A,Andersen & Sato Sp. z o.o.,Reseller,Telecommunications,Enterprise,Amsterdam,442780610,10682,529373816,CASE-630354,Email,Low,Pending Customer,Workflow Automation,2025-12-13,,No,Marcus Nguyen,IT Manager,1.0,"Inbound escalation from Andersen & Sato Sp. z o.o. (Amsterdam) — Marcus Nguyen reports the Workflow Automation has been failing to sync records since 2025-12-10 18:35 UTC. Approximately 46,012 records are stuck in a PENDING state. Error log snippet shared by customer shows ERR-4009 with stack trace pointing to a serialisation issue in the delta-sync processor. Customer is very concerned and requested a post-mortem report within 48 hours. Workaround: manual re-trigger via admin panel unblocks individual batches but is not scalable. Engineering has reproduced the issue in staging with a dataset of matching schema. SSL certificate renewed and propagated across all edge nodes within the maintenance window."
00100ADECC285C3,Dupont & Larsson Corp.,Customer,Financial Services,Mid-Market,Brussels,199930016,19993,560259138,CASE-417991,Web,Low,In Progress,Integration Hub,2025-01-26,,Yes,Ingrid Dupont,DevOps Lead,1.0,Client in Brussels reported a critical failure in the Integration Hub integration causing a audit logs missing entries for the past 48 hours. Error code SSL-HANDSHAKE appears in logs since 2025-01-26 19:54 UTC. Contact Ingrid Dupont (DevOps Lead) was patient but firm during the call and asked for daily status updates. Initial triage confirmed the issue is environment-specific to their PROD-2 tenant. Reproduction steps provided; engineering queue updated. A hotfix (v2.4.7) was deployed to production at 03:14 UTC resolving the root cause.
001BD5BEB094908,Müller & Becker Sp. z o.o.,Prospect,Technology,Mid-Market,Stockholm,419983738,24737,573783961,CASE-974994,Partner Portal,High,Pending Customer,Analytics Dashboard,2025-09-28,,Yes,Elena Rossi,Technical Account Manager,5.0,Ticket raised by Elena Rossi (Technical Account Manager) at Müller & Becker Sp. z o.o. regarding intermittent authentication failures on the Analytics Dashboard. Approximately 62% of login attempts return a 401 with error SYNC-FAIL-07. Issue began after they applied their internal SSO policy update on 2025-09-28. Customer tone: distressed; mentioned potential contractual penalties if unresolved by EOD. Support confirmed SAML assertions are malformed — attribute mapping mismatch in IdP config. Step-by-step remediation guide sent; customer to test in staging before production rollout. The database index was rebuilt and query performance restored to baseline.
0016416014E0084,Novak & Müller Sp. z o.o.,Customer,Logistics,Enterprise,Chicago,307587365,41304,551452887,CASE-688297,Phone,Critical,In Progress,Security Manager,2025-04-18,,Yes,Omar Okonkwo,DevOps Lead,5.0,"Customer Omar Okonkwo at Novak & Müller Sp. z o.o. (Tier: Enterprise, Industry: Logistics) submitted a formal feature request for the Security Manager. Request: ability to receive webhook retries with exponential backoff. Business justification: compliance with PCI-DSS 4.0 audit requirements. Use case documented and forwarded to Product Management. Customer expects a roadmap commitment within 1 quarters. PM acknowledged receipt; item added to the backlog with High priority scoring."
001EB3A997A33B8,Sato & Ferreira AG,Customer,Telecommunications,Enterprise,New York,264357578,1534,555628196,CASE-558245,Email,Low,Pending Customer,Data Sync Engine,2025-12-25,,Yes,Carlos Johnson,Head of Operations,5.0,"Carlos Johnson (Head of Operations) at Sato & Ferreira AG contacted support regarding an unexpected charge of $5,399 on their June invoice. Customer claims usage reported by the Data Sync Engine does not match their internal telemetry. Discrepancy of approximately 21% in API call counts. Finance team has been looped in. Raw usage logs pulled from billing service for 2025-12-24. Preliminary finding: a duplicate event emitter was introduced in v2.1.1 causing double-counting. Credit memo being processed; ETA 6 business days. The database index was rebuilt and query performance restored to baseline."
001C9E0AFFEDF26,Müller & Williams BV,Prospect,Manufacturing,Mid-Market,Stockholm,209847288,6481,552955238,CASE-249380,Chat,Medium,New,Billing Platform,2023-07-03,,Yes,Zoe Patel,IT Director,4.0,Client in Stockholm reported a critical failure in the Billing Platform integration causing a 30% drop in data syncs. Error code ERR-4009 appears in logs since 2023-07-02 09:26 UTC. Contact Zoe Patel (IT Director) was very concerned during the call and requested a post-mortem report within 48 hours. Initial triage confirmed the issue is environment-specific to their US-EAST tenant. Reproduction steps provided; engineering queue updated. Data migration script re-run with corrected field mappings; record integrity confirmed.
001A9CFAFB3E5D2,Ferreira & Novak AB,Partner,Retail,Strategic,Bratislava,491057794,1230,546126008,CASE-680990,Partner Portal,Critical,Pending Customer,Integration Hub,2025-10-30,,Yes,Maria Okonkwo,VP of Engineering,5.0,"Inbound escalation from Ferreira & Novak AB (Bratislava) — Maria Okonkwo reports the Integration Hub has been failing to sync records since 2025-10-27 03:17 UTC. Approximately 20,463 records are stuck in a PENDING state. Error log snippet shared by customer shows SSL-HANDSHAKE with stack trace pointing to a serialisation issue in the delta-sync processor. Customer is patient but firm and asked for daily status updates. Workaround: manual re-trigger via admin panel unblocks individual batches but is not scalable. Engineering has reproduced the issue in staging with a dataset of matching schema. Root cause traced to a race condition in the async queue; a mutex lock was introduced."
001831A59D934DB,Ferreira & Müller GmbH,Partner,Healthcare,Mid-Market,Lisbon,791484,3953,574717944,CASE-386578,Partner Portal,Medium,Escalated,Analytics Dashboard,2025-02-03,,No,Ingrid Novak,Solutions Architect,3.0,New onboarding case for Ferreira & Müller GmbH (Mid-Market tier). Primary contact: Ingrid Novak (Solutions Architect). They are configuring the Analytics Dashboard for the first time and encountered confusion around webhook signature verification. Implementation engineer scheduled a 60-minute screenshare for 2025-02-02. Customer provided sandbox credentials; issue reproduced and root cause confirmed. Documentation gap identified — will file internal ticket to update the Quick-Start Guide. Customer confirmed resolution after applying the corrected configuration.
001448003D95D9F,Tanaka & Novak SA,Prospect,Pharmaceuticals,SMB,Bratislava,475057170,44712,555987725,CASE-766023,Web,Low,Resolved,API Gateway,2023-11-27,2023-12-16,Yes,Omar Dupont,IT Manager,2.0,Omar Dupont from Tanaka & Novak SA opened this case after observing severe latency in the API Gateway. Average response times increased from ~200ms to over 8s beginning around 2023-11-27 09:05 UTC. Affects approximately 117 concurrent users in their APAC region. Customer is critical and stated this is blocking their go-live scheduled for next Friday. Support engineer ran a distributed trace; bottleneck identified at the database read replica. Metrics attached to case for engineering review. Data migration script re-run with corrected field mappings; record integrity confirmed.
0018CD79E39FD02,Novak & Kowalski AB,Customer,Financial Services,Mid-Market,Copenhagen,289685157,2038,569750614,CASE-804900,Phone,Medium,Closed,API Gateway,2025-09-02,2025-09-27,No,Yuki Becker,Head of Operations,5.0,Client in Copenhagen reported a critical failure in the API Gateway integration causing a duplicate records being created in the CRM. Error code ERR-5500 appears in logs since 2025-09-02 00:43 UTC. Contact Yuki Becker (Head of Operations) was critical during the call and stated this is blocking their go-live scheduled for next Friday. Initial triage confirmed the issue is environment-specific to their EU-WEST tenant. Reproduction steps provided; engineering queue updated. Engineering identified a misconfigured load-balancer rule; it was corrected and verified.
001224D9E135856,García & Rossi Corp.,Partner,Logistics,Mid-Market,Lisbon,265611508,23799,514938681,CASE-394394,Chat,High,In Progress,Reporting Suite,2023-01-20,,Yes,Tom Larsson,DevOps Lead,2.0,New onboarding case for García & Rossi Corp. (Mid-Market tier). Primary contact: Tom Larsson (DevOps Lead). They are configuring the Reporting Suite for the first time and encountered missing permissions on the service account used for integration. Implementation engineer scheduled a 60-minute screenshare for 2023-01-19. Customer provided sandbox credentials; issue reproduced and root cause confirmed. Documentation gap identified — will file internal ticket to update the Quick-Start Guide. Customer confirmed resolution after applying the corrected configuration.
001D0DCA4F9CCF4,Tanaka & Andersen Corp.,Partner,Technology,Strategic,London,455587848,44442,513102778,CASE-826648,Partner Portal,Medium,Escalated,Analytics Dashboard,2024-02-01,,No,Ahmed Rossi,Platform Architect,,"Ahmed Rossi (Platform Architect) at Tanaka & Andersen Corp. contacted support regarding an unexpected charge of $7,197 on their March invoice. Customer claims usage reported by the Analytics Dashboard does not match their internal telemetry. Discrepancy of approximately 25% in API call counts. Finance team has been looped in. Raw usage logs pulled from billing service for 2024-01-31. Preliminary finding: a duplicate event emitter was introduced in v3.6.4 causing double-counting. Credit memo being processed; ETA 2 business days. Pending further investigation; case escalated to Tier-3 Engineering with P1 SLA applied."
001DD04FD2EA05D,Becker & Novak Sp. z o.o.,Prospect,Telecommunications,Strategic,Helsinki,44420818,37484,513405363,CASE-873266,Email,Low,In Progress,Workflow Automation,2025-11-25,,Yes,Maria Andersen,Senior Engineer,2.0,Client in Helsinki reported a critical failure in the Workflow Automation integration causing a invoice generation failures affecting 200+ clients. Error code TIMEOUT-002 appears in logs since 2025-11-25 23:14 UTC. Contact Maria Andersen (Senior Engineer) was escalating during the call and looped in their VP of Engineering on the call. Initial triage confirmed the issue is environment-specific to their AP-SOUTH tenant. Reproduction steps provided; engineering queue updated. Engineering identified a misconfigured load-balancer rule; it was corrected and verified.
001D0909D7B692A,Andersen & Johnson AG,Customer,Automotive,Enterprise,Tokyo,441611285,21872,579749603,CASE-932685,Email,Critical,Escalated,API Gateway,2025-09-09,,No,Henrik Okonkwo,Solutions Architect,,Henrik Okonkwo from Andersen & Johnson AG opened this case after observing severe latency in the API Gateway. Average response times increased from ~200ms to over 12s beginning around 2025-09-06 00:37 UTC. Affects approximately 73 concurrent users in their EMEA region. Customer is distressed and mentioned potential contractual penalties if unresolved by EOD. Support engineer ran a distributed trace; bottleneck identified at the database read replica. Metrics attached to case for engineering review. A hotfix (v2.4.7) was deployed to production at 03:14 UTC resolving the root cause.
0018B405A8E5CB7,Becker & Rossi AG,Reseller,Energy,SMB,Berlin,216151954,6290,592852868,CASE-888490,Chat,High,Escalated,Data Sync Engine,2023-09-19,,Yes,Fatima Williams,CTO,4.0,"Fatima Williams (CTO) at Becker & Rossi AG contacted support regarding an unexpected charge of $6,490 on their June invoice. Customer claims usage reported by the Data Sync Engine does not match their internal telemetry. Discrepancy of approximately 32% in API call counts. Finance team has been looped in. Raw usage logs pulled from billing service for 2023-09-19. Preliminary finding: a duplicate event emitter was introduced in v4.9.1 causing double-counting. Credit memo being processed; ETA 4 business days. Pending further investigation; case escalated to Tier-3 Engineering with P1 SLA applied."
001CF6289447449,Rossi & Sato Ltd.,Prospect,Financial Services,Strategic,Sydney,191299206,27601,574612320,CASE-859822,Partner Portal,Low,Resolved,Integration Hub,2024-11-03,2024-11-23,Yes,James Williams,Technical Account Manager,2.0,James Williams from Rossi & Sato Ltd. opened this case after observing severe latency in the Integration Hub. Average response times increased from ~200ms to over 15s beginning around 2024-11-02 03:06 UTC. Affects approximately 32 concurrent users in their EMEA region. Customer is patient but firm and asked for daily status updates. Support engineer ran a distributed trace; bottleneck identified at the database read replica. Metrics attached to case for engineering review. The database index was rebuilt and query performance restored to baseline.
0010590675F9851,Tanaka & Kowalski SA,Customer,Insurance,Strategic,Stockholm,278427648,38442,598271886,CASE-811249,Email,Critical,Escalated,Integration Hub,2025-01-02,,Yes,Aisha Tanaka,Technical Account Manager,5.0,Ticket raised by Aisha Tanaka (Technical Account Manager) at Tanaka & Kowalski SA regarding intermittent authentication failures on the Integration Hub. Approximately 59% of login attempts return a 401 with error TIMEOUT-002. Issue began after they applied their internal SSO policy update on 2024-12-31. Customer tone: frustrated; threatened to escalate to executive sponsor. Support confirmed SAML assertions are malformed — attribute mapping mismatch in IdP config. Step-by-step remediation guide sent; customer to test in staging before production rollout. OAuth token refresh logic was patched; all active sessions re-authenticated successfully.
00148E0C8698CA4,Williams & Okonkwo Corp.,Reseller,Automotive,Mid-Market,Amsterdam,176926009,10645,524072446,CASE-576370,Phone,Low,Escalated,Data Sync Engine,2024-11-30,,Yes,Patrick Ferreira,Technical Account Manager,,Ticket raised by Patrick Ferreira (Technical Account Manager) at Williams & Okonkwo Corp. regarding intermittent authentication failures on the Data Sync Engine. Approximately 34% of login attempts return a 401 with error SYNC-FAIL-07. Issue began after they applied their internal SSO policy update on 2024-11-29. Customer tone: escalating; looped in their VP of Engineering on the call. Support confirmed SAML assertions are malformed — attribute mapping mismatch in IdP config. Step-by-step remediation guide sent; customer to test in staging before production rollout. Data migration script re-run with corrected field mappings; record integrity confirmed.
001207642E9AD52,Schmidt & Rossi BV,Prospect,Retail,Strategic,Amsterdam,236942310,12750,594736292,CASE-714136,Web,Critical,In Progress,Workflow Automation,2025-02-08,,Yes,James Larsson,CTO,2.0,"James Larsson (CTO) at Schmidt & Rossi BV contacted support regarding an unexpected charge of $3,441 on their May invoice. Customer claims usage reported by the Workflow Automation does not match their internal telemetry. Discrepancy of approximately 16% in API call counts. Finance team has been looped in. Raw usage logs pulled from billing service for 2025-02-07. Preliminary finding: a duplicate event emitter was introduced in v2.4.2 causing double-counting. Credit memo being processed; ETA 4 business days. The customer's IP range was added to the allowlist following security review approval."
0013DEC25E1BD8A,Nguyen & Dupont BV,Prospect,Manufacturing,Mid-Market,Zurich,435090436,24412,598705666,CASE-279683,Partner Portal,Low,In Progress,API Gateway,2023-12-27,,Yes,Zoe Tanaka,Platform Architect,,Ticket raised by Zoe Tanaka (Platform Architect) at Nguyen & Dupont BV regarding intermittent authentication failures on the API Gateway. Approximately 21% of login attempts return a 401 with error ERR-4009. Issue began after they applied their internal SSO policy update on 2023-12-25. Customer tone: patient but firm; asked for daily status updates. Support confirmed SAML assertions are malformed — attribute mapping mismatch in IdP config. Step-by-step remediation guide sent; customer to test in staging before production rollout. OAuth token refresh logic was patched; all active sessions re-authenticated successfully.
0010A1A5C085481,García & Novak SA,Prospect,Energy,SMB,Oslo,469108579,8297,578218774,CASE-712454,Chat,High,New,Workflow Automation,2025-05-29,,Yes,Clara Sato,IT Director,4.0,Ticket raised by Clara Sato (IT Director) at García & Novak SA regarding intermittent authentication failures on the Workflow Automation. Approximately 26% of login attempts return a 401 with error DB-CONN-ERR. Issue began after they applied their internal SSO policy update on 2025-05-28. Customer tone: very concerned; requested a post-mortem report within 48 hours. Support confirmed SAML assertions are malformed — attribute mapping mismatch in IdP config. Step-by-step remediation guide sent; customer to test in staging before production rollout. Root cause traced to a race condition in the async queue; a mutex lock was introduced.
00107A1A288E3BB,Hassan & Kowalski Sp. z o.o.,Customer,Automotive,SMB,New York,111739436,14396,537246265,CASE-574040,Email,Low,Pending Customer,Reporting Suite,2025-11-28,,Yes,Patrick Larsson,Solutions Architect,3.0,Ticket raised by Patrick Larsson (Solutions Architect) at Hassan & Kowalski Sp. z o.o. regarding intermittent authentication failures on the Reporting Suite. Approximately 53% of login attempts return a 401 with error SSL-HANDSHAKE. Issue began after they applied their internal SSO policy update on 2025-11-25. Customer tone: professional; requested SLA credit per the MSA terms. Support confirmed SAML assertions are malformed — attribute mapping mismatch in IdP config. Step-by-step remediation guide sent; customer to test in staging before production rollout. The database index was rebuilt and query performance restored to baseline.
001DD22A0C04ADB,Sato & Müller Sp. z o.o.,Reseller,Technology,Enterprise,Warsaw,251514524,28354,564888712,CASE-485364,Chat,Medium,Pending Customer,Analytics Dashboard,2023-06-22,,Yes,Elena Johnson,Head of Operations,4.0,Elena Johnson (Head of Operations) at Sato & Müller Sp. z o.o. contacted support regarding an unexpected charge of $604 on their April invoice. Customer claims usage reported by the Analytics Dashboard does not match their internal telemetry. Discrepancy of approximately 33% in API call counts. Finance team has been looped in. Raw usage logs pulled from billing service for 2023-06-20. Preliminary finding: a duplicate event emitter was introduced in v2.4.1 causing double-counting. Credit memo being processed; ETA 4 business days. Engineering identified a misconfigured load-balancer rule; it was corrected and verified.
001A5C11DA145B5,Novak & García BV,Prospect,Pharmaceuticals,Enterprise,Stockholm,400582295,44806,546838009,CASE-299903,Partner Portal,High,Escalated,Billing Platform,2024-04-11,,Yes,Elena Müller,Platform Architect,,"Customer Elena Müller at Novak & García BV (Tier: Enterprise, Industry: Pharmaceuticals) submitted a formal feature request for the Billing Platform. Request: ability to bulk-archive inactive records. Business justification: compliance with GDPR Article 30 audit requirements. Use case documented and forwarded to Product Management. Customer expects a roadmap commitment within 3 quarters. PM acknowledged receipt; item added to the backlog with Medium priority scoring."
0013A4D9655017A,Kowalski & Johnson S.r.l.,Reseller,Insurance,Enterprise,Prague,183390215,5637,552020192,CASE-986887,Email,Low,Pending Customer,Reporting Suite,2025-11-15,,No,Priya García,Technical Account Manager,2.0,New onboarding case for Kowalski & Johnson S.r.l. (Enterprise tier). Primary contact: Priya García (Technical Account Manager). They are configuring the Reporting Suite for the first time and encountered missing permissions on the service account used for integration. Implementation engineer scheduled a 60-minute screenshare for 2025-11-14. Customer provided sandbox credentials; issue reproduced and root cause confirmed. Documentation gap identified — will file internal ticket to update the Quick-Start Guide. Customer confirmed resolution after applying the corrected configuration.
001C2ABBF6D45DB,Larsson & Okonkwo Ltd.,Prospect,Pharmaceuticals,Enterprise,Lisbon,175562607,38476,513119198,CASE-695148,Phone,High,Pending Customer,Workflow Automation,2023-10-12,,Yes,James Kowalski,IT Manager,3.0,"Inbound escalation from Larsson & Okonkwo Ltd. (Lisbon) — James Kowalski reports the Workflow Automation has been failing to sync records since 2023-10-11 09:47 UTC. Approximately 25,490 records are stuck in a PENDING state. Error log snippet shared by customer shows ERR-4009 with stack trace pointing to a serialisation issue in the delta-sync processor. Customer is professional and requested SLA credit per the MSA terms. Workaround: manual re-trigger via admin panel unblocks individual batches but is not scalable. Engineering has reproduced the issue in staging with a dataset of matching schema. Root cause traced to a race condition in the async queue; a mutex lock was introduced."
001C159979E309B,Rossi & Patel AG,Reseller,Pharmaceuticals,Strategic,Paris,14908815,12245,536709158,CASE-172866,Chat,Medium,Closed,Identity & Access Module,2025-08-30,2025-08-31,Yes,Wei Kim,Head of Operations,2.0,Wei Kim from Rossi & Patel AG opened this case after observing severe latency in the Identity & Access Module. Average response times increased from ~200ms to over 13s beginning around 2025-08-30 10:36 UTC. Affects approximately 278 concurrent users in their EMEA region. Customer is understanding and appreciated the quick response and transparency. Support engineer ran a distributed trace; bottleneck identified at the database read replica. Metrics attached to case for engineering review. SSL certificate renewed and propagated across all edge nodes within the maintenance window.
001D40E4A029690,Novak & Becker Sp. z o.o.,Partner,Logistics,Enterprise,Berlin,467818786,13489,551574904,CASE-553195,Chat,High,In Progress,Analytics Dashboard,2024-10-31,,Yes,Sophie Tanaka,VP of Engineering,5.0,"Inbound escalation from Novak & Becker Sp. z o.o. (Berlin) — Sophie Tanaka reports the Analytics Dashboard has been failing to sync records since 2024-10-28 12:10 UTC. Approximately 33,430 records are stuck in a PENDING state. Error log snippet shared by customer shows SYNC-FAIL-07 with stack trace pointing to a serialisation issue in the delta-sync processor. Customer is escalating and looped in their VP of Engineering on the call. Workaround: manual re-trigger via admin panel unblocks individual batches but is not scalable. Engineering has reproduced the issue in staging with a dataset of matching schema. A stale CDN cache was purged globally; content now serves correctly in all regions."
0015913523F3D78,Okonkwo & Sato Sp. z o.o.,Customer,Financial Services,Mid-Market,Amsterdam,155071460,42365,571244438,CASE-463627,Web,Low,New,Reporting Suite,2023-05-12,,Yes,Priya Hassan,Solutions Architect,4.0,"Inbound escalation from Okonkwo & Sato Sp. z o.o. (Amsterdam) — Priya Hassan reports the Reporting Suite has been failing to sync records since 2023-05-09 19:51 UTC. Approximately 12,268 records are stuck in a PENDING state. Error log snippet shared by customer shows SSL-HANDSHAKE with stack trace pointing to a serialisation issue in the delta-sync processor. Customer is escalating and looped in their VP of Engineering on the call. Workaround: manual re-trigger via admin panel unblocks individual batches but is not scalable. Engineering has reproduced the issue in staging with a dataset of matching schema. Workaround provided: client configured batch size to 500 records; permanent fix in sprint 43."
001EEE807DE46E1,Andersen & Novak SA,Partner,Telecommunications,Strategic,Budapest,488374178,32351,565200819,CASE-898868,Partner Portal,Critical,Closed,Analytics Dashboard,2023-07-15,2023-08-07,Yes,Priya Patel,VP of Engineering,,"Customer Priya Patel at Andersen & Novak SA (Tier: Strategic, Industry: Telecommunications) submitted a formal feature request for the Analytics Dashboard. Request: ability to export audit logs in CEF format. Business justification: compliance with PCI-DSS 4.0 audit requirements. Use case documented and forwarded to Product Management. Customer expects a roadmap commitment within 3 quarters. PM acknowledged receipt; item added to the backlog with Medium priority scoring."
00138CAAC48404A,Nguyen & Okonkwo AB,Prospect,Manufacturing,SMB,Lisbon,62069814,46481,528318112,CASE-443000,Chat,Low,New,Identity & Access Module,2025-11-02,,No,Luca Ferreira,Platform Architect,,"Inbound escalation from Nguyen & Okonkwo AB (Lisbon) — Luca Ferreira reports the Identity & Access Module has been failing to sync records since 2025-11-02 14:01 UTC. Approximately 36,441 records are stuck in a PENDING state. Error log snippet shared by customer shows ERR-4009 with stack trace pointing to a serialisation issue in the delta-sync processor. Customer is very concerned and requested a post-mortem report within 48 hours. Workaround: manual re-trigger via admin panel unblocks individual batches but is not scalable. Engineering has reproduced the issue in staging with a dataset of matching schema. Workaround provided: client configured batch size to 500 records; permanent fix in sprint 43."
0012361EB6C188D,Kim & Dupont S.r.l.,Customer,Manufacturing,Strategic,Lisbon,364167304,17917,530601948,CASE-562063,Web,High,Closed,Billing Platform,2023-11-27,2023-11-29,Yes,Sophie Patel,IT Manager,,Sophie Patel from Kim & Dupont S.r.l. opened this case after observing severe latency in the Billing Platform. Average response times increased from ~200ms to over 10s beginning around 2023-11-26 00:38 UTC. Affects approximately 366 concurrent users in their EMEA region. Customer is escalating and looped in their VP of Engineering on the call. Support engineer ran a distributed trace; bottleneck identified at the database read replica. Metrics attached to case for engineering review. Pending further investigation; case escalated to Tier-3 Engineering with P1 SLA applied.
001B6A0A3B91396,Nguyen & García Ltd.,Customer,Automotive,Enterprise,Helsinki,226889194,1841,511954205,CASE-453492,Email,Critical,New,Mobile SDK,2024-09-23,,Yes,James Müller,Senior Engineer,,James Müller from Nguyen & García Ltd. opened this case after observing severe latency in the Mobile SDK. Average response times increased from ~200ms to over 14s beginning around 2024-09-20 01:38 UTC. Affects approximately 95 concurrent users in their EMEA region. Customer is patient but firm and asked for daily status updates. Support engineer ran a distributed trace; bottleneck identified at the database read replica. Metrics attached to case for engineering review. Root cause traced to a race condition in the async queue; a mutex lock was introduced.
001AF776DA5A5FA,Johnson & García AG,Reseller,Healthcare,SMB,Helsinki,351609689,20735,511608113,CASE-508091,Email,Low,New,Workflow Automation,2024-01-24,,Yes,Ingrid Dupont,Senior Engineer,,Ticket raised by Ingrid Dupont (Senior Engineer) at Johnson & García AG regarding intermittent authentication failures on the Workflow Automation. Approximately 52% of login attempts return a 401 with error ERR-5021. Issue began after they applied their internal SSO policy update on 2024-01-23. Customer tone: understanding; appreciated the quick response and transparency. Support confirmed SAML assertions are malformed — attribute mapping mismatch in IdP config. Step-by-step remediation guide sent; customer to test in staging before production rollout. Engineering identified a misconfigured load-balancer rule; it was corrected and verified.
00128847CF3997C,Andersen & Dupont Corp.,Partner,Energy,SMB,Amsterdam,178766135,11500,595275696,CASE-898717,Web,Low,Pending Customer,Security Manager,2025-10-20,,Yes,Raj Patel,Senior Engineer,3.0,"Customer Raj Patel at Andersen & Dupont Corp. (Tier: SMB, Industry: Energy) submitted a formal feature request for the Security Manager. Request: ability to export audit logs in CEF format. Business justification: compliance with PCI-DSS 4.0 audit requirements. Use case documented and forwarded to Product Management. Customer expects a roadmap commitment within 4 quarters. PM acknowledged receipt; item added to the backlog with Medium priority scoring."
001CE32C9527432,Johnson & Becker Ltd.,Prospect,Automotive,Mid-Market,Helsinki,268251743,19448,537113563,CASE-259038,Chat,High,In Progress,Integration Hub,2023-01-28,,Yes,Sophie Kim,Technical Account Manager,2.0,Client in Helsinki reported a critical failure in the Integration Hub integration causing a API response times exceeding 12 seconds. Error code TIMEOUT-002 appears in logs since 2023-01-27 00:39 UTC. Contact Sophie Kim (Technical Account Manager) was distressed during the call and mentioned potential contractual penalties if unresolved by EOD. Initial triage confirmed the issue is environment-specific to their US-EAST tenant. Reproduction steps provided; engineering queue updated. A stale CDN cache was purged globally; content now serves correctly in all regions.
001C18C52454406,Okonkwo & Johnson Ltd.,Partner,Automotive,Enterprise,Copenhagen,430776160,45056,539855935,CASE-737600,Chat,Medium,Closed,Integration Hub,2025-04-29,2025-05-28,Yes,Nadia Okonkwo,Head of Operations,4.0,Client in Copenhagen reported a critical failure in the Integration Hub integration causing a complete loss of SSO functionality. Error code SYNC-FAIL-07 appears in logs since 2025-04-27 00:14 UTC. Contact Nadia Okonkwo (Head of Operations) was frustrated during the call and threatened to escalate to executive sponsor. Initial triage confirmed the issue is environment-specific to their EU-WEST tenant. Reproduction steps provided; engineering queue updated. OAuth token refresh logic was patched; all active sessions re-authenticated successfully.
0011C8658CACB00,Johnson & Hassan AG,Partner,Automotive,Mid-Market,Berlin,387945653,12955,542873271,CASE-544613,Email,High,Escalated,Identity & Access Module,2023-09-15,,Yes,Aisha García,IT Manager,3.0,"Customer Aisha García at Johnson & Hassan AG (Tier: Mid-Market, Industry: Automotive) submitted a formal feature request for the Identity & Access Module. Request: ability to receive webhook retries with exponential backoff. Business justification: compliance with HIPAA §164.312 audit requirements. Use case documented and forwarded to Product Management. Customer expects a roadmap commitment within 2 quarters. PM acknowledged receipt; item added to the backlog with Medium priority scoring."
001B2D972B4DC96,Williams & Becker Inc.,Reseller,Healthcare,SMB,Brussels,459010422,5464,550296396,CASE-724094,Partner Portal,High,Pending Customer,Mobile SDK,2025-02-12,,Yes,Ingrid Hassan,Solutions Architect,3.0,Client in Brussels reported a critical failure in the Mobile SDK integration causing a webhook events not firing for payment completions. Error code ERR-3301 appears in logs since 2025-02-11 15:28 UTC. Contact Ingrid Hassan (Solutions Architect) was professional during the call and requested SLA credit per the MSA terms. Initial triage confirmed the issue is environment-specific to their PROD-2 tenant. Reproduction steps provided; engineering queue updated. A stale CDN cache was purged globally; content now serves correctly in all regions.
001A324482897EE,García & Schmidt GmbH,Reseller,Pharmaceuticals,Strategic,Prague,217693948,27261,562968985,CASE-878246,Web,Low,Escalated,Data Sync Engine,2024-11-13,,No,Carlos Tanaka,Head of Operations,3.0,"Customer Carlos Tanaka at García & Schmidt GmbH (Tier: Strategic, Industry: Pharmaceuticals) submitted a formal feature request for the Data Sync Engine. Request: ability to set custom session timeout policies per role group. Business justification: compliance with PCI-DSS 4.0 audit requirements. Use case documented and forwarded to Product Management. Customer expects a roadmap commitment within 1 quarters. PM acknowledged receipt; item added to the backlog with Medium priority scoring."
001A88B3D9026F2,Hassan & Kowalski BV,Partner,Healthcare,Strategic,Berlin,130612205,31318,514631527,CASE-952624,Web,Critical,Pending Customer,Security Manager,2023-11-29,,Yes,Nadia Larsson,CTO,3.0,"Customer Nadia Larsson at Hassan & Kowalski BV (Tier: Strategic, Industry: Healthcare) submitted a formal feature request for the Security Manager. Request: ability to receive webhook retries with exponential backoff. Business justification: compliance with HIPAA §164.312 audit requirements. Use case documented and forwarded to Product Management. Customer expects a roadmap commitment within 2 quarters. PM acknowledged receipt; item added to the backlog with Medium priority scoring."
0016F7079472D22,Sato & Rossi S.r.l.,Prospect,Insurance,Mid-Market,Zurich,371927055,19816,577195678,CASE-659102,Chat,Medium,Pending Customer,API Gateway,2023-08-28,,No,Omar Nguyen,Platform Architect,,"Inbound escalation from Sato & Rossi S.r.l. (Zurich) — Omar Nguyen reports the API Gateway has been failing to sync records since 2023-08-28 20:45 UTC. Approximately 42,192 records are stuck in a PENDING state. Error log snippet shared by customer shows SSL-HANDSHAKE with stack trace pointing to a serialisation issue in the delta-sync processor. Customer is very concerned and requested a post-mortem report within 48 hours. Workaround: manual re-trigger via admin panel unblocks individual batches but is not scalable. Engineering has reproduced the issue in staging with a dataset of matching schema. The third-party payment gateway's IP whitelist was updated to include the new NAT range."
00173269A166E73,Dupont & Rossi AB,Reseller,Technology,Mid-Market,Milan,92108568,11570,560284858,CASE-295454,Email,High,Escalated,Mobile SDK,2024-09-22,,No,Isabella Schmidt,Head of Operations,1.0,"Inbound escalation from Dupont & Rossi AB (Milan) — Isabella Schmidt reports the Mobile SDK has been failing to sync records since 2024-09-22 05:52 UTC. Approximately 30,034 records are stuck in a PENDING state. Error log snippet shared by customer shows SSL-HANDSHAKE with stack trace pointing to a serialisation issue in the delta-sync processor. Customer is very concerned and requested a post-mortem report within 48 hours. Workaround: manual re-trigger via admin panel unblocks individual batches but is not scalable. Engineering has reproduced the issue in staging with a dataset of matching schema. OAuth token refresh logic was patched; all active sessions re-authenticated successfully."
001AF5F47426F3C,Dupont & Patel AG,Prospect,Retail,Enterprise,Madrid,35000633,22433,513981790,CASE-714094,Email,Low,New,Analytics Dashboard,2024-01-28,,No,Henrik Williams,DevOps Lead,5.0,Client in Madrid reported a critical failure in the Analytics Dashboard integration causing a 30% drop in data syncs. Error code ERR-5021 appears in logs since 2024-01-26 13:28 UTC. Contact Henrik Williams (DevOps Lead) was very concerned during the call and requested a post-mortem report within 48 hours. Initial triage confirmed the issue is environment-specific to their AP-SOUTH tenant. Reproduction steps provided; engineering queue updated. A hotfix (v2.4.7) was deployed to production at 03:14 UTC resolving the root cause.
001C38D8B3C993C,Kowalski & Kowalski BV,Prospect,Insurance,Enterprise,Sydney,169734488,15712,558480869,CASE-797385,Chat,Low,Escalated,Data Sync Engine,2024-03-08,,Yes,Marcus Andersen,Technical Account Manager,3.0,"Inbound escalation from Kowalski & Kowalski BV (Sydney) — Marcus Andersen reports the Data Sync Engine has been failing to sync records since 2024-03-08 12:38 UTC. Approximately 7,065 records are stuck in a PENDING state. Error log snippet shared by customer shows ERR-5021 with stack trace pointing to a serialisation issue in the delta-sync processor. Customer is critical and stated this is blocking their go-live scheduled for next Friday. Workaround: manual re-trigger via admin panel unblocks individual batches but is not scalable. Engineering has reproduced the issue in staging with a dataset of matching schema. SSL certificate renewed and propagated across all edge nodes within the maintenance window."
001768BFC7EB3CD,Ferreira & Williams Sp. z o.o.,Customer,Energy,Mid-Market,Toronto,343062970,21124,512232081,CASE-764563,Web,Critical,In Progress,API Gateway,2023-09-09,,Yes,Priya Larsson,Head of Operations,5.0,"Inbound escalation from Ferreira & Williams Sp. z o.o. (Toronto) — Priya Larsson reports the API Gateway has been failing to sync records since 2023-09-07 22:48 UTC. Approximately 15,806 records are stuck in a PENDING state. Error log snippet shared by customer shows SSL-HANDSHAKE with stack trace pointing to a serialisation issue in the delta-sync processor. Customer is distressed and mentioned potential contractual penalties if unresolved by EOD. Workaround: manual re-trigger via admin panel unblocks individual batches but is not scalable. Engineering has reproduced the issue in staging with a dataset of matching schema. SSL certificate renewed and propagated across all edge nodes within the maintenance window."
00167F77C0DF866,Nguyen & Kim Corp.,Customer,Media & Entertainment,Enterprise,Prague,69145043,32642,521689007,CASE-415986,Partner Portal,Low,Resolved,Workflow Automation,2025-05-26,2025-05-30,Yes,Patrick Dupont,Platform Architect,4.0,"Customer Patrick Dupont at Nguyen & Kim Corp. (Tier: Enterprise, Industry: Media & Entertainment) submitted a formal feature request for the Workflow Automation. Request: ability to export audit logs in CEF format. Business justification: compliance with HIPAA §164.312 audit requirements. Use case documented and forwarded to Product Management. Customer expects a roadmap commitment within 2 quarters. PM acknowledged receipt; item added to the backlog with High priority scoring."
001FC5E583EEBC2,Andersen & Johnson SA,Partner,Manufacturing,Enterprise,Amsterdam,495890217,35041,595033398,CASE-860652,Chat,Critical,Closed,Data Sync Engine,2025-06-09,2025-06-12,Yes,Daniel Nguyen,Solutions Architect,2.0,"Customer Daniel Nguyen at Andersen & Johnson SA (Tier: Enterprise, Industry: Manufacturing) submitted a formal feature request for the Data Sync Engine. Request: ability to receive webhook retries with exponential backoff. Business justification: compliance with PCI-DSS 4.0 audit requirements. Use case documented and forwarded to Product Management. Customer expects a roadmap commitment within 1 quarters. PM acknowledged receipt; item added to the backlog with Medium priority scoring."
0019BB29674CE59,Rossi & Dupont AG,Customer,Media & Entertainment,Strategic,Prague,308040601,24110,527101682,CASE-994781,Web,Low,In Progress,Integration Hub,2025-06-13,,Yes,Sophie Kim,Senior Engineer,3.0,"Customer Sophie Kim at Rossi & Dupont AG (Tier: Strategic, Industry: Media & Entertainment) submitted a formal feature request for the Integration Hub. Request: ability to export audit logs in CEF format. Business justification: compliance with PCI-DSS 4.0 audit requirements. Use case documented and forwarded to Product Management. Customer expects a roadmap commitment within 2 quarters. PM acknowledged receipt; item added to the backlog with Medium priority scoring."
00133B3022C280E,Ferreira & Okonkwo Inc.,Reseller,Logistics,SMB,Budapest,79648386,39427,548036341,CASE-252956,Phone,Medium,Pending Customer,Analytics Dashboard,2025-11-30,,Yes,James Novak,DevOps Lead,5.0,New onboarding case for Ferreira & Okonkwo Inc. (SMB tier). Primary contact: James Novak (DevOps Lead). They are configuring the Analytics Dashboard for the first time and encountered CORS policy errors when calling the API from their SPA. Implementation engineer scheduled a 60-minute screenshare for 2025-11-29. Customer provided sandbox credentials; issue reproduced and root cause confirmed. Documentation gap identified — will file internal ticket to update the Quick-Start Guide. Customer confirmed resolution after applying the corrected configuration.
0019DA7AF96D993,Tanaka & García Ltd.,Reseller,Media & Entertainment,Strategic,Vienna,391017465,25687,550144760,CASE-954602,Email,Critical,In Progress,Identity & Access Module,2025-10-10,,No,Maria Okonkwo,CTO,3.0,New onboarding case for Tanaka & García Ltd. (Strategic tier). Primary contact: Maria Okonkwo (CTO). They are configuring the Identity & Access Module for the first time and encountered missing permissions on the service account used for integration. Implementation engineer scheduled a 60-minute screenshare for 2025-10-08. Customer provided sandbox credentials; issue reproduced and root cause confirmed. Documentation gap identified — will file internal ticket to update the Quick-Start Guide. Customer confirmed resolution after applying the corrected configuration.
00193BC2662D318,García & Novak AB,Customer,Telecommunications,SMB,Sydney,456738119,46513,550812122,CASE-579757,Email,High,Resolved,Mobile SDK,2025-03-11,2025-03-21,No,Fatima Kim,VP of Engineering,4.0,Fatima Kim from García & Novak AB opened this case after observing severe latency in the Mobile SDK. Average response times increased from ~200ms to over 5s beginning around 2025-03-11 16:46 UTC. Affects approximately 117 concurrent users in their EMEA region. Customer is understanding and appreciated the quick response and transparency. Support engineer ran a distributed trace; bottleneck identified at the database read replica. Metrics attached to case for engineering review. Workaround provided: client configured batch size to 500 records; permanent fix in sprint 43.
001B999424AE90F,Müller & Dupont BV,Customer,Media & Entertainment,Enterprise,Amsterdam,277222153,42614,555430797,CASE-722217,Chat,High,New,Workflow Automation,2023-07-28,,No,Zoe Patel,Solutions Architect,2.0,Zoe Patel from Müller & Dupont BV opened this case after observing severe latency in the Workflow Automation. Average response times increased from ~200ms to over 4s beginning around 2023-07-27 12:27 UTC. Affects approximately 133 concurrent users in their APAC region. Customer is frustrated and threatened to escalate to executive sponsor. Support engineer ran a distributed trace; bottleneck identified at the database read replica. Metrics attached to case for engineering review. SSL certificate renewed and propagated across all edge nodes within the maintenance window.
001FCBA2A50E1AF,Larsson & Schmidt AG,Partner,Media & Entertainment,Mid-Market,Stockholm,12862399,38469,586904329,CASE-700446,Chat,Medium,Pending Customer,Mobile SDK,2023-07-03,,Yes,Tom Ferreira,VP of Engineering,5.0,Client in Stockholm reported a critical failure in the Mobile SDK integration causing a duplicate records being created in the CRM. Error code SYNC-FAIL-07 appears in logs since 2023-06-30 20:24 UTC. Contact Tom Ferreira (VP of Engineering) was patient but firm during the call and asked for daily status updates. Initial triage confirmed the issue is environment-specific to their PROD-2 tenant. Reproduction steps provided; engineering queue updated. A stale CDN cache was purged globally; content now serves correctly in all regions.
0010905B0DCF8D0,Nguyen & Novak S.r.l.,Customer,Manufacturing,Enterprise,Bratislava,405036643,49357,537845315,CASE-790573,Phone,High,Resolved,Workflow Automation,2023-05-11,2023-05-13,Yes,Patrick Schmidt,Head of Operations,,"Inbound escalation from Nguyen & Novak S.r.l. (Bratislava) — Patrick Schmidt reports the Workflow Automation has been failing to sync records since 2023-05-10 12:52 UTC. Approximately 21,097 records are stuck in a PENDING state. Error log snippet shared by customer shows ERR-4403 with stack trace pointing to a serialisation issue in the delta-sync processor. Customer is distressed and mentioned potential contractual penalties if unresolved by EOD. Workaround: manual re-trigger via admin panel unblocks individual batches but is not scalable. Engineering has reproduced the issue in staging with a dataset of matching schema. A hotfix (v2.4.7) was deployed to production at 03:14 UTC resolving the root cause."
001F9AD68320470,Kim & Larsson S.r.l.,Customer,Insurance,Mid-Market,Milan,133824959,19710,516196330,CASE-644675,Web,Low,Closed,Analytics Dashboard,2023-06-29,2023-07-29,Yes,Sophie Hassan,IT Director,5.0,"Inbound escalation from Kim & Larsson S.r.l. (Milan) — Sophie Hassan reports the Analytics Dashboard has been failing to sync records since 2023-06-27 01:05 UTC. Approximately 46,054 records are stuck in a PENDING state. Error log snippet shared by customer shows TIMEOUT-002 with stack trace pointing to a serialisation issue in the delta-sync processor. Customer is distressed and mentioned potential contractual penalties if unresolved by EOD. Workaround: manual re-trigger via admin panel unblocks individual batches but is not scalable. Engineering has reproduced the issue in staging with a dataset of matching schema. The customer's IP range was added to the allowlist following security review approval."
001C08F4331CC40,García & Tanaka Corp.,Prospect,Insurance,Mid-Market,Warsaw,69483679,47792,593525402,CASE-542514,Phone,Medium,Escalated,Data Sync Engine,2023-04-02,,Yes,Ahmed Kim,Head of Operations,4.0,Ahmed Kim from García & Tanaka Corp. opened this case after observing severe latency in the Data Sync Engine. Average response times increased from ~200ms to over 9s beginning around 2023-04-01 01:12 UTC. Affects approximately 243 concurrent users in their EMEA region. Customer is patient but firm and asked for daily status updates. Support engineer ran a distributed trace; bottleneck identified at the database read replica. Metrics attached to case for engineering review. A stale CDN cache was purged globally; content now serves correctly in all regions.
001796C837143BC,Larsson & Sato S.r.l.,Prospect,Energy,Mid-Market,Sydney,423438349,28428,560860721,CASE-127168,Partner Portal,High,In Progress,Integration Hub,2024-02-22,,Yes,Tom García,Technical Account Manager,3.0,Tom García from Larsson & Sato S.r.l. opened this case after observing severe latency in the Integration Hub. Average response times increased from ~200ms to over 11s beginning around 2024-02-22 20:46 UTC. Affects approximately 66 concurrent users in their AMER region. Customer is very concerned and requested a post-mortem report within 48 hours. Support engineer ran a distributed trace; bottleneck identified at the database read replica. Metrics attached to case for engineering review. The customer's IP range was added to the allowlist following security review approval.
001D24F0C34284B,Schmidt & Dupont AB,Customer,Healthcare,SMB,Budapest,94845063,34513,551144384,CASE-717429,Chat,Critical,New,Data Sync Engine,2025-01-13,,Yes,Priya Andersen,Platform Architect,5.0,"Inbound escalation from Schmidt & Dupont AB (Budapest) — Priya Andersen reports the Data Sync Engine has been failing to sync records since 2025-01-11 08:09 UTC. Approximately 36,645 records are stuck in a PENDING state. Error log snippet shared by customer shows ERR-3301 with stack trace pointing to a serialisation issue in the delta-sync processor. Customer is understanding and appreciated the quick response and transparency. Workaround: manual re-trigger via admin panel unblocks individual batches but is not scalable. Engineering has reproduced the issue in staging with a dataset of matching schema. Data migration script re-run with corrected field mappings; record integrity confirmed."
001E1A6E2CC6E1A,Novak & Williams AB,Customer,Financial Services,Mid-Market,London,369146893,33667,530869686,CASE-789504,Email,High,Escalated,Workflow Automation,2025-03-08,,No,Nadia Novak,Solutions Architect,5.0,"Nadia Novak (Solutions Architect) at Novak & Williams AB contacted support regarding an unexpected charge of $12,249 on their May invoice. Customer claims usage reported by the Workflow Automation does not match their internal telemetry. Discrepancy of approximately 8% in API call counts. Finance team has been looped in. Raw usage logs pulled from billing service for 2025-03-07. Preliminary finding: a duplicate event emitter was introduced in v4.5.3 causing double-counting. Credit memo being processed; ETA 7 business days. Data migration script re-run with corrected field mappings; record integrity confirmed."
0013694E30BCE12,Becker & Hassan Ltd.,Prospect,Media & Entertainment,Strategic,Budapest,218745963,20505,522098465,CASE-765506,Phone,Critical,New,Analytics Dashboard,2025-06-17,,Yes,Fatima Andersen,DevOps Lead,,"Customer Fatima Andersen at Becker & Hassan Ltd. (Tier: Strategic, Industry: Media & Entertainment) submitted a formal feature request for the Analytics Dashboard. Request: ability to configure per-user rate limits via API. Business justification: compliance with PCI-DSS 4.0 audit requirements. Use case documented and forwarded to Product Management. Customer expects a roadmap commitment within 1 quarters. PM acknowledged receipt; item added to the backlog with High priority scoring."
001BD179B3A80DD,Dupont & Nguyen GmbH,Customer,Technology,Strategic,Chicago,383911769,27861,581715863,CASE-886083,Web,High,Closed,API Gateway,2025-05-18,2025-06-16,Yes,Marcus Novak,Technical Account Manager,5.0,Marcus Novak from Dupont & Nguyen GmbH opened this case after observing severe latency in the API Gateway. Average response times increased from ~200ms to over 5s beginning around 2025-05-17 15:31 UTC. Affects approximately 355 concurrent users in their AMER region. Customer is distressed and mentioned potential contractual penalties if unresolved by EOD. Support engineer ran a distributed trace; bottleneck identified at the database read replica. Metrics attached to case for engineering review. OAuth token refresh logic was patched; all active sessions re-authenticated successfully.
0017223BADDB1A7,Patel & Larsson AG,Customer,Healthcare,SMB,Madrid,156227323,19616,574843897,CASE-407804,Web,High,Resolved,Analytics Dashboard,2025-11-18,2025-11-25,Yes,Isabella Nguyen,Senior Engineer,5.0,"Customer Isabella Nguyen at Patel & Larsson AG (Tier: SMB, Industry: Healthcare) submitted a formal feature request for the Analytics Dashboard. Request: ability to receive webhook retries with exponential backoff. Business justification: compliance with HIPAA §164.312 audit requirements. Use case documented and forwarded to Product Management. Customer expects a roadmap commitment within 2 quarters. PM acknowledged receipt; item added to the backlog with Medium priority scoring."
0015882D3EBAEB2,Okonkwo & Kim BV,Partner,Pharmaceuticals,Enterprise,Tokyo,216358662,23244,511189670,CASE-206260,Chat,Low,Closed,Reporting Suite,2025-09-26,2025-10-07,Yes,Clara Ferreira,VP of Engineering,,Client in Tokyo reported a critical failure in the Reporting Suite integration causing a duplicate records being created in the CRM. Error code ERR-4403 appears in logs since 2025-09-26 11:00 UTC. Contact Clara Ferreira (VP of Engineering) was patient but firm during the call and asked for daily status updates. Initial triage confirmed the issue is environment-specific to their PROD-2 tenant. Reproduction steps provided; engineering queue updated. A hotfix (v2.4.7) was deployed to production at 03:14 UTC resolving the root cause.
00147C2698A7C4C,Patel & Novak SA,Partner,Automotive,SMB,Milan,75594499,23192,568245146,CASE-106092,Web,High,Pending Customer,Identity & Access Module,2025-08-21,,Yes,Elena Becker,VP of Engineering,2.0,"Inbound escalation from Patel & Novak SA (Milan) — Elena Becker reports the Identity & Access Module has been failing to sync records since 2025-08-18 11:19 UTC. Approximately 3,138 records are stuck in a PENDING state. Error log snippet shared by customer shows ERR-5500 with stack trace pointing to a serialisation issue in the delta-sync processor. Customer is understanding and appreciated the quick response and transparency. Workaround: manual re-trigger via admin panel unblocks individual batches but is not scalable. Engineering has reproduced the issue in staging with a dataset of matching schema. Root cause traced to a race condition in the async queue; a mutex lock was introduced."
001D773503AF514,Becker & Kowalski S.r.l.,Partner,Media & Entertainment,SMB,Budapest,174922753,49233,563670451,CASE-626236,Chat,High,Closed,API Gateway,2023-11-25,2023-12-16,Yes,Tom Dupont,Solutions Architect,,New onboarding case for Becker & Kowalski S.r.l. (SMB tier). Primary contact: Tom Dupont (Solutions Architect). They are configuring the API Gateway for the first time and encountered CORS policy errors when calling the API from their SPA. Implementation engineer scheduled a 60-minute screenshare for 2023-11-24. Customer provided sandbox credentials; issue reproduced and root cause confirmed. Documentation gap identified — will file internal ticket to update the Quick-Start Guide. Customer confirmed resolution after applying the corrected configuration.
0011E7FA7C8ECF1,Williams & Schmidt AB,Customer,Manufacturing,SMB,Milan,409005021,28121,543252079,CASE-747614,Email,High,Pending Customer,Integration Hub,2023-01-28,,Yes,Daniel Becker,Solutions Architect,3.0,Ticket raised by Daniel Becker (Solutions Architect) at Williams & Schmidt AB regarding intermittent authentication failures on the Integration Hub. Approximately 38% of login attempts return a 401 with error ERR-4009. Issue began after they applied their internal SSO policy update on 2023-01-27. Customer tone: very concerned; requested a post-mortem report within 48 hours. Support confirmed SAML assertions are malformed — attribute mapping mismatch in IdP config. Step-by-step remediation guide sent; customer to test in staging before production rollout. Pending further investigation; case escalated to Tier-3 Engineering with P1 SLA applied.
0013424C7C94534,Johnson & Dupont Inc.,Partner,Retail,Strategic,Budapest,229369671,1167,592740848,CASE-309341,Phone,Critical,In Progress,Data Sync Engine,2025-10-25,,No,Raj Tanaka,IT Manager,4.0,Client in Budapest reported a critical failure in the Data Sync Engine integration causing a API response times exceeding 12 seconds. Error code ERR-4009 appears in logs since 2025-10-24 06:54 UTC. Contact Raj Tanaka (IT Manager) was understanding during the call and appreciated the quick response and transparency. Initial triage confirmed the issue is environment-specific to their US-EAST tenant. Reproduction steps provided; engineering queue updated. The third-party payment gateway's IP whitelist was updated to include the new NAT range.
0012C4E47B923BB,Andersen & Larsson AB,Partner,Telecommunications,Enterprise,Budapest,22452185,45,516996855,CASE-792511,Web,High,New,Integration Hub,2025-05-24,,Yes,Tom Larsson,Platform Architect,4.0,Ticket raised by Tom Larsson (Platform Architect) at Andersen & Larsson AB regarding intermittent authentication failures on the Integration Hub. Approximately 17% of login attempts return a 401 with error AUTH-401. Issue began after they applied their internal SSO policy update on 2025-05-24. Customer tone: understanding; appreciated the quick response and transparency. Support confirmed SAML assertions are malformed — attribute mapping mismatch in IdP config. Step-by-step remediation guide sent; customer to test in staging before production rollout. The database index was rebuilt and query performance restored to baseline.
001AA6CD694C41D,Tanaka & Okonkwo BV,Prospect,Telecommunications,SMB,Vienna,128410685,42624,547036972,CASE-320235,Partner Portal,Low,Resolved,Workflow Automation,2024-09-15,2024-10-09,Yes,James Novak,Senior Engineer,,"Customer James Novak at Tanaka & Okonkwo BV (Tier: SMB, Industry: Telecommunications) submitted a formal feature request for the Workflow Automation. Request: ability to configure per-user rate limits via API. Business justification: compliance with PCI-DSS 4.0 audit requirements. Use case documented and forwarded to Product Management. Customer expects a roadmap commitment within 1 quarters. PM acknowledged receipt; item added to the backlog with High priority scoring."
00148927F41D234,Kim & Kowalski Ltd.,Partner,Automotive,Mid-Market,Bratislava,103421767,27417,583886279,CASE-846169,Web,Medium,New,Identity & Access Module,2025-07-01,,Yes,Clara Okonkwo,Head of Operations,4.0,"Customer Clara Okonkwo at Kim & Kowalski Ltd. (Tier: Mid-Market, Industry: Automotive) submitted a formal feature request for the Identity & Access Module. Request: ability to set custom session timeout policies per role group. Business justification: compliance with ISO 27001 audit requirements. Use case documented and forwarded to Product Management. Customer expects a roadmap commitment within 4 quarters. PM acknowledged receipt; item added to the backlog with High priority scoring."
0011D8608D09098,García & Nguyen Sp. z o.o.,Partner,Energy,Enterprise,Brussels,235512527,49209,578354185,CASE-502810,Partner Portal,Low,New,Analytics Dashboard,2024-07-15,,No,Raj Müller,Head of Operations,5.0,New onboarding case for García & Nguyen Sp. z o.o. (Enterprise tier). Primary contact: Raj Müller (Head of Operations). They are configuring the Analytics Dashboard for the first time and encountered difficulty mapping their existing data schema to our object model. Implementation engineer scheduled a 60-minute screenshare for 2024-07-14. Customer provided sandbox credentials; issue reproduced and root cause confirmed. Documentation gap identified — will file internal ticket to update the Quick-Start Guide. Customer confirmed resolution after applying the corrected configuration.
001DF6D068F0CDB,Andersen & Kim Ltd.,Customer,Manufacturing,Enterprise,Amsterdam,92363496,14685,516122001,CASE-659484,Email,Medium,Resolved,Analytics Dashboard,2024-03-22,2024-03-30,Yes,Marcus Hassan,DevOps Lead,5.0,"Customer Marcus Hassan at Andersen & Kim Ltd. (Tier: Enterprise, Industry: Manufacturing) submitted a formal feature request for the Analytics Dashboard. Request: ability to configure per-user rate limits via API. Business justification: compliance with GDPR Article 30 audit requirements. Use case documented and forwarded to Product Management. Customer expects a roadmap commitment within 2 quarters. PM acknowledged receipt; item added to the backlog with Medium priority scoring."
001084C1671C433,Larsson & Okonkwo AG,Reseller,Automotive,Mid-Market,Berlin,482790336,40084,549580182,CASE-440404,Phone,Critical,In Progress,Identity & Access Module,2025-12-30,,Yes,Elena Williams,Head of Operations,2.0,Ticket raised by Elena Williams (Head of Operations) at Larsson & Okonkwo AG regarding intermittent authentication failures on the Identity & Access Module. Approximately 27% of login attempts return a 401 with error ERR-3301. Issue began after they applied their internal SSO policy update on 2025-12-30. Customer tone: understanding; appreciated the quick response and transparency. Support confirmed SAML assertions are malformed — attribute mapping mismatch in IdP config. Step-by-step remediation guide sent; customer to test in staging before production rollout. A hotfix (v2.4.7) was deployed to production at 03:14 UTC resolving the root cause.
0013A190F3B5BB1,García & Sato AB,Reseller,Automotive,Enterprise,Oslo,198412097,9731,574291216,CASE-198242,Chat,High,Closed,Mobile SDK,2024-06-11,2024-06-18,No,Daniel Andersen,IT Director,1.0,"Inbound escalation from García & Sato AB (Oslo) — Daniel Andersen reports the Mobile SDK has been failing to sync records since 2024-06-10 14:14 UTC. Approximately 12,877 records are stuck in a PENDING state. Error log snippet shared by customer shows SSL-HANDSHAKE with stack trace pointing to a serialisation issue in the delta-sync processor. Customer is patient but firm and asked for daily status updates. Workaround: manual re-trigger via admin panel unblocks individual batches but is not scalable. Engineering has reproduced the issue in staging with a dataset of matching schema. SSL certificate renewed and propagated across all edge nodes within the maintenance window."
001803E8E30B4A4,García & Rossi Inc.,Reseller,Manufacturing,SMB,Chicago,54312611,47478,580703020,CASE-243960,Phone,Critical,Pending Customer,API Gateway,2024-09-27,,No,Omar Williams,VP of Engineering,4.0,"Inbound escalation from García & Rossi Inc. (Chicago) — Omar Williams reports the API Gateway has been failing to sync records since 2024-09-26 05:52 UTC. Approximately 7,711 records are stuck in a PENDING state. Error log snippet shared by customer shows ERR-5021 with stack trace pointing to a serialisation issue in the delta-sync processor. Customer is frustrated and threatened to escalate to executive sponsor. Workaround: manual re-trigger via admin panel unblocks individual batches but is not scalable. Engineering has reproduced the issue in staging with a dataset of matching schema. Pending further investigation; case escalated to Tier-3 Engineering with P1 SLA applied."
0010B392FE122D9,Dupont & Novak BV,Reseller,Manufacturing,Mid-Market,Berlin,438299396,10701,551256515,CASE-447871,Chat,High,Pending Customer,Data Sync Engine,2024-07-02,,Yes,James Schmidt,VP of Engineering,,James Schmidt from Dupont & Novak BV opened this case after observing severe latency in the Data Sync Engine. Average response times increased from ~200ms to over 13s beginning around 2024-07-01 20:38 UTC. Affects approximately 288 concurrent users in their EMEA region. Customer is understanding and appreciated the quick response and transparency. Support engineer ran a distributed trace; bottleneck identified at the database read replica. Metrics attached to case for engineering review. A hotfix (v2.4.7) was deployed to production at 03:14 UTC resolving the root cause.
001156CE3B4A55E,Johnson & Becker AB,Partner,Healthcare,SMB,Berlin,495329043,44863,561639439,CASE-820126,Phone,Low,Escalated,Data Sync Engine,2025-11-13,,Yes,Priya Schmidt,IT Director,,Ticket raised by Priya Schmidt (IT Director) at Johnson & Becker AB regarding intermittent authentication failures on the Data Sync Engine. Approximately 18% of login attempts return a 401 with error ERR-3301. Issue began after they applied their internal SSO policy update on 2025-11-10. Customer tone: escalating; looped in their VP of Engineering on the call. Support confirmed SAML assertions are malformed — attribute mapping mismatch in IdP config. Step-by-step remediation guide sent; customer to test in staging before production rollout. The third-party payment gateway's IP whitelist was updated to include the new NAT range.
001BF5AD8780C10,Becker & Hassan BV,Partner,Insurance,SMB,Paris,479988834,43740,550475203,CASE-755106,Web,Medium,Pending Customer,Data Sync Engine,2025-01-08,,Yes,Ahmed Patel,Technical Account Manager,3.0,Ahmed Patel from Becker & Hassan BV opened this case after observing severe latency in the Data Sync Engine. Average response times increased from ~200ms to over 13s beginning around 2025-01-08 01:38 UTC. Affects approximately 198 concurrent users in their APAC region. Customer is distressed and mentioned potential contractual penalties if unresolved by EOD. Support engineer ran a distributed trace; bottleneck identified at the database read replica. Metrics attached to case for engineering review. Workaround provided: client configured batch size to 500 records; permanent fix in sprint 43.
0016B8AD9C8B35C,Rossi & Dupont Corp.,Customer,Financial Services,Mid-Market,Paris,173937978,8368,534410491,CASE-904819,Chat,Medium,In Progress,Analytics Dashboard,2024-10-17,,Yes,Nadia Kowalski,IT Manager,4.0,"Customer Nadia Kowalski at Rossi & Dupont Corp. (Tier: Mid-Market, Industry: Financial Services) submitted a formal feature request for the Analytics Dashboard. Request: ability to schedule reports at sub-hourly intervals. Business justification: compliance with HIPAA §164.312 audit requirements. Use case documented and forwarded to Product Management. Customer expects a roadmap commitment within 4 quarters. PM acknowledged receipt; item added to the backlog with Medium priority scoring."
00167A3925BC852,Novak & Johnson AB,Partner,Automotive,Mid-Market,Milan,377970350,5728,541567079,CASE-479279,Phone,High,Pending Customer,Mobile SDK,2025-05-07,,Yes,Isabella Novak,VP of Engineering,3.0,"Isabella Novak (VP of Engineering) at Novak & Johnson AB contacted support regarding an unexpected charge of $9,348 on their June invoice. Customer claims usage reported by the Mobile SDK does not match their internal telemetry. Discrepancy of approximately 13% in API call counts. Finance team has been looped in. Raw usage logs pulled from billing service for 2025-05-04. Preliminary finding: a duplicate event emitter was introduced in v2.0.5 causing double-counting. Credit memo being processed; ETA 4 business days. The database index was rebuilt and query performance restored to baseline."
001B8AD00F043E6,Tanaka & Dupont Inc.,Reseller,Telecommunications,Mid-Market,Stockholm,200046452,3554,524228398,CASE-794940,Partner Portal,Critical,Closed,Integration Hub,2025-05-12,2025-05-12,No,Priya Müller,IT Manager,5.0,"Customer Priya Müller at Tanaka & Dupont Inc. (Tier: Mid-Market, Industry: Telecommunications) submitted a formal feature request for the Integration Hub. Request: ability to configure per-user rate limits via API. Business justification: compliance with ISO 27001 audit requirements. Use case documented and forwarded to Product Management. Customer expects a roadmap commitment within 2 quarters. PM acknowledged receipt; item added to the backlog with Medium priority scoring."
001734A1B19BEAF,Tanaka & Hassan SA,Reseller,Healthcare,Mid-Market,Milan,420009270,42270,511772938,CASE-400699,Phone,High,Escalated,Data Sync Engine,2023-01-26,,Yes,Yuki Kowalski,Solutions Architect,5.0,"Inbound escalation from Tanaka & Hassan SA (Milan) — Yuki Kowalski reports the Data Sync Engine has been failing to sync records since 2023-01-23 04:48 UTC. Approximately 40,095 records are stuck in a PENDING state. Error log snippet shared by customer shows ERR-5500 with stack trace pointing to a serialisation issue in the delta-sync processor. Customer is frustrated and threatened to escalate to executive sponsor. Workaround: manual re-trigger via admin panel unblocks individual batches but is not scalable. Engineering has reproduced the issue in staging with a dataset of matching schema. The customer's IP range was added to the allowlist following security review approval."
0014919ECA6E810,Becker & Patel SA,Partner,Financial Services,Strategic,Madrid,215464412,40579,517515766,CASE-329540,Chat,High,In Progress,Mobile SDK,2025-07-19,,Yes,Fatima Johnson,VP of Engineering,4.0,"Fatima Johnson (VP of Engineering) at Becker & Patel SA contacted support regarding an unexpected charge of $8,021 on their May invoice. Customer claims usage reported by the Mobile SDK does not match their internal telemetry. Discrepancy of approximately 30% in API call counts. Finance team has been looped in. Raw usage logs pulled from billing service for 2025-07-17. Preliminary finding: a duplicate event emitter was introduced in v3.2.0 causing double-counting. Credit memo being processed; ETA 4 business days. Pending further investigation; case escalated to Tier-3 Engineering with P1 SLA applied."
001102FEC8BD321,Johnson & Kim Inc.,Customer,Retail,SMB,Budapest,406654355,20268,535198547,CASE-678490,Email,Critical,In Progress,Data Sync Engine,2023-08-02,,Yes,Daniel Schmidt,Head of Operations,3.0,Client in Budapest reported a critical failure in the Data Sync Engine integration causing a two-factor authentication codes not being delivered. Error code SSL-HANDSHAKE appears in logs since 2023-08-02 11:38 UTC. Contact Daniel Schmidt (Head of Operations) was very concerned during the call and requested a post-mortem report within 48 hours. Initial triage confirmed the issue is environment-specific to their EU-WEST tenant. Reproduction steps provided; engineering queue updated. Data migration script re-run with corrected field mappings; record integrity confirmed.
0019546530721C3,Hassan & García BV,Customer,Financial Services,Enterprise,Brussels,178375098,26701,577589149,CASE-205909,Partner Portal,High,In Progress,Workflow Automation,2023-07-10,,Yes,Fatima Nguyen,IT Manager,5.0,"Customer Fatima Nguyen at Hassan & García BV (Tier: Enterprise, Industry: Financial Services) submitted a formal feature request for the Workflow Automation. Request: ability to schedule reports at sub-hourly intervals. Business justification: compliance with HIPAA §164.312 audit requirements. Use case documented and forwarded to Product Management. Customer expects a roadmap commitment within 1 quarters. PM acknowledged receipt; item added to the backlog with Medium priority scoring."
00173DA39D5F1E4,Patel & Hassan S.r.l.,Reseller,Manufacturing,Strategic,Madrid,422132570,8608,555502589,CASE-404969,Web,Low,Escalated,Data Sync Engine,2023-07-11,,Yes,Zoe Tanaka,Technical Account Manager,5.0,"Customer Zoe Tanaka at Patel & Hassan S.r.l. (Tier: Strategic, Industry: Manufacturing) submitted a formal feature request for the Data Sync Engine. Request: ability to schedule reports at sub-hourly intervals. Business justification: compliance with SOC 2 Type II audit requirements. Use case documented and forwarded to Product Management. Customer expects a roadmap commitment within 2 quarters. PM acknowledged receipt; item added to the backlog with High priority scoring."
0010D4C6CDE59B4,Dupont & Ferreira BV,Prospect,Insurance,Strategic,Milan,310012320,23821,557428314,CASE-193563,Phone,High,New,Data Sync Engine,2023-01-31,,No,Luca Kowalski,IT Director,3.0,Ticket raised by Luca Kowalski (IT Director) at Dupont & Ferreira BV regarding intermittent authentication failures on the Data Sync Engine. Approximately 37% of login attempts return a 401 with error SYNC-FAIL-07. Issue began after they applied their internal SSO policy update on 2023-01-30. Customer tone: distressed; mentioned potential contractual penalties if unresolved by EOD. Support confirmed SAML assertions are malformed — attribute mapping mismatch in IdP config. Step-by-step remediation guide sent; customer to test in staging before production rollout. Pending further investigation; case escalated to Tier-3 Engineering with P1 SLA applied.
0010FCA5223BAAF,Ferreira & Larsson S.r.l.,Reseller,Healthcare,Strategic,Milan,272125773,29507,545276100,CASE-815711,Phone,Critical,New,API Gateway,2025-01-14,,Yes,Clara Tanaka,Technical Account Manager,5.0,Ticket raised by Clara Tanaka (Technical Account Manager) at Ferreira & Larsson S.r.l. regarding intermittent authentication failures on the API Gateway. Approximately 24% of login attempts return a 401 with error ERR-4403. Issue began after they applied their internal SSO policy update on 2025-01-12. Customer tone: frustrated; threatened to escalate to executive sponsor. Support confirmed SAML assertions are malformed — attribute mapping mismatch in IdP config. Step-by-step remediation guide sent; customer to test in staging before production rollout. A stale CDN cache was purged globally; content now serves correctly in all regions.
001F23E9ED2FA11,Ferreira & Ferreira S.r.l.,Customer,Manufacturing,Strategic,Prague,493057773,26024,568131630,CASE-309160,Chat,Medium,In Progress,Data Sync Engine,2024-04-01,,Yes,Luca Larsson,Solutions Architect,3.0,Client in Prague reported a critical failure in the Data Sync Engine integration causing a two-factor authentication codes not being delivered. Error code SYNC-FAIL-07 appears in logs since 2024-03-29 14:42 UTC. Contact Luca Larsson (Solutions Architect) was critical during the call and stated this is blocking their go-live scheduled for next Friday. Initial triage confirmed the issue is environment-specific to their US-EAST tenant. Reproduction steps provided; engineering queue updated. Workaround provided: client configured batch size to 500 records; permanent fix in sprint 43.
001EFACBE6EE3AF,García & Okonkwo Corp.,Customer,Telecommunications,Enterprise,Chicago,434578160,23700,567728351,CASE-596405,Email,Critical,Pending Customer,Billing Platform,2025-07-19,,Yes,Isabella Tanaka,CTO,,"Isabella Tanaka (CTO) at García & Okonkwo Corp. contacted support regarding an unexpected charge of $12,629 on their June invoice. Customer claims usage reported by the Billing Platform does not match their internal telemetry. Discrepancy of approximately 22% in API call counts. Finance team has been looped in. Raw usage logs pulled from billing service for 2025-07-19. Preliminary finding: a duplicate event emitter was introduced in v3.2.1 causing double-counting. Credit memo being processed; ETA 3 business days. Engineering identified a misconfigured load-balancer rule; it was corrected and verified."
001397FB28FA816,Patel & Müller AG,Partner,Energy,Enterprise,Vienna,107125412,22900,566250794,CASE-605020,Chat,High,Escalated,Billing Platform,2025-07-13,,No,Zoe Andersen,IT Manager,3.0,Ticket raised by Zoe Andersen (IT Manager) at Patel & Müller AG regarding intermittent authentication failures on the Billing Platform. Approximately 6% of login attempts return a 401 with error DB-CONN-ERR. Issue began after they applied their internal SSO policy update on 2025-07-10. Customer tone: professional; requested SLA credit per the MSA terms. Support confirmed SAML assertions are malformed — attribute mapping mismatch in IdP config. Step-by-step remediation guide sent; customer to test in staging before production rollout. Data migration script re-run with corrected field mappings; record integrity confirmed.
001F07CDD45D37B,Kowalski & Okonkwo AG,Customer,Healthcare,Mid-Market,Amsterdam,242392000,8249,595133372,CASE-571155,Partner Portal,Critical,Closed,Workflow Automation,2024-10-10,2024-10-26,Yes,Wei Tanaka,IT Manager,2.0,Ticket raised by Wei Tanaka (IT Manager) at Kowalski & Okonkwo AG regarding intermittent authentication failures on the Workflow Automation. Approximately 58% of login attempts return a 401 with error DB-CONN-ERR. Issue began after they applied their internal SSO policy update on 2024-10-10. Customer tone: escalating; looped in their VP of Engineering on the call. Support confirmed SAML assertions are malformed — attribute mapping mismatch in IdP config. Step-by-step remediation guide sent; customer to test in staging before production rollout. The database index was rebuilt and query performance restored to baseline.
001C53EF8956347,Larsson & Schmidt SA,Reseller,Energy,Mid-Market,Singapore,348881803,29894,565573350,CASE-530321,Web,Medium,New,Workflow Automation,2024-03-05,,No,James Larsson,DevOps Lead,5.0,"James Larsson (DevOps Lead) at Larsson & Schmidt SA contacted support regarding an unexpected charge of $12,735 on their May invoice. Customer claims usage reported by the Workflow Automation does not match their internal telemetry. Discrepancy of approximately 12% in API call counts. Finance team has been looped in. Raw usage logs pulled from billing service for 2024-03-04. Preliminary finding: a duplicate event emitter was introduced in v2.7.6 causing double-counting. Credit memo being processed; ETA 4 business days. The database index was rebuilt and query performance restored to baseline."
0018071D8EB6899,Kim & Williams AG,Customer,Insurance,Mid-Market,Oslo,349264547,1086,592713066,CASE-531257,Phone,Low,New,Integration Hub,2025-06-11,,Yes,Zoe Becker,VP of Engineering,5.0,New onboarding case for Kim & Williams AG (Mid-Market tier). Primary contact: Zoe Becker (VP of Engineering). They are configuring the Integration Hub for the first time and encountered missing permissions on the service account used for integration. Implementation engineer scheduled a 60-minute screenshare for 2025-06-08. Customer provided sandbox credentials; issue reproduced and root cause confirmed. Documentation gap identified — will file internal ticket to update the Quick-Start Guide. Customer confirmed resolution after applying the corrected configuration.
0010160BFE15D30,Nguyen & Dupont Ltd.,Reseller,Insurance,Enterprise,Helsinki,487975334,42271,563124525,CASE-107974,Web,High,Pending Customer,Billing Platform,2025-05-11,,Yes,Wei Novak,Solutions Architect,3.0,Client in Helsinki reported a critical failure in the Billing Platform integration causing a mobile app crashes on launch for iOS 17+. Error code AUTH-401 appears in logs since 2025-05-10 07:49 UTC. Contact Wei Novak (Solutions Architect) was understanding during the call and appreciated the quick response and transparency. Initial triage confirmed the issue is environment-specific to their US-EAST tenant. Reproduction steps provided; engineering queue updated. A hotfix (v2.4.7) was deployed to production at 03:14 UTC resolving the root cause.
001791B632FBBC9,Okonkwo & Okonkwo Inc.,Reseller,Financial Services,Enterprise,Budapest,103933766,40397,596494515,CASE-512423,Phone,Low,Resolved,API Gateway,2023-11-11,2023-11-18,Yes,Nadia Williams,Technical Account Manager,5.0,"Inbound escalation from Okonkwo & Okonkwo Inc. (Budapest) — Nadia Williams reports the API Gateway has been failing to sync records since 2023-11-09 16:52 UTC. Approximately 48,217 records are stuck in a PENDING state. Error log snippet shared by customer shows ERR-5500 with stack trace pointing to a serialisation issue in the delta-sync processor. Customer is professional and requested SLA credit per the MSA terms. Workaround: manual re-trigger via admin panel unblocks individual batches but is not scalable. Engineering has reproduced the issue in staging with a dataset of matching schema. Root cause traced to a race condition in the async queue; a mutex lock was introduced."
00106875FBB7C71,Dupont & Sato AB,Prospect,Pharmaceuticals,Mid-Market,Copenhagen,109894201,6121,522517871,CASE-126885,Chat,Critical,In Progress,Mobile SDK,2024-04-18,,Yes,Ahmed Hassan,DevOps Lead,,New onboarding case for Dupont & Sato AB (Mid-Market tier). Primary contact: Ahmed Hassan (DevOps Lead). They are configuring the Mobile SDK for the first time and encountered SSL pinning failures in their mobile build pipeline. Implementation engineer scheduled a 60-minute screenshare for 2024-04-18. Customer provided sandbox credentials; issue reproduced and root cause confirmed. Documentation gap identified — will file internal ticket to update the Quick-Start Guide. Customer confirmed resolution after applying the corrected configuration.
001BD801A698530,Larsson & Patel Ltd.,Partner,Pharmaceuticals,Enterprise,Toronto,390436117,24789,544960996,CASE-791281,Phone,Medium,Resolved,Security Manager,2025-02-22,2025-02-28,Yes,Ahmed Ferreira,Platform Architect,1.0,Ticket raised by Ahmed Ferreira (Platform Architect) at Larsson & Patel Ltd. regarding intermittent authentication failures on the Security Manager. Approximately 79% of login attempts return a 401 with error ERR-4403. Issue began after they applied their internal SSO policy update on 2025-02-22. Customer tone: frustrated; threatened to escalate to executive sponsor. Support confirmed SAML assertions are malformed — attribute mapping mismatch in IdP config. Step-by-step remediation guide sent; customer to test in staging before production rollout. Engineering identified a misconfigured load-balancer rule; it was corrected and verified.
00126AEA9D2EE28,Rossi & Kowalski BV,Customer,Insurance,Enterprise,Lisbon,222627727,4831,575299245,CASE-756075,Phone,High,Pending Customer,Data Sync Engine,2023-10-18,,No,Yuki Rossi,Platform Architect,4.0,"Inbound escalation from Rossi & Kowalski BV (Lisbon) — Yuki Rossi reports the Data Sync Engine has been failing to sync records since 2023-10-16 08:57 UTC. Approximately 42,020 records are stuck in a PENDING state. Error log snippet shared by customer shows SYNC-FAIL-07 with stack trace pointing to a serialisation issue in the delta-sync processor. Customer is critical and stated this is blocking their go-live scheduled for next Friday. Workaround: manual re-trigger via admin panel unblocks individual batches but is not scalable. Engineering has reproduced the issue in staging with a dataset of matching schema. The database index was rebuilt and query performance restored to baseline."
001D0EFAA2520E3,Williams & Novak GmbH,Customer,Technology,Enterprise,Madrid,104033008,39732,513966837,CASE-661988,Phone,High,Escalated,Analytics Dashboard,2023-03-06,,Yes,Isabella Williams,IT Director,3.0,"Isabella Williams (IT Director) at Williams & Novak GmbH contacted support regarding an unexpected charge of $2,080 on their April invoice. Customer claims usage reported by the Analytics Dashboard does not match their internal telemetry. Discrepancy of approximately 6% in API call counts. Finance team has been looped in. Raw usage logs pulled from billing service for 2023-03-06. Preliminary finding: a duplicate event emitter was introduced in v3.2.3 causing double-counting. Credit memo being processed; ETA 2 business days. Workaround provided: client configured batch size to 500 records; permanent fix in sprint 43."
00102A12A787064,Kim & Ferreira Sp. z o.o.,Partner,Manufacturing,SMB,Toronto,134767739,11345,536558526,CASE-820431,Web,Low,Pending Customer,Billing Platform,2025-09-13,,Yes,Patrick Novak,IT Manager,5.0,"Patrick Novak (IT Manager) at Kim & Ferreira Sp. z o.o. contacted support regarding an unexpected charge of $13,195 on their July invoice. Customer claims usage reported by the Billing Platform does not match their internal telemetry. Discrepancy of approximately 24% in API call counts. Finance team has been looped in. Raw usage logs pulled from billing service for 2025-09-12. Preliminary finding: a duplicate event emitter was introduced in v2.3.7 causing double-counting. Credit memo being processed; ETA 5 business days. SSL certificate renewed and propagated across all edge nodes within the maintenance window."
00124A1E29F9138,Larsson & Rossi Sp. z o.o.,Prospect,Insurance,SMB,Budapest,315573027,26867,549389352,CASE-733216,Partner Portal,Medium,Resolved,Workflow Automation,2023-08-09,2023-09-08,No,Raj Larsson,IT Director,,Client in Budapest reported a critical failure in the Workflow Automation integration causing a invoice generation failures affecting 200+ clients. Error code TIMEOUT-002 appears in logs since 2023-08-06 13:12 UTC. Contact Raj Larsson (IT Director) was very concerned during the call and requested a post-mortem report within 48 hours. Initial triage confirmed the issue is environment-specific to their PROD-2 tenant. Reproduction steps provided; engineering queue updated. The database index was rebuilt and query performance restored to baseline.
00139642EA3F390,Schmidt & Okonkwo GmbH,Prospect,Retail,Enterprise,Warsaw,483009499,15256,585382123,CASE-169452,Chat,Medium,Resolved,Identity & Access Module,2025-01-31,2025-02-14,Yes,Daniel Dupont,Senior Engineer,5.0,Daniel Dupont from Schmidt & Okonkwo GmbH opened this case after observing severe latency in the Identity & Access Module. Average response times increased from ~200ms to over 4s beginning around 2025-01-29 04:49 UTC. Affects approximately 297 concurrent users in their APAC region. Customer is escalating and looped in their VP of Engineering on the call. Support engineer ran a distributed trace; bottleneck identified at the database read replica. Metrics attached to case for engineering review. Workaround provided: client configured batch size to 500 records; permanent fix in sprint 43.
0011AE93369166D,García & Müller Sp. z o.o.,Customer,Automotive,Enterprise,Singapore,67121750,29683,532969985,CASE-730645,Web,Low,Pending Customer,Security Manager,2025-05-13,,Yes,Daniel García,Solutions Architect,5.0,Client in Singapore reported a critical failure in the Security Manager integration causing a mobile app crashes on launch for iOS 17+. Error code ERR-5021 appears in logs since 2025-05-10 10:52 UTC. Contact Daniel García (Solutions Architect) was frustrated during the call and threatened to escalate to executive sponsor. Initial triage confirmed the issue is environment-specific to their EU-WEST tenant. Reproduction steps provided; engineering queue updated. SSL certificate renewed and propagated across all edge nodes within the maintenance window.
0017AB039282DB4,Kowalski & Dupont AB,Reseller,Manufacturing,Strategic,Stockholm,43324695,36477,552033591,CASE-617806,Partner Portal,Critical,Escalated,API Gateway,2025-12-28,,No,James Rossi,DevOps Lead,3.0,Ticket raised by James Rossi (DevOps Lead) at Kowalski & Dupont AB regarding intermittent authentication failures on the API Gateway. Approximately 68% of login attempts return a 401 with error ERR-4403. Issue began after they applied their internal SSO policy update on 2025-12-28. Customer tone: distressed; mentioned potential contractual penalties if unresolved by EOD. Support confirmed SAML assertions are malformed — attribute mapping mismatch in IdP config. Step-by-step remediation guide sent; customer to test in staging before production rollout. The third-party payment gateway's IP whitelist was updated to include the new NAT range.
001A1DB14704883,Johnson & Patel AG,Customer,Healthcare,Enterprise,Singapore,369996706,3450,544854691,CASE-923073,Phone,Critical,Escalated,Identity & Access Module,2023-04-08,,Yes,Daniel Becker,Platform Architect,3.0,"Customer Daniel Becker at Johnson & Patel AG (Tier: Enterprise, Industry: Healthcare) submitted a formal feature request for the Identity & Access Module. Request: ability to export audit logs in CEF format. Business justification: compliance with GDPR Article 30 audit requirements. Use case documented and forwarded to Product Management. Customer expects a roadmap commitment within 3 quarters. PM acknowledged receipt; item added to the backlog with Medium priority scoring."
001EAFB1FE242BE,Becker & Ferreira AG,Reseller,Media & Entertainment,Mid-Market,Vienna,355516076,32129,547653656,CASE-437548,Chat,High,Resolved,Analytics Dashboard,2025-08-01,2025-08-08,Yes,Ahmed Sato,Head of Operations,3.0,"Ahmed Sato (Head of Operations) at Becker & Ferreira AG contacted support regarding an unexpected charge of $12,753 on their May invoice. Customer claims usage reported by the Analytics Dashboard does not match their internal telemetry. Discrepancy of approximately 10% in API call counts. Finance team has been looped in. Raw usage logs pulled from billing service for 2025-08-01. Preliminary finding: a duplicate event emitter was introduced in v3.8.3 causing double-counting. Credit memo being processed; ETA 7 business days. Pending further investigation; case escalated to Tier-3 Engineering with P1 SLA applied."
0014FB33EE3B0C6,Ferreira & Nguyen Ltd.,Prospect,Retail,Enterprise,Chicago,408783860,20445,570937796,CASE-787120,Email,Critical,In Progress,Data Sync Engine,2025-10-09,,Yes,Zoe García,Solutions Architect,2.0,Client in Chicago reported a critical failure in the Data Sync Engine integration causing a duplicate records being created in the CRM. Error code SYNC-FAIL-07 appears in logs since 2025-10-09 06:00 UTC. Contact Zoe García (Solutions Architect) was critical during the call and stated this is blocking their go-live scheduled for next Friday. Initial triage confirmed the issue is environment-specific to their US-EAST tenant. Reproduction steps provided; engineering queue updated. Root cause traced to a race condition in the async queue; a mutex lock was introduced.
001295442C7C5C4,Ferreira & Dupont AG,Partner,Healthcare,SMB,Amsterdam,143713897,1883,573919907,CASE-794037,Partner Portal,Low,Pending Customer,Mobile SDK,2023-12-03,,Yes,Sophie Tanaka,Platform Architect,3.0,Client in Amsterdam reported a critical failure in the Mobile SDK integration causing a email notifications sent to incorrect recipients. Error code DB-CONN-ERR appears in logs since 2023-12-01 18:41 UTC. Contact Sophie Tanaka (Platform Architect) was very concerned during the call and requested a post-mortem report within 48 hours. Initial triage confirmed the issue is environment-specific to their EU-WEST tenant. Reproduction steps provided; engineering queue updated. The third-party payment gateway's IP whitelist was updated to include the new NAT range.
001C119A50BEB50,Andersen & Larsson AG,Reseller,Retail,Mid-Market,Budapest,104616250,19277,535427499,CASE-522253,Email,Medium,Closed,Mobile SDK,2025-10-25,2025-11-06,No,Maria Ferreira,CTO,5.0,"Customer Maria Ferreira at Andersen & Larsson AG (Tier: Mid-Market, Industry: Retail) submitted a formal feature request for the Mobile SDK. Request: ability to schedule reports at sub-hourly intervals. Business justification: compliance with ISO 27001 audit requirements. Use case documented and forwarded to Product Management. Customer expects a roadmap commitment within 1 quarters. PM acknowledged receipt; item added to the backlog with High priority scoring."
001F1751E396CEA,Andersen & Johnson Corp.,Partner,Retail,Enterprise,London,394522647,45340,546006180,CASE-619225,Email,High,New,API Gateway,2023-03-15,,Yes,Aisha Dupont,IT Manager,3.0,"Inbound escalation from Andersen & Johnson Corp. (London) — Aisha Dupont reports the API Gateway has been failing to sync records since 2023-03-13 07:04 UTC. Approximately 46,758 records are stuck in a PENDING state. Error log snippet shared by customer shows SSL-HANDSHAKE with stack trace pointing to a serialisation issue in the delta-sync processor. Customer is understanding and appreciated the quick response and transparency. Workaround: manual re-trigger via admin panel unblocks individual batches but is not scalable. Engineering has reproduced the issue in staging with a dataset of matching schema. A stale CDN cache was purged globally; content now serves correctly in all regions."
001FECA2A0EF172,Patel & Okonkwo AG,Partner,Financial Services,Enterprise,Chicago,7336959,43659,573699826,CASE-548709,Web,Critical,Pending Customer,Analytics Dashboard,2025-10-27,,Yes,Patrick Johnson,IT Director,3.0,Patrick Johnson from Patel & Okonkwo AG opened this case after observing severe latency in the Analytics Dashboard. Average response times increased from ~200ms to over 5s beginning around 2025-10-24 23:19 UTC. Affects approximately 357 concurrent users in their EMEA region. Customer is very concerned and requested a post-mortem report within 48 hours. Support engineer ran a distributed trace; bottleneck identified at the database read replica. Metrics attached to case for engineering review. Data migration script re-run with corrected field mappings; record integrity confirmed.
001E7CE145543BF,Kim & Johnson S.r.l.,Customer,Telecommunications,Enterprise,Warsaw,54183047,19972,555053851,CASE-574602,Chat,Medium,In Progress,Reporting Suite,2024-05-21,,Yes,James Sato,Head of Operations,5.0,James Sato from Kim & Johnson S.r.l. opened this case after observing severe latency in the Reporting Suite. Average response times increased from ~200ms to over 7s beginning around 2024-05-18 03:02 UTC. Affects approximately 196 concurrent users in their APAC region. Customer is distressed and mentioned potential contractual penalties if unresolved by EOD. Support engineer ran a distributed trace; bottleneck identified at the database read replica. Metrics attached to case for engineering review. A hotfix (v2.4.7) was deployed to production at 03:14 UTC resolving the root cause.
0018800DEED6255,Tanaka & Becker Ltd.,Partner,Technology,SMB,Warsaw,310588157,48572,567810328,CASE-476879,Email,Critical,New,Integration Hub,2025-09-18,,Yes,Marcus Schmidt,IT Director,4.0,Ticket raised by Marcus Schmidt (IT Director) at Tanaka & Becker Ltd. regarding intermittent authentication failures on the Integration Hub. Approximately 40% of login attempts return a 401 with error DB-CONN-ERR. Issue began after they applied their internal SSO policy update on 2025-09-18. Customer tone: very concerned; requested a post-mortem report within 48 hours. Support confirmed SAML assertions are malformed — attribute mapping mismatch in IdP config. Step-by-step remediation guide sent; customer to test in staging before production rollout. SSL certificate renewed and propagated across all edge nodes within the maintenance window.
0017A47D6E4A515,García & Müller Corp.,Customer,Manufacturing,SMB,Helsinki,233211861,29830,586056143,CASE-931023,Web,Medium,Resolved,Workflow Automation,2024-11-09,2024-11-19,Yes,Tom Kim,Head of Operations,,"Customer Tom Kim at García & Müller Corp. (Tier: SMB, Industry: Manufacturing) submitted a formal feature request for the Workflow Automation. Request: ability to schedule reports at sub-hourly intervals. Business justification: compliance with SOC 2 Type II audit requirements. Use case documented and forwarded to Product Management. Customer expects a roadmap commitment within 4 quarters. PM acknowledged receipt; item added to the backlog with High priority scoring."
001E840CD63F51F,Ferreira & Müller Ltd.,Customer,Technology,Mid-Market,Helsinki,262689739,20052,510683201,CASE-551226,Web,Critical,New,Billing Platform,2025-09-24,,Yes,Fatima Schmidt,DevOps Lead,3.0,New onboarding case for Ferreira & Müller Ltd. (Mid-Market tier). Primary contact: Fatima Schmidt (DevOps Lead). They are configuring the Billing Platform for the first time and encountered confusion around webhook signature verification. Implementation engineer scheduled a 60-minute screenshare for 2025-09-22. Customer provided sandbox credentials; issue reproduced and root cause confirmed. Documentation gap identified — will file internal ticket to update the Quick-Start Guide. Customer confirmed resolution after applying the corrected configuration.
0018B8846EEB08F,Rossi & Kim Ltd.,Partner,Technology,Mid-Market,Warsaw,436282999,44476,595502685,CASE-505002,Chat,Low,Escalated,Data Sync Engine,2024-07-08,,Yes,Ingrid Sato,CTO,3.0,"Inbound escalation from Rossi & Kim Ltd. (Warsaw) — Ingrid Sato reports the Data Sync Engine has been failing to sync records since 2024-07-07 23:12 UTC. Approximately 39,627 records are stuck in a PENDING state. Error log snippet shared by customer shows ERR-3301 with stack trace pointing to a serialisation issue in the delta-sync processor. Customer is understanding and appreciated the quick response and transparency. Workaround: manual re-trigger via admin panel unblocks individual batches but is not scalable. Engineering has reproduced the issue in staging with a dataset of matching schema. The database index was rebuilt and query performance restored to baseline."
00173D0DBA5A053,García & Kim SA,Reseller,Energy,SMB,Bratislava,293540615,12027,560461294,CASE-920411,Chat,Critical,Closed,Security Manager,2023-10-13,2023-10-31,Yes,Ingrid Novak,VP of Engineering,5.0,Ticket raised by Ingrid Novak (VP of Engineering) at García & Kim SA regarding intermittent authentication failures on the Security Manager. Approximately 45% of login attempts return a 401 with error DB-CONN-ERR. Issue began after they applied their internal SSO policy update on 2023-10-12. Customer tone: distressed; mentioned potential contractual penalties if unresolved by EOD. Support confirmed SAML assertions are malformed — attribute mapping mismatch in IdP config. Step-by-step remediation guide sent; customer to test in staging before production rollout. Pending further investigation; case escalated to Tier-3 Engineering with P1 SLA applied.
00155821CDE7EFE,Novak & Schmidt AB,Prospect,Logistics,Strategic,Toronto,422819882,15912,587889556,CASE-637087,Web,High,Resolved,Workflow Automation,2025-05-25,2025-05-29,Yes,Wei Schmidt,VP of Engineering,,New onboarding case for Novak & Schmidt AB (Strategic tier). Primary contact: Wei Schmidt (VP of Engineering). They are configuring the Workflow Automation for the first time and encountered missing permissions on the service account used for integration. Implementation engineer scheduled a 60-minute screenshare for 2025-05-22. Customer provided sandbox credentials; issue reproduced and root cause confirmed. Documentation gap identified — will file internal ticket to update the Quick-Start Guide. Customer confirmed resolution after applying the corrected configuration.
00179E17FFCE765,Dupont & Okonkwo Corp.,Reseller,Energy,Enterprise,Milan,371259241,21722,518169131,CASE-227341,Partner Portal,Critical,Resolved,Reporting Suite,2025-11-26,2025-12-05,Yes,Maria Andersen,VP of Engineering,5.0,New onboarding case for Dupont & Okonkwo Corp. (Enterprise tier). Primary contact: Maria Andersen (VP of Engineering). They are configuring the Reporting Suite for the first time and encountered confusion around webhook signature verification. Implementation engineer scheduled a 60-minute screenshare for 2025-11-23. Customer provided sandbox credentials; issue reproduced and root cause confirmed. Documentation gap identified — will file internal ticket to update the Quick-Start Guide. Customer confirmed resolution after applying the corrected configuration.
001B3E67DD338E9,Kowalski & Williams Ltd.,Customer,Media & Entertainment,Strategic,Oslo,279577613,6358,543179439,CASE-314217,Phone,Low,In Progress,Analytics Dashboard,2024-04-02,,Yes,Fatima Schmidt,VP of Engineering,5.0,Client in Oslo reported a critical failure in the Analytics Dashboard integration causing a duplicate records being created in the CRM. Error code ERR-5021 appears in logs since 2024-04-01 09:40 UTC. Contact Fatima Schmidt (VP of Engineering) was distressed during the call and mentioned potential contractual penalties if unresolved by EOD. Initial triage confirmed the issue is environment-specific to their EU-WEST tenant. Reproduction steps provided; engineering queue updated. A stale CDN cache was purged globally; content now serves correctly in all regions.
001CB913068CC3E,Tanaka & Schmidt Inc.,Partner,Telecommunications,Mid-Market,Prague,92184392,33532,583374285,CASE-310083,Chat,Low,Closed,Identity & Access Module,2024-06-17,2024-07-10,Yes,Sophie Becker,IT Director,3.0,New onboarding case for Tanaka & Schmidt Inc. (Mid-Market tier). Primary contact: Sophie Becker (IT Director). They are configuring the Identity & Access Module for the first time and encountered CORS policy errors when calling the API from their SPA. Implementation engineer scheduled a 60-minute screenshare for 2024-06-14. Customer provided sandbox credentials; issue reproduced and root cause confirmed. Documentation gap identified — will file internal ticket to update the Quick-Start Guide. Customer confirmed resolution after applying the corrected configuration.
001CE8A535B41F7,Becker & Becker Inc.,Reseller,Telecommunications,SMB,Bratislava,6416124,38056,550635970,CASE-135739,Partner Portal,Low,New,Billing Platform,2025-03-12,,Yes,Sophie Ferreira,CTO,3.0,Ticket raised by Sophie Ferreira (CTO) at Becker & Becker Inc. regarding intermittent authentication failures on the Billing Platform. Approximately 64% of login attempts return a 401 with error SYNC-FAIL-07. Issue began after they applied their internal SSO policy update on 2025-03-09. Customer tone: patient but firm; asked for daily status updates. Support confirmed SAML assertions are malformed — attribute mapping mismatch in IdP config. Step-by-step remediation guide sent; customer to test in staging before production rollout. A stale CDN cache was purged globally; content now serves correctly in all regions.
001DB1082E6508B,Nguyen & Hassan AG,Prospect,Manufacturing,SMB,Munich,247182382,46880,528795756,CASE-391860,Web,Low,Escalated,Integration Hub,2025-10-27,,Yes,Patrick Hassan,IT Director,5.0,"Customer Patrick Hassan at Nguyen & Hassan AG (Tier: SMB, Industry: Manufacturing) submitted a formal feature request for the Integration Hub. Request: ability to schedule reports at sub-hourly intervals. Business justification: compliance with HIPAA §164.312 audit requirements. Use case documented and forwarded to Product Management. Customer expects a roadmap commitment within 4 quarters. PM acknowledged receipt; item added to the backlog with High priority scoring."
00194E1ACE71071,Müller & Schmidt Inc.,Reseller,Media & Entertainment,SMB,Bratislava,365208368,31232,553440826,CASE-896822,Email,High,New,Analytics Dashboard,2024-10-25,,Yes,Omar Rossi,Platform Architect,1.0,Client in Bratislava reported a critical failure in the Analytics Dashboard integration causing a audit logs missing entries for the past 48 hours. Error code AUTH-401 appears in logs since 2024-10-23 18:39 UTC. Contact Omar Rossi (Platform Architect) was professional during the call and requested SLA credit per the MSA terms. Initial triage confirmed the issue is environment-specific to their EU-WEST tenant. Reproduction steps provided; engineering queue updated. A hotfix (v2.4.7) was deployed to production at 03:14 UTC resolving the root cause.
001B0ECB8C9A8F7,Patel & Okonkwo AG,Partner,Technology,Enterprise,Singapore,105575272,16557,575914731,CASE-558767,Web,High,Closed,API Gateway,2023-05-30,2023-06-03,Yes,Henrik Schmidt,Solutions Architect,1.0,"Inbound escalation from Patel & Okonkwo AG (Singapore) — Henrik Schmidt reports the API Gateway has been failing to sync records since 2023-05-27 11:38 UTC. Approximately 35,137 records are stuck in a PENDING state. Error log snippet shared by customer shows ERR-4009 with stack trace pointing to a serialisation issue in the delta-sync processor. Customer is professional and requested SLA credit per the MSA terms. Workaround: manual re-trigger via admin panel unblocks individual batches but is not scalable. Engineering has reproduced the issue in staging with a dataset of matching schema. Engineering identified a misconfigured load-balancer rule; it was corrected and verified."
00101BC0C189519,Novak & Rossi BV,Reseller,Financial Services,Enterprise,Bratislava,102578971,13607,586553774,CASE-967776,Chat,Medium,Closed,Identity & Access Module,2023-03-10,2023-04-02,Yes,Ingrid Sato,IT Director,5.0,"Customer Ingrid Sato at Novak & Rossi BV (Tier: Enterprise, Industry: Financial Services) submitted a formal feature request for the Identity & Access Module. Request: ability to receive webhook retries with exponential backoff. Business justification: compliance with SOC 2 Type II audit requirements. Use case documented and forwarded to Product Management. Customer expects a roadmap commitment within 1 quarters. PM acknowledged receipt; item added to the backlog with Medium priority scoring."
00178B176414F70,Kowalski & Johnson GmbH,Partner,Automotive,Strategic,Budapest,441447005,19008,543739900,CASE-509391,Web,Critical,New,Data Sync Engine,2023-06-10,,Yes,Sophie Dupont,Technical Account Manager,3.0,"Sophie Dupont (Technical Account Manager) at Kowalski & Johnson GmbH contacted support regarding an unexpected charge of $1,425 on their July invoice. Customer claims usage reported by the Data Sync Engine does not match their internal telemetry. Discrepancy of approximately 20% in API call counts. Finance team has been looped in. Raw usage logs pulled from billing service for 2023-06-09. Preliminary finding: a duplicate event emitter was introduced in v4.9.8 causing double-counting. Credit memo being processed; ETA 4 business days. Root cause traced to a race condition in the async queue; a mutex lock was introduced."
001767C4417412F,Becker & Andersen Ltd.,Partner,Financial Services,Enterprise,Singapore,294215281,48105,554239393,CASE-894133,Phone,High,In Progress,Security Manager,2025-08-22,,No,Maria Okonkwo,Senior Engineer,,New onboarding case for Becker & Andersen Ltd. (Enterprise tier). Primary contact: Maria Okonkwo (Senior Engineer). They are configuring the Security Manager for the first time and encountered SSL pinning failures in their mobile build pipeline. Implementation engineer scheduled a 60-minute screenshare for 2025-08-20. Customer provided sandbox credentials; issue reproduced and root cause confirmed. Documentation gap identified — will file internal ticket to update the Quick-Start Guide. Customer confirmed resolution after applying the corrected configuration.
0014CDC0F56890C,Novak & Kowalski Inc.,Customer,Media & Entertainment,Enterprise,Singapore,267108332,33276,540231877,CASE-781927,Web,Low,New,Workflow Automation,2023-05-25,,No,Clara Rossi,DevOps Lead,3.0,"Customer Clara Rossi at Novak & Kowalski Inc. (Tier: Enterprise, Industry: Media & Entertainment) submitted a formal feature request for the Workflow Automation. Request: ability to configure per-user rate limits via API. Business justification: compliance with ISO 27001 audit requirements. Use case documented and forwarded to Product Management. Customer expects a roadmap commitment within 1 quarters. PM acknowledged receipt; item added to the backlog with High priority scoring."
0010868AC7700BA,Becker & Becker S.r.l.,Prospect,Retail,Strategic,New York,189365334,12700,556053543,CASE-557729,Phone,High,New,API Gateway,2025-09-14,,Yes,Omar Tanaka,IT Director,,Client in New York reported a critical failure in the API Gateway integration causing a dashboard not loading for all EU users. Error code AUTH-401 appears in logs since 2025-09-14 12:49 UTC. Contact Omar Tanaka (IT Director) was frustrated during the call and threatened to escalate to executive sponsor. Initial triage confirmed the issue is environment-specific to their EU-WEST tenant. Reproduction steps provided; engineering queue updated. A hotfix (v2.4.7) was deployed to production at 03:14 UTC resolving the root cause.
001F497AD4ED893,Okonkwo & Larsson Corp.,Reseller,Retail,Enterprise,Chicago,257500838,43105,526425076,CASE-788484,Phone,Critical,Resolved,Data Sync Engine,2023-04-27,2023-05-01,Yes,Fatima Müller,Platform Architect,5.0,Ticket raised by Fatima Müller (Platform Architect) at Okonkwo & Larsson Corp. regarding intermittent authentication failures on the Data Sync Engine. Approximately 68% of login attempts return a 401 with error TIMEOUT-002. Issue began after they applied their internal SSO policy update on 2023-04-26. Customer tone: escalating; looped in their VP of Engineering on the call. Support confirmed SAML assertions are malformed — attribute mapping mismatch in IdP config. Step-by-step remediation guide sent; customer to test in staging before production rollout. OAuth token refresh logic was patched; all active sessions re-authenticated successfully.
001BAC67016692D,Novak & Hassan AG,Reseller,Media & Entertainment,SMB,Lisbon,150707810,5151,537320680,CASE-243792,Partner Portal,High,Pending Customer,Workflow Automation,2024-08-22,,Yes,Tom Okonkwo,CTO,5.0,Ticket raised by Tom Okonkwo (CTO) at Novak & Hassan AG regarding intermittent authentication failures on the Workflow Automation. Approximately 20% of login attempts return a 401 with error TIMEOUT-002. Issue began after they applied their internal SSO policy update on 2024-08-21. Customer tone: escalating; looped in their VP of Engineering on the call. Support confirmed SAML assertions are malformed — attribute mapping mismatch in IdP config. Step-by-step remediation guide sent; customer to test in staging before production rollout. Workaround provided: client configured batch size to 500 records; permanent fix in sprint 43.
001503CA7EFB5D1,Andersen & Sato AB,Customer,Financial Services,Mid-Market,Milan,150336635,39970,561531052,CASE-619419,Phone,Low,New,Reporting Suite,2025-07-18,,No,Maria Andersen,DevOps Lead,4.0,New onboarding case for Andersen & Sato AB (Mid-Market tier). Primary contact: Maria Andersen (DevOps Lead). They are configuring the Reporting Suite for the first time and encountered CORS policy errors when calling the API from their SPA. Implementation engineer scheduled a 60-minute screenshare for 2025-07-18. Customer provided sandbox credentials; issue reproduced and root cause confirmed. Documentation gap identified — will file internal ticket to update the Quick-Start Guide. Customer confirmed resolution after applying the corrected configuration.
001EB575CA910AF,Larsson & Schmidt Corp.,Partner,Retail,Strategic,Zurich,407046689,1802,555760780,CASE-861042,Partner Portal,Low,Escalated,Analytics Dashboard,2025-06-01,,No,Maria Novak,Senior Engineer,,New onboarding case for Larsson & Schmidt Corp. (Strategic tier). Primary contact: Maria Novak (Senior Engineer). They are configuring the Analytics Dashboard for the first time and encountered CORS policy errors when calling the API from their SPA. Implementation engineer scheduled a 60-minute screenshare for 2025-06-01. Customer provided sandbox credentials; issue reproduced and root cause confirmed. Documentation gap identified — will file internal ticket to update the Quick-Start Guide. Customer confirmed resolution after applying the corrected configuration.
001457AAACF4997,Andersen & Patel AB,Partner,Energy,SMB,Oslo,487824490,1005,547674933,CASE-938429,Web,Critical,In Progress,Integration Hub,2025-08-07,,Yes,Raj Hassan,Solutions Architect,5.0,"Customer Raj Hassan at Andersen & Patel AB (Tier: SMB, Industry: Energy) submitted a formal feature request for the Integration Hub. Request: ability to bulk-archive inactive records. Business justification: compliance with GDPR Article 30 audit requirements. Use case documented and forwarded to Product Management. Customer expects a roadmap commitment within 4 quarters. PM acknowledged receipt; item added to the backlog with High priority scoring."
00191FC16D5680B,Andersen & Patel Sp. z o.o.,Reseller,Technology,SMB,Singapore,20366241,23519,574452414,CASE-768722,Partner Portal,High,New,Billing Platform,2024-05-28,,No,Raj Okonkwo,Solutions Architect,,Client in Singapore reported a critical failure in the Billing Platform integration causing a mobile app crashes on launch for iOS 17+. Error code SSL-HANDSHAKE appears in logs since 2024-05-28 03:19 UTC. Contact Raj Okonkwo (Solutions Architect) was very concerned during the call and requested a post-mortem report within 48 hours. Initial triage confirmed the issue is environment-specific to their AP-SOUTH tenant. Reproduction steps provided; engineering queue updated. Engineering identified a misconfigured load-balancer rule; it was corrected and verified.
001B76F10E33505,Tanaka & Williams GmbH,Partner,Manufacturing,SMB,Lisbon,367956671,33218,569097257,CASE-708059,Web,Critical,New,Billing Platform,2024-06-15,,Yes,Henrik Patel,Platform Architect,,Client in Lisbon reported a critical failure in the Billing Platform integration causing a mobile app crashes on launch for iOS 17+. Error code ERR-5021 appears in logs since 2024-06-12 04:14 UTC. Contact Henrik Patel (Platform Architect) was understanding during the call and appreciated the quick response and transparency. Initial triage confirmed the issue is environment-specific to their AP-SOUTH tenant. Reproduction steps provided; engineering queue updated. The customer's IP range was added to the allowlist following security review approval.
00122377CF2A4AD,Rossi & Johnson Ltd.,Reseller,Financial Services,Mid-Market,Toronto,38828916,42076,567240549,CASE-396835,Email,Critical,Closed,Workflow Automation,2023-08-12,2023-08-23,Yes,Sophie Hassan,Senior Engineer,5.0,"Sophie Hassan (Senior Engineer) at Rossi & Johnson Ltd. contacted support regarding an unexpected charge of $13,113 on their May invoice. Customer claims usage reported by the Workflow Automation does not match their internal telemetry. Discrepancy of approximately 26% in API call counts. Finance team has been looped in. Raw usage logs pulled from billing service for 2023-08-12. Preliminary finding: a duplicate event emitter was introduced in v3.5.7 causing double-counting. Credit memo being processed; ETA 4 business days. Data migration script re-run with corrected field mappings; record integrity confirmed."
001891B1192A680,García & Okonkwo S.r.l.,Prospect,Manufacturing,SMB,Munich,115856767,24837,588206824,CASE-134183,Email,Low,Closed,API Gateway,2024-08-18,2024-09-05,Yes,Sophie Williams,Head of Operations,,New onboarding case for García & Okonkwo S.r.l. (SMB tier). Primary contact: Sophie Williams (Head of Operations). They are configuring the API Gateway for the first time and encountered confusion around webhook signature verification. Implementation engineer scheduled a 60-minute screenshare for 2024-08-17. Customer provided sandbox credentials; issue reproduced and root cause confirmed. Documentation gap identified — will file internal ticket to update the Quick-Start Guide. Customer confirmed resolution after applying the corrected configuration.
0011DC62A003FF8,Hassan & Ferreira BV,Prospect,Pharmaceuticals,Strategic,Bratislava,489626727,16002,554115287,CASE-354880,Web,High,Resolved,Integration Hub,2023-09-06,2023-10-02,No,Zoe Hassan,DevOps Lead,3.0,Zoe Hassan from Hassan & Ferreira BV opened this case after observing severe latency in the Integration Hub. Average response times increased from ~200ms to over 14s beginning around 2023-09-06 19:30 UTC. Affects approximately 133 concurrent users in their APAC region. Customer is very concerned and requested a post-mortem report within 48 hours. Support engineer ran a distributed trace; bottleneck identified at the database read replica. Metrics attached to case for engineering review. Workaround provided: client configured batch size to 500 records; permanent fix in sprint 43.
00167157C492082,Johnson & Ferreira AB,Partner,Logistics,Enterprise,Budapest,417352490,26723,588484532,CASE-798249,Email,Medium,In Progress,Workflow Automation,2025-11-01,,Yes,Isabella Williams,Platform Architect,3.0,"Isabella Williams (Platform Architect) at Johnson & Ferreira AB contacted support regarding an unexpected charge of $5,342 on their March invoice. Customer claims usage reported by the Workflow Automation does not match their internal telemetry. Discrepancy of approximately 10% in API call counts. Finance team has been looped in. Raw usage logs pulled from billing service for 2025-11-01. Preliminary finding: a duplicate event emitter was introduced in v3.6.8 causing double-counting. Credit memo being processed; ETA 3 business days. Data migration script re-run with corrected field mappings; record integrity confirmed."
001D74746AE8C92,Novak & Kowalski AG,Customer,Automotive,Mid-Market,Brussels,370965930,10950,519799868,CASE-238808,Partner Portal,Low,Pending Customer,Analytics Dashboard,2025-07-18,,No,Ingrid Andersen,IT Director,3.0,New onboarding case for Novak & Kowalski AG (Mid-Market tier). Primary contact: Ingrid Andersen (IT Director). They are configuring the Analytics Dashboard for the first time and encountered confusion around webhook signature verification. Implementation engineer scheduled a 60-minute screenshare for 2025-07-18. Customer provided sandbox credentials; issue reproduced and root cause confirmed. Documentation gap identified — will file internal ticket to update the Quick-Start Guide. Customer confirmed resolution after applying the corrected configuration.
001AC69734AC8A3,Dupont & Müller AG,Reseller,Media & Entertainment,Mid-Market,Prague,398158930,28563,548827999,CASE-894464,Chat,High,Pending Customer,Billing Platform,2023-09-01,,Yes,Clara Williams,Senior Engineer,5.0,"Inbound escalation from Dupont & Müller AG (Prague) — Clara Williams reports the Billing Platform has been failing to sync records since 2023-08-30 10:37 UTC. Approximately 10,478 records are stuck in a PENDING state. Error log snippet shared by customer shows ERR-5021 with stack trace pointing to a serialisation issue in the delta-sync processor. Customer is very concerned and requested a post-mortem report within 48 hours. Workaround: manual re-trigger via admin panel unblocks individual batches but is not scalable. Engineering has reproduced the issue in staging with a dataset of matching schema. Data migration script re-run with corrected field mappings; record integrity confirmed."
001CA317DEB4FB1,Andersen & Dupont Ltd.,Reseller,Logistics,Strategic,Bratislava,153646293,21165,561548700,CASE-434053,Email,High,New,Mobile SDK,2024-10-18,,Yes,Nadia Sato,DevOps Lead,2.0,"Inbound escalation from Andersen & Dupont Ltd. (Bratislava) — Nadia Sato reports the Mobile SDK has been failing to sync records since 2024-10-15 05:32 UTC. Approximately 34,522 records are stuck in a PENDING state. Error log snippet shared by customer shows ERR-3301 with stack trace pointing to a serialisation issue in the delta-sync processor. Customer is professional and requested SLA credit per the MSA terms. Workaround: manual re-trigger via admin panel unblocks individual batches but is not scalable. Engineering has reproduced the issue in staging with a dataset of matching schema. Data migration script re-run with corrected field mappings; record integrity confirmed."
0019F2F04A4E6B1,Ferreira & Johnson Inc.,Partner,Logistics,Enterprise,Singapore,358288823,18270,528925119,CASE-200638,Email,High,New,Workflow Automation,2024-08-06,,Yes,Tom Kowalski,DevOps Lead,5.0,Ticket raised by Tom Kowalski (DevOps Lead) at Ferreira & Johnson Inc. regarding intermittent authentication failures on the Workflow Automation. Approximately 74% of login attempts return a 401 with error DB-CONN-ERR. Issue began after they applied their internal SSO policy update on 2024-08-05. Customer tone: frustrated; threatened to escalate to executive sponsor. Support confirmed SAML assertions are malformed — attribute mapping mismatch in IdP config. Step-by-step remediation guide sent; customer to test in staging before production rollout. OAuth token refresh logic was patched; all active sessions re-authenticated successfully.
0017394E88155F7,Hassan & Tanaka Sp. z o.o.,Customer,Telecommunications,Enterprise,Munich,239088151,28338,576203639,CASE-375834,Phone,High,Closed,Workflow Automation,2024-02-21,2024-03-14,Yes,Nadia Ferreira,DevOps Lead,5.0,Client in Munich reported a critical failure in the Workflow Automation integration causing a nightly batch jobs failing silently. Error code ERR-4403 appears in logs since 2024-02-19 18:27 UTC. Contact Nadia Ferreira (DevOps Lead) was very concerned during the call and requested a post-mortem report within 48 hours. Initial triage confirmed the issue is environment-specific to their US-EAST tenant. Reproduction steps provided; engineering queue updated. Workaround provided: client configured batch size to 500 records; permanent fix in sprint 43.
001AA899711CF83,Rossi & Okonkwo GmbH,Prospect,Logistics,Mid-Market,Paris,102719511,36590,598735423,CASE-978323,Phone,Critical,Closed,Integration Hub,2024-11-17,2024-12-16,Yes,Nadia Hassan,IT Manager,1.0,Client in Paris reported a critical failure in the Integration Hub integration causing a file attachments over 10 MB silently dropped. Error code ERR-4009 appears in logs since 2024-11-15 14:40 UTC. Contact Nadia Hassan (IT Manager) was professional during the call and requested SLA credit per the MSA terms. Initial triage confirmed the issue is environment-specific to their US-EAST tenant. Reproduction steps provided; engineering queue updated. A stale CDN cache was purged globally; content now serves correctly in all regions.
0015F2FE9A5A849,Hassan & García GmbH,Partner,Manufacturing,Strategic,Brussels,381673252,11682,515209356,CASE-538471,Web,Low,Resolved,Analytics Dashboard,2025-10-14,2025-10-29,Yes,Henrik Rossi,IT Manager,5.0,Client in Brussels reported a critical failure in the Analytics Dashboard integration causing a webhook events not firing for payment completions. Error code DB-CONN-ERR appears in logs since 2025-10-12 04:12 UTC. Contact Henrik Rossi (IT Manager) was critical during the call and stated this is blocking their go-live scheduled for next Friday. Initial triage confirmed the issue is environment-specific to their US-EAST tenant. Reproduction steps provided; engineering queue updated. A stale CDN cache was purged globally; content now serves correctly in all regions.
00146BAAF248E6F,Johnson & Dupont SA,Reseller,Technology,Strategic,Zurich,62679949,11557,572375800,CASE-434397,Phone,Medium,In Progress,Reporting Suite,2025-03-14,,No,Fatima Dupont,IT Manager,1.0,"Inbound escalation from Johnson & Dupont SA (Zurich) — Fatima Dupont reports the Reporting Suite has been failing to sync records since 2025-03-12 17:30 UTC. Approximately 32,558 records are stuck in a PENDING state. Error log snippet shared by customer shows SSL-HANDSHAKE with stack trace pointing to a serialisation issue in the delta-sync processor. Customer is distressed and mentioned potential contractual penalties if unresolved by EOD. Workaround: manual re-trigger via admin panel unblocks individual batches but is not scalable. Engineering has reproduced the issue in staging with a dataset of matching schema. Root cause traced to a race condition in the async queue; a mutex lock was introduced."
0018BF37E6459A1,Andersen & Okonkwo AB,Reseller,Retail,Enterprise,Sydney,140461912,3590,546012929,CASE-609089,Email,Medium,Pending Customer,Billing Platform,2024-07-02,,Yes,Aisha Okonkwo,IT Manager,3.0,New onboarding case for Andersen & Okonkwo AB (Enterprise tier). Primary contact: Aisha Okonkwo (IT Manager). They are configuring the Billing Platform for the first time and encountered missing permissions on the service account used for integration. Implementation engineer scheduled a 60-minute screenshare for 2024-07-01. Customer provided sandbox credentials; issue reproduced and root cause confirmed. Documentation gap identified — will file internal ticket to update the Quick-Start Guide. Customer confirmed resolution after applying the corrected configuration.
001E2ADEA5B5BFE,Williams & Novak GmbH,Prospect,Retail,Mid-Market,Budapest,490248982,23124,584208202,CASE-166547,Phone,High,New,Integration Hub,2024-02-27,,Yes,Daniel Tanaka,CTO,5.0,New onboarding case for Williams & Novak GmbH (Mid-Market tier). Primary contact: Daniel Tanaka (CTO). They are configuring the Integration Hub for the first time and encountered confusion around webhook signature verification. Implementation engineer scheduled a 60-minute screenshare for 2024-02-27. Customer provided sandbox credentials; issue reproduced and root cause confirmed. Documentation gap identified — will file internal ticket to update the Quick-Start Guide. Customer confirmed resolution after applying the corrected configuration.
001AF14E69E6A63,Novak & Johnson GmbH,Customer,Pharmaceuticals,Strategic,Madrid,269740398,26089,575082169,CASE-144339,Email,Medium,Resolved,Identity & Access Module,2024-08-17,2024-08-17,Yes,Ingrid García,CTO,,New onboarding case for Novak & Johnson GmbH (Strategic tier). Primary contact: Ingrid García (CTO). They are configuring the Identity & Access Module for the first time and encountered confusion around webhook signature verification. Implementation engineer scheduled a 60-minute screenshare for 2024-08-16. Customer provided sandbox credentials; issue reproduced and root cause confirmed. Documentation gap identified — will file internal ticket to update the Quick-Start Guide. Customer confirmed resolution after applying the corrected configuration.
0010338CAE758FC,Andersen & Rossi AG,Reseller,Media & Entertainment,Mid-Market,Tokyo,11320193,976,582705468,CASE-734254,Email,Critical,Closed,API Gateway,2024-07-11,2024-08-03,No,Omar Tanaka,VP of Engineering,2.0,"Omar Tanaka (VP of Engineering) at Andersen & Rossi AG contacted support regarding an unexpected charge of $13,822 on their July invoice. Customer claims usage reported by the API Gateway does not match their internal telemetry. Discrepancy of approximately 24% in API call counts. Finance team has been looped in. Raw usage logs pulled from billing service for 2024-07-11. Preliminary finding: a duplicate event emitter was introduced in v3.6.8 causing double-counting. Credit memo being processed; ETA 7 business days. A hotfix (v2.4.7) was deployed to production at 03:14 UTC resolving the root cause."
001805CE7259A0D,Kim & Becker AG,Reseller,Technology,Strategic,Stockholm,153198427,46073,581565416,CASE-631201,Email,Low,Escalated,Identity & Access Module,2023-07-24,,Yes,Isabella Nguyen,Platform Architect,4.0,"Inbound escalation from Kim & Becker AG (Stockholm) — Isabella Nguyen reports the Identity & Access Module has been failing to sync records since 2023-07-22 20:36 UTC. Approximately 24,927 records are stuck in a PENDING state. Error log snippet shared by customer shows DB-CONN-ERR with stack trace pointing to a serialisation issue in the delta-sync processor. Customer is professional and requested SLA credit per the MSA terms. Workaround: manual re-trigger via admin panel unblocks individual batches but is not scalable. Engineering has reproduced the issue in staging with a dataset of matching schema. Workaround provided: client configured batch size to 500 records; permanent fix in sprint 43."
0012EE66A293409,Sato & Dupont SA,Customer,Telecommunications,Mid-Market,London,51711598,36768,532717117,CASE-317770,Chat,High,Closed,Security Manager,2023-02-20,2023-03-17,Yes,Elena Kowalski,Senior Engineer,1.0,Elena Kowalski from Sato & Dupont SA opened this case after observing severe latency in the Security Manager. Average response times increased from ~200ms to over 12s beginning around 2023-02-17 07:28 UTC. Affects approximately 439 concurrent users in their APAC region. Customer is professional and requested SLA credit per the MSA terms. Support engineer ran a distributed trace; bottleneck identified at the database read replica. Metrics attached to case for engineering review. The customer's IP range was added to the allowlist following security review approval.
0019AD58EA7FEF8,Tanaka & Müller BV,Prospect,Insurance,Mid-Market,Chicago,371154249,13721,585485324,CASE-933298,Chat,Low,New,API Gateway,2025-10-07,,Yes,Nadia Okonkwo,Technical Account Manager,5.0,"Nadia Okonkwo (Technical Account Manager) at Tanaka & Müller BV contacted support regarding an unexpected charge of $4,062 on their May invoice. Customer claims usage reported by the API Gateway does not match their internal telemetry. Discrepancy of approximately 34% in API call counts. Finance team has been looped in. Raw usage logs pulled from billing service for 2025-10-05. Preliminary finding: a duplicate event emitter was introduced in v4.7.8 causing double-counting. Credit memo being processed; ETA 6 business days. Workaround provided: client configured batch size to 500 records; permanent fix in sprint 43."
0012E1A4D9FAB62,Hassan & Dupont Inc.,Customer,Healthcare,Enterprise,Chicago,475900714,27809,576462542,CASE-279015,Partner Portal,Low,New,Mobile SDK,2023-06-08,,Yes,James Patel,Platform Architect,5.0,"Inbound escalation from Hassan & Dupont Inc. (Chicago) — James Patel reports the Mobile SDK has been failing to sync records since 2023-06-05 04:48 UTC. Approximately 26,675 records are stuck in a PENDING state. Error log snippet shared by customer shows ERR-5021 with stack trace pointing to a serialisation issue in the delta-sync processor. Customer is professional and requested SLA credit per the MSA terms. Workaround: manual re-trigger via admin panel unblocks individual batches but is not scalable. Engineering has reproduced the issue in staging with a dataset of matching schema. A stale CDN cache was purged globally; content now serves correctly in all regions."
00140D7DD8E6CF6,Patel & Tanaka SA,Prospect,Energy,SMB,London,279339899,39627,543720776,CASE-595043,Chat,High,Resolved,Billing Platform,2025-12-06,2025-12-12,Yes,Elena Sato,Head of Operations,1.0,"Customer Elena Sato at Patel & Tanaka SA (Tier: SMB, Industry: Energy) submitted a formal feature request for the Billing Platform. Request: ability to configure per-user rate limits via API. Business justification: compliance with PCI-DSS 4.0 audit requirements. Use case documented and forwarded to Product Management. Customer expects a roadmap commitment within 4 quarters. PM acknowledged receipt; item added to the backlog with High priority scoring."
00147561E90C03D,García & Dupont S.r.l.,Reseller,Energy,Mid-Market,Copenhagen,319645311,10263,518961986,CASE-467476,Partner Portal,High,New,Analytics Dashboard,2025-08-21,,Yes,Patrick García,Solutions Architect,5.0,Ticket raised by Patrick García (Solutions Architect) at García & Dupont S.r.l. regarding intermittent authentication failures on the Analytics Dashboard. Approximately 29% of login attempts return a 401 with error ERR-3301. Issue began after they applied their internal SSO policy update on 2025-08-21. Customer tone: frustrated; threatened to escalate to executive sponsor. Support confirmed SAML assertions are malformed — attribute mapping mismatch in IdP config. Step-by-step remediation guide sent; customer to test in staging before production rollout. A stale CDN cache was purged globally; content now serves correctly in all regions.
001625B748290D3,Rossi & Sato Inc.,Partner,Insurance,SMB,Budapest,141663558,36950,523733443,CASE-232858,Partner Portal,Low,Escalated,Workflow Automation,2025-04-05,,Yes,Henrik García,VP of Engineering,5.0,"Customer Henrik García at Rossi & Sato Inc. (Tier: SMB, Industry: Insurance) submitted a formal feature request for the Workflow Automation. Request: ability to receive webhook retries with exponential backoff. Business justification: compliance with PCI-DSS 4.0 audit requirements. Use case documented and forwarded to Product Management. Customer expects a roadmap commitment within 3 quarters. PM acknowledged receipt; item added to the backlog with Medium priority scoring."
001F623C3BDB186,Kowalski & Schmidt BV,Reseller,Manufacturing,Enterprise,Amsterdam,228887964,43581,573309036,CASE-442978,Web,Critical,Resolved,Identity & Access Module,2024-03-19,2024-03-23,Yes,Ahmed Patel,VP of Engineering,5.0,Client in Amsterdam reported a critical failure in the Identity & Access Module integration causing a duplicate records being created in the CRM. Error code AUTH-401 appears in logs since 2024-03-19 19:09 UTC. Contact Ahmed Patel (VP of Engineering) was professional during the call and requested SLA credit per the MSA terms. Initial triage confirmed the issue is environment-specific to their PROD-2 tenant. Reproduction steps provided; engineering queue updated. The third-party payment gateway's IP whitelist was updated to include the new NAT range.
00142E29A25E773,Becker & Novak Sp. z o.o.,Customer,Pharmaceuticals,SMB,Stockholm,300023010,28545,597522323,CASE-465093,Email,Critical,Escalated,Integration Hub,2023-06-10,,Yes,Tom Tanaka,Solutions Architect,4.0,"Customer Tom Tanaka at Becker & Novak Sp. z o.o. (Tier: SMB, Industry: Pharmaceuticals) submitted a formal feature request for the Integration Hub. Request: ability to set custom session timeout policies per role group. Business justification: compliance with GDPR Article 30 audit requirements. Use case documented and forwarded to Product Management. Customer expects a roadmap commitment within 4 quarters. PM acknowledged receipt; item added to the backlog with High priority scoring."
001489E014617F1,Larsson & Hassan Ltd.,Customer,Pharmaceuticals,Mid-Market,Singapore,489611282,24184,544059134,CASE-627217,Phone,Medium,Escalated,Mobile SDK,2025-02-05,,Yes,Carlos Ferreira,CTO,5.0,"Carlos Ferreira (CTO) at Larsson & Hassan Ltd. contacted support regarding an unexpected charge of $4,704 on their June invoice. Customer claims usage reported by the Mobile SDK does not match their internal telemetry. Discrepancy of approximately 30% in API call counts. Finance team has been looped in. Raw usage logs pulled from billing service for 2025-02-04. Preliminary finding: a duplicate event emitter was introduced in v2.4.4 causing double-counting. Credit memo being processed; ETA 7 business days. A hotfix (v2.4.7) was deployed to production at 03:14 UTC resolving the root cause."
0018ECC0FD2C9A1,Dupont & Müller BV,Partner,Financial Services,Strategic,Bratislava,379337360,48257,533744145,CASE-992278,Email,Critical,Closed,Security Manager,2025-07-19,2025-08-16,No,Nadia Novak,CTO,,"Nadia Novak (CTO) at Dupont & Müller BV contacted support regarding an unexpected charge of $1,118 on their June invoice. Customer claims usage reported by the Security Manager does not match their internal telemetry. Discrepancy of approximately 8% in API call counts. Finance team has been looped in. Raw usage logs pulled from billing service for 2025-07-16. Preliminary finding: a duplicate event emitter was introduced in v3.1.8 causing double-counting. Credit memo being processed; ETA 4 business days. OAuth token refresh logic was patched; all active sessions re-authenticated successfully."
001C16DAAE24FF6,Schmidt & Nguyen AB,Partner,Insurance,Enterprise,Tokyo,391855847,17484,521270088,CASE-280968,Chat,Critical,Resolved,Workflow Automation,2024-10-10,2024-10-16,Yes,Elena Hassan,CTO,5.0,Client in Tokyo reported a critical failure in the Workflow Automation integration causing a API response times exceeding 12 seconds. Error code DB-CONN-ERR appears in logs since 2024-10-09 18:46 UTC. Contact Elena Hassan (CTO) was escalating during the call and looped in their VP of Engineering on the call. Initial triage confirmed the issue is environment-specific to their PROD-2 tenant. Reproduction steps provided; engineering queue updated. The database index was rebuilt and query performance restored to baseline.
001EE5422EC4852,Rossi & Sato Sp. z o.o.,Partner,Media & Entertainment,Enterprise,Tokyo,392174378,5673,534918714,CASE-432924,Partner Portal,Critical,New,Billing Platform,2024-07-14,,Yes,Wei Sato,VP of Engineering,,Client in Tokyo reported a critical failure in the Billing Platform integration causing a search results returning stale cached data. Error code TIMEOUT-002 appears in logs since 2024-07-12 03:21 UTC. Contact Wei Sato (VP of Engineering) was escalating during the call and looped in their VP of Engineering on the call. Initial triage confirmed the issue is environment-specific to their PROD-2 tenant. Reproduction steps provided; engineering queue updated. Engineering identified a misconfigured load-balancer rule; it was corrected and verified.
001DF0E266332C7,Patel & Andersen Inc.,Partner,Retail,SMB,Chicago,146958073,13066,533771581,CASE-409258,Web,Low,In Progress,Identity & Access Module,2023-09-29,,Yes,Patrick Kim,Technical Account Manager,,Ticket raised by Patrick Kim (Technical Account Manager) at Patel & Andersen Inc. regarding intermittent authentication failures on the Identity & Access Module. Approximately 50% of login attempts return a 401 with error SSL-HANDSHAKE. Issue began after they applied their internal SSO policy update on 2023-09-27. Customer tone: distressed; mentioned potential contractual penalties if unresolved by EOD. Support confirmed SAML assertions are malformed — attribute mapping mismatch in IdP config. Step-by-step remediation guide sent; customer to test in staging before production rollout. The third-party payment gateway's IP whitelist was updated to include the new NAT range.
0019C8EE278A7EF,Becker & Larsson SA,Prospect,Automotive,Strategic,Warsaw,49225060,33647,538282626,CASE-370756,Email,Low,Resolved,Analytics Dashboard,2023-03-17,2023-04-08,Yes,Raj García,Platform Architect,,Ticket raised by Raj García (Platform Architect) at Becker & Larsson SA regarding intermittent authentication failures on the Analytics Dashboard. Approximately 71% of login attempts return a 401 with error ERR-5500. Issue began after they applied their internal SSO policy update on 2023-03-14. Customer tone: very concerned; requested a post-mortem report within 48 hours. Support confirmed SAML assertions are malformed — attribute mapping mismatch in IdP config. Step-by-step remediation guide sent; customer to test in staging before production rollout. SSL certificate renewed and propagated across all edge nodes within the maintenance window.
001FCFA212A4E30,Schmidt & Patel AB,Customer,Telecommunications,SMB,Milan,100954730,23472,551107619,CASE-270651,Chat,High,Closed,Workflow Automation,2025-02-12,2025-02-22,Yes,Sophie Larsson,Solutions Architect,4.0,Ticket raised by Sophie Larsson (Solutions Architect) at Schmidt & Patel AB regarding intermittent authentication failures on the Workflow Automation. Approximately 80% of login attempts return a 401 with error SSL-HANDSHAKE. Issue began after they applied their internal SSO policy update on 2025-02-12. Customer tone: distressed; mentioned potential contractual penalties if unresolved by EOD. Support confirmed SAML assertions are malformed — attribute mapping mismatch in IdP config. Step-by-step remediation guide sent; customer to test in staging before production rollout. Workaround provided: client configured batch size to 500 records; permanent fix in sprint 43.
0013FD8228EB4C3,Kowalski & Nguyen SA,Customer,Media & Entertainment,Strategic,Budapest,226515130,27921,546153018,CASE-705540,Chat,Critical,Resolved,Reporting Suite,2024-05-13,2024-06-06,Yes,Clara Okonkwo,CTO,5.0,Clara Okonkwo from Kowalski & Nguyen SA opened this case after observing severe latency in the Reporting Suite. Average response times increased from ~200ms to over 7s beginning around 2024-05-11 23:23 UTC. Affects approximately 463 concurrent users in their AMER region. Customer is patient but firm and asked for daily status updates. Support engineer ran a distributed trace; bottleneck identified at the database read replica. Metrics attached to case for engineering review. Workaround provided: client configured batch size to 500 records; permanent fix in sprint 43.
00158B7841F114D,Ferreira & Nguyen Inc.,Partner,Retail,Mid-Market,Helsinki,474532718,11286,550437430,CASE-422465,Phone,High,In Progress,Analytics Dashboard,2024-11-13,,Yes,Ahmed Larsson,Solutions Architect,2.0,Client in Helsinki reported a critical failure in the Analytics Dashboard integration causing a complete loss of SSO functionality. Error code ERR-4009 appears in logs since 2024-11-13 02:19 UTC. Contact Ahmed Larsson (Solutions Architect) was professional during the call and requested SLA credit per the MSA terms. Initial triage confirmed the issue is environment-specific to their US-EAST tenant. Reproduction steps provided; engineering queue updated. Pending further investigation; case escalated to Tier-3 Engineering with P1 SLA applied.
001F3084DA8639E,García & Kowalski AB,Reseller,Logistics,Enterprise,Oslo,69489196,20873,527921592,CASE-519308,Web,Medium,New,Reporting Suite,2023-11-23,,No,Aisha Nguyen,Solutions Architect,5.0,"Customer Aisha Nguyen at García & Kowalski AB (Tier: Enterprise, Industry: Logistics) submitted a formal feature request for the Reporting Suite. Request: ability to schedule reports at sub-hourly intervals. Business justification: compliance with PCI-DSS 4.0 audit requirements. Use case documented and forwarded to Product Management. Customer expects a roadmap commitment within 1 quarters. PM acknowledged receipt; item added to the backlog with Medium priority scoring."
0013D35EEA6FE47,Schmidt & Williams Corp.,Partner,Automotive,Enterprise,Brussels,268908447,12328,515938855,CASE-321493,Web,Low,In Progress,Identity & Access Module,2023-12-31,,Yes,Daniel Hassan,IT Manager,3.0,Client in Brussels reported a critical failure in the Identity & Access Module integration causing a search results returning stale cached data. Error code ERR-5500 appears in logs since 2023-12-30 11:23 UTC. Contact Daniel Hassan (IT Manager) was professional during the call and requested SLA credit per the MSA terms. Initial triage confirmed the issue is environment-specific to their PROD-2 tenant. Reproduction steps provided; engineering queue updated. The database index was rebuilt and query performance restored to baseline.
001D5B2BCC7D8D2,Hassan & Dupont Sp. z o.o.,Customer,Technology,Strategic,Stockholm,352616775,26517,511640743,CASE-268698,Web,High,Closed,Reporting Suite,2023-03-13,2023-04-03,No,Yuki Nguyen,VP of Engineering,5.0,Ticket raised by Yuki Nguyen (VP of Engineering) at Hassan & Dupont Sp. z o.o. regarding intermittent authentication failures on the Reporting Suite. Approximately 6% of login attempts return a 401 with error SYNC-FAIL-07. Issue began after they applied their internal SSO policy update on 2023-03-11. Customer tone: distressed; mentioned potential contractual penalties if unresolved by EOD. Support confirmed SAML assertions are malformed — attribute mapping mismatch in IdP config. Step-by-step remediation guide sent; customer to test in staging before production rollout. Pending further investigation; case escalated to Tier-3 Engineering with P1 SLA applied.
0013F76A4C1CB46,Williams & Ferreira S.r.l.,Prospect,Energy,Strategic,Sydney,453709462,35073,558970920,CASE-217096,Email,Low,Closed,API Gateway,2024-09-12,2024-09-27,No,Henrik Dupont,Senior Engineer,5.0,New onboarding case for Williams & Ferreira S.r.l. (Strategic tier). Primary contact: Henrik Dupont (Senior Engineer). They are configuring the API Gateway for the first time and encountered CORS policy errors when calling the API from their SPA. Implementation engineer scheduled a 60-minute screenshare for 2024-09-09. Customer provided sandbox credentials; issue reproduced and root cause confirmed. Documentation gap identified — will file internal ticket to update the Quick-Start Guide. Customer confirmed resolution after applying the corrected configuration.
0019FA64F2E5D2A,Becker & Müller Sp. z o.o.,Reseller,Financial Services,SMB,Milan,197587526,3291,590440472,CASE-819729,Web,Medium,Pending Customer,Security Manager,2024-06-12,,No,Clara Ferreira,DevOps Lead,3.0,Client in Milan reported a critical failure in the Security Manager integration causing a audit logs missing entries for the past 48 hours. Error code ERR-5021 appears in logs since 2024-06-11 16:52 UTC. Contact Clara Ferreira (DevOps Lead) was understanding during the call and appreciated the quick response and transparency. Initial triage confirmed the issue is environment-specific to their AP-SOUTH tenant. Reproduction steps provided; engineering queue updated. The database index was rebuilt and query performance restored to baseline.
001D2CE4019F384,Dupont & Larsson GmbH,Partner,Logistics,Strategic,Stockholm,45622313,35070,522693316,CASE-232177,Email,Low,In Progress,API Gateway,2025-07-03,,No,Maria Williams,Head of Operations,3.0,"Customer Maria Williams at Dupont & Larsson GmbH (Tier: Strategic, Industry: Logistics) submitted a formal feature request for the API Gateway. Request: ability to bulk-archive inactive records. Business justification: compliance with HIPAA §164.312 audit requirements. Use case documented and forwarded to Product Management. Customer expects a roadmap commitment within 2 quarters. PM acknowledged receipt; item added to the backlog with Medium priority scoring."
0017238C5131754,Nguyen & Hassan AG,Reseller,Healthcare,SMB,Berlin,215645428,1476,534686713,CASE-883041,Web,Critical,Escalated,Workflow Automation,2023-03-20,,No,Henrik Dupont,Senior Engineer,,"Customer Henrik Dupont at Nguyen & Hassan AG (Tier: SMB, Industry: Healthcare) submitted a formal feature request for the Workflow Automation. Request: ability to configure per-user rate limits via API. Business justification: compliance with PCI-DSS 4.0 audit requirements. Use case documented and forwarded to Product Management. Customer expects a roadmap commitment within 3 quarters. PM acknowledged receipt; item added to the backlog with Medium priority scoring."
0011199627433B7,Patel & Andersen S.r.l.,Prospect,Pharmaceuticals,Mid-Market,Singapore,146893641,341,564651149,CASE-317198,Phone,Low,In Progress,API Gateway,2025-02-05,,Yes,Ingrid Andersen,CTO,3.0,"Ingrid Andersen (CTO) at Patel & Andersen S.r.l. contacted support regarding an unexpected charge of $4,575 on their June invoice. Customer claims usage reported by the API Gateway does not match their internal telemetry. Discrepancy of approximately 25% in API call counts. Finance team has been looped in. Raw usage logs pulled from billing service for 2025-02-02. Preliminary finding: a duplicate event emitter was introduced in v2.3.3 causing double-counting. Credit memo being processed; ETA 2 business days. Workaround provided: client configured batch size to 500 records; permanent fix in sprint 43."
001BB9BCDC09142,Okonkwo & Novak AB,Prospect,Retail,Enterprise,Copenhagen,172106925,22709,569644085,CASE-259151,Chat,Low,Escalated,Security Manager,2024-08-12,,Yes,Henrik Williams,Solutions Architect,5.0,"Henrik Williams (Solutions Architect) at Okonkwo & Novak AB contacted support regarding an unexpected charge of $11,631 on their April invoice. Customer claims usage reported by the Security Manager does not match their internal telemetry. Discrepancy of approximately 29% in API call counts. Finance team has been looped in. Raw usage logs pulled from billing service for 2024-08-09. Preliminary finding: a duplicate event emitter was introduced in v3.6.0 causing double-counting. Credit memo being processed; ETA 7 business days. Data migration script re-run with corrected field mappings; record integrity confirmed."
001AC53F31A8960,Kim & Kim BV,Partner,Automotive,Strategic,Paris,335970607,38344,532378699,CASE-754589,Web,Low,New,Integration Hub,2024-12-08,,No,Marcus Larsson,Solutions Architect,,"Customer Marcus Larsson at Kim & Kim BV (Tier: Strategic, Industry: Automotive) submitted a formal feature request for the Integration Hub. Request: ability to bulk-archive inactive records. Business justification: compliance with PCI-DSS 4.0 audit requirements. Use case documented and forwarded to Product Management. Customer expects a roadmap commitment within 4 quarters. PM acknowledged receipt; item added to the backlog with High priority scoring."
0011D3CC2AB1E8D,Sato & Kim Inc.,Reseller,Pharmaceuticals,Mid-Market,Prague,295816773,26782,557247944,CASE-887775,Email,Low,Closed,Mobile SDK,2023-09-10,2023-10-04,Yes,Carlos Dupont,IT Director,3.0,New onboarding case for Sato & Kim Inc. (Mid-Market tier). Primary contact: Carlos Dupont (IT Director). They are configuring the Mobile SDK for the first time and encountered difficulty mapping their existing data schema to our object model. Implementation engineer scheduled a 60-minute screenshare for 2023-09-10. Customer provided sandbox credentials; issue reproduced and root cause confirmed. Documentation gap identified — will file internal ticket to update the Quick-Start Guide. Customer confirmed resolution after applying the corrected configuration.
001C8143097D2CE,Ferreira & Kim Sp. z o.o.,Prospect,Healthcare,SMB,Tokyo,2291743,34918,554836082,CASE-899995,Chat,High,Pending Customer,Integration Hub,2025-12-26,,Yes,Omar Kowalski,IT Director,4.0,New onboarding case for Ferreira & Kim Sp. z o.o. (SMB tier). Primary contact: Omar Kowalski (IT Director). They are configuring the Integration Hub for the first time and encountered SSL pinning failures in their mobile build pipeline. Implementation engineer scheduled a 60-minute screenshare for 2025-12-23. Customer provided sandbox credentials; issue reproduced and root cause confirmed. Documentation gap identified — will file internal ticket to update the Quick-Start Guide. Customer confirmed resolution after applying the corrected configuration.
001C4058DA26201,Williams & Hassan AG,Customer,Energy,Strategic,Tokyo,174993950,39974,543546480,CASE-274544,Partner Portal,Low,Pending Customer,Mobile SDK,2024-01-22,,Yes,Ahmed Williams,Technical Account Manager,3.0,Ahmed Williams (Technical Account Manager) at Williams & Hassan AG contacted support regarding an unexpected charge of $572 on their July invoice. Customer claims usage reported by the Mobile SDK does not match their internal telemetry. Discrepancy of approximately 29% in API call counts. Finance team has been looped in. Raw usage logs pulled from billing service for 2024-01-22. Preliminary finding: a duplicate event emitter was introduced in v4.8.3 causing double-counting. Credit memo being processed; ETA 3 business days. SSL certificate renewed and propagated across all edge nodes within the maintenance window.
00106E68B1789DF,Schmidt & García Corp.,Reseller,Media & Entertainment,Mid-Market,Warsaw,130360295,11601,571928895,CASE-624513,Phone,Medium,Closed,Analytics Dashboard,2025-08-25,2025-09-01,Yes,Fatima Rossi,Solutions Architect,2.0,"Inbound escalation from Schmidt & García Corp. (Warsaw) — Fatima Rossi reports the Analytics Dashboard has been failing to sync records since 2025-08-24 10:08 UTC. Approximately 47,820 records are stuck in a PENDING state. Error log snippet shared by customer shows ERR-4403 with stack trace pointing to a serialisation issue in the delta-sync processor. Customer is distressed and mentioned potential contractual penalties if unresolved by EOD. Workaround: manual re-trigger via admin panel unblocks individual batches but is not scalable. Engineering has reproduced the issue in staging with a dataset of matching schema. A hotfix (v2.4.7) was deployed to production at 03:14 UTC resolving the root cause."
0016BEC5E70D888,Novak & Dupont Corp.,Reseller,Financial Services,Strategic,Chicago,444896955,47591,518024377,CASE-407194,Chat,Critical,Pending Customer,Integration Hub,2025-08-20,,Yes,Ingrid Andersen,Head of Operations,4.0,"Customer Ingrid Andersen at Novak & Dupont Corp. (Tier: Strategic, Industry: Financial Services) submitted a formal feature request for the Integration Hub. Request: ability to set custom session timeout policies per role group. Business justification: compliance with PCI-DSS 4.0 audit requirements. Use case documented and forwarded to Product Management. Customer expects a roadmap commitment within 4 quarters. PM acknowledged receipt; item added to the backlog with Medium priority scoring."
0019075B82F86D4,Tanaka & Johnson Sp. z o.o.,Customer,Healthcare,Mid-Market,London,246516811,46480,575978338,CASE-889056,Email,Medium,Escalated,Billing Platform,2023-08-17,,Yes,Zoe Okonkwo,Platform Architect,3.0,Ticket raised by Zoe Okonkwo (Platform Architect) at Tanaka & Johnson Sp. z o.o. regarding intermittent authentication failures on the Billing Platform. Approximately 47% of login attempts return a 401 with error SYNC-FAIL-07. Issue began after they applied their internal SSO policy update on 2023-08-16. Customer tone: distressed; mentioned potential contractual penalties if unresolved by EOD. Support confirmed SAML assertions are malformed — attribute mapping mismatch in IdP config. Step-by-step remediation guide sent; customer to test in staging before production rollout. Workaround provided: client configured batch size to 500 records; permanent fix in sprint 43.
001717D60B3F690,Johnson & Larsson Corp.,Partner,Insurance,SMB,Vienna,305249366,41552,550901693,CASE-598372,Chat,Medium,Escalated,Security Manager,2023-03-15,,Yes,Fatima Schmidt,Senior Engineer,1.0,"Customer Fatima Schmidt at Johnson & Larsson Corp. (Tier: SMB, Industry: Insurance) submitted a formal feature request for the Security Manager. Request: ability to configure per-user rate limits via API. Business justification: compliance with PCI-DSS 4.0 audit requirements. Use case documented and forwarded to Product Management. Customer expects a roadmap commitment within 3 quarters. PM acknowledged receipt; item added to the backlog with Medium priority scoring."
0018189D65D4C23,Larsson & Hassan S.r.l.,Prospect,Automotive,Mid-Market,Vienna,346165155,10225,588803982,CASE-994026,Partner Portal,Medium,In Progress,API Gateway,2024-03-09,,Yes,James Andersen,IT Manager,4.0,"Inbound escalation from Larsson & Hassan S.r.l. (Vienna) — James Andersen reports the API Gateway has been failing to sync records since 2024-03-07 04:37 UTC. Approximately 42,992 records are stuck in a PENDING state. Error log snippet shared by customer shows ERR-5500 with stack trace pointing to a serialisation issue in the delta-sync processor. Customer is distressed and mentioned potential contractual penalties if unresolved by EOD. Workaround: manual re-trigger via admin panel unblocks individual batches but is not scalable. Engineering has reproduced the issue in staging with a dataset of matching schema. The customer's IP range was added to the allowlist following security review approval."
001EE00AC7EDC1E,Johnson & Tanaka SA,Partner,Manufacturing,Strategic,Brussels,191895267,32698,571649116,CASE-697067,Phone,High,New,Mobile SDK,2023-01-30,,Yes,Fatima García,Technical Account Manager,3.0,New onboarding case for Johnson & Tanaka SA (Strategic tier). Primary contact: Fatima García (Technical Account Manager). They are configuring the Mobile SDK for the first time and encountered CORS policy errors when calling the API from their SPA. Implementation engineer scheduled a 60-minute screenshare for 2023-01-30. Customer provided sandbox credentials; issue reproduced and root cause confirmed. Documentation gap identified — will file internal ticket to update the Quick-Start Guide. Customer confirmed resolution after applying the corrected configuration.
001273361A14463,Rossi & Müller Sp. z o.o.,Prospect,Automotive,Enterprise,Prague,428530997,48469,534519519,CASE-823201,Email,High,In Progress,Workflow Automation,2025-11-05,,No,Aisha Novak,Technical Account Manager,1.0,Aisha Novak (Technical Account Manager) at Rossi & Müller Sp. z o.o. contacted support regarding an unexpected charge of $859 on their July invoice. Customer claims usage reported by the Workflow Automation does not match their internal telemetry. Discrepancy of approximately 22% in API call counts. Finance team has been looped in. Raw usage logs pulled from billing service for 2025-11-05. Preliminary finding: a duplicate event emitter was introduced in v4.4.1 causing double-counting. Credit memo being processed; ETA 7 business days. OAuth token refresh logic was patched; all active sessions re-authenticated successfully.
0010055A2202281,Sato & Kowalski Sp. z o.o.,Prospect,Healthcare,Mid-Market,Chicago,424636679,41553,519805215,CASE-305967,Chat,Critical,New,Integration Hub,2024-09-12,,No,Priya Sato,VP of Engineering,,"Priya Sato (VP of Engineering) at Sato & Kowalski Sp. z o.o. contacted support regarding an unexpected charge of $7,999 on their April invoice. Customer claims usage reported by the Integration Hub does not match their internal telemetry. Discrepancy of approximately 11% in API call counts. Finance team has been looped in. Raw usage logs pulled from billing service for 2024-09-12. Preliminary finding: a duplicate event emitter was introduced in v4.9.3 causing double-counting. Credit memo being processed; ETA 6 business days. SSL certificate renewed and propagated across all edge nodes within the maintenance window."
001F76811BE640B,Sato & Williams Sp. z o.o.,Prospect,Insurance,Enterprise,Stockholm,264965371,41371,533693707,CASE-444603,Partner Portal,Low,Pending Customer,Security Manager,2025-05-30,,Yes,Wei García,CTO,5.0,Ticket raised by Wei García (CTO) at Sato & Williams Sp. z o.o. regarding intermittent authentication failures on the Security Manager. Approximately 38% of login attempts return a 401 with error DB-CONN-ERR. Issue began after they applied their internal SSO policy update on 2025-05-30. Customer tone: understanding; appreciated the quick response and transparency. Support confirmed SAML assertions are malformed — attribute mapping mismatch in IdP config. Step-by-step remediation guide sent; customer to test in staging before production rollout. OAuth token refresh logic was patched; all active sessions re-authenticated successfully.
001C4BE9718BCC9,Kowalski & Kowalski Inc.,Prospect,Technology,SMB,Copenhagen,51270793,29055,555960407,CASE-768868,Partner Portal,High,Pending Customer,Reporting Suite,2023-08-17,,Yes,Daniel Hassan,IT Director,,Client in Copenhagen reported a critical failure in the Reporting Suite integration causing a dashboard not loading for all EU users. Error code ERR-3301 appears in logs since 2023-08-16 15:00 UTC. Contact Daniel Hassan (IT Director) was escalating during the call and looped in their VP of Engineering on the call. Initial triage confirmed the issue is environment-specific to their AP-SOUTH tenant. Reproduction steps provided; engineering queue updated. The third-party payment gateway's IP whitelist was updated to include the new NAT range.
0013E18C707217F,Patel & García AB,Partner,Pharmaceuticals,Strategic,New York,175348794,33857,573589030,CASE-785234,Partner Portal,Low,Resolved,Data Sync Engine,2024-09-06,2024-09-11,Yes,Ahmed Okonkwo,IT Director,2.0,New onboarding case for Patel & García AB (Strategic tier). Primary contact: Ahmed Okonkwo (IT Director). They are configuring the Data Sync Engine for the first time and encountered difficulty mapping their existing data schema to our object model. Implementation engineer scheduled a 60-minute screenshare for 2024-09-05. Customer provided sandbox credentials; issue reproduced and root cause confirmed. Documentation gap identified — will file internal ticket to update the Quick-Start Guide. Customer confirmed resolution after applying the corrected configuration.
0016F8513817C36,Ferreira & Kim AB,Customer,Technology,SMB,Brussels,409715217,26491,517423236,CASE-528645,Web,High,Pending Customer,Analytics Dashboard,2024-09-19,,No,Nadia Okonkwo,Technical Account Manager,3.0,"Inbound escalation from Ferreira & Kim AB (Brussels) — Nadia Okonkwo reports the Analytics Dashboard has been failing to sync records since 2024-09-17 23:22 UTC. Approximately 46,659 records are stuck in a PENDING state. Error log snippet shared by customer shows ERR-4009 with stack trace pointing to a serialisation issue in the delta-sync processor. Customer is frustrated and threatened to escalate to executive sponsor. Workaround: manual re-trigger via admin panel unblocks individual batches but is not scalable. Engineering has reproduced the issue in staging with a dataset of matching schema. OAuth token refresh logic was patched; all active sessions re-authenticated successfully."
001D2088BAFC1DA,Novak & Novak Ltd.,Prospect,Media & Entertainment,SMB,Sydney,57856378,4887,542633405,CASE-268210,Web,Low,Pending Customer,Billing Platform,2025-02-03,,No,Omar Okonkwo,Platform Architect,,"Omar Okonkwo (Platform Architect) at Novak & Novak Ltd. contacted support regarding an unexpected charge of $12,999 on their June invoice. Customer claims usage reported by the Billing Platform does not match their internal telemetry. Discrepancy of approximately 36% in API call counts. Finance team has been looped in. Raw usage logs pulled from billing service for 2025-02-03. Preliminary finding: a duplicate event emitter was introduced in v2.4.9 causing double-counting. Credit memo being processed; ETA 6 business days. Root cause traced to a race condition in the async queue; a mutex lock was introduced."
0012534A1D151DC,Kowalski & Tanaka AG,Partner,Healthcare,Enterprise,Berlin,469698664,9867,589162732,CASE-413372,Partner Portal,High,Pending Customer,Workflow Automation,2024-07-19,,Yes,Fatima Dupont,Senior Engineer,4.0,New onboarding case for Kowalski & Tanaka AG (Enterprise tier). Primary contact: Fatima Dupont (Senior Engineer). They are configuring the Workflow Automation for the first time and encountered confusion around webhook signature verification. Implementation engineer scheduled a 60-minute screenshare for 2024-07-17. Customer provided sandbox credentials; issue reproduced and root cause confirmed. Documentation gap identified — will file internal ticket to update the Quick-Start Guide. Customer confirmed resolution after applying the corrected configuration.
001C8ABD6F1AB42,Okonkwo & Larsson Sp. z o.o.,Partner,Insurance,SMB,Copenhagen,247892096,23747,554696127,CASE-308651,Web,Medium,Pending Customer,Integration Hub,2025-12-23,,Yes,Ahmed Rossi,Platform Architect,1.0,Ahmed Rossi from Okonkwo & Larsson Sp. z o.o. opened this case after observing severe latency in the Integration Hub. Average response times increased from ~200ms to over 13s beginning around 2025-12-21 22:01 UTC. Affects approximately 220 concurrent users in their APAC region. Customer is very concerned and requested a post-mortem report within 48 hours. Support engineer ran a distributed trace; bottleneck identified at the database read replica. Metrics attached to case for engineering review. Root cause traced to a race condition in the async queue; a mutex lock was introduced.
00139A54D5AFF38,Okonkwo & Novak Sp. z o.o.,Customer,Financial Services,Enterprise,Brussels,394796148,4961,585874195,CASE-196619,Partner Portal,Critical,Closed,Integration Hub,2025-02-03,2025-02-13,Yes,Maria Hassan,DevOps Lead,5.0,"Maria Hassan (DevOps Lead) at Okonkwo & Novak Sp. z o.o. contacted support regarding an unexpected charge of $14,065 on their March invoice. Customer claims usage reported by the Integration Hub does not match their internal telemetry. Discrepancy of approximately 34% in API call counts. Finance team has been looped in. Raw usage logs pulled from billing service for 2025-02-03. Preliminary finding: a duplicate event emitter was introduced in v4.3.1 causing double-counting. Credit memo being processed; ETA 7 business days. Root cause traced to a race condition in the async queue; a mutex lock was introduced."
001525DA15B29B4,Ferreira & Hassan AB,Customer,Telecommunications,Strategic,Vienna,335340880,25565,512532910,CASE-108952,Email,Medium,Escalated,Analytics Dashboard,2024-11-07,,No,Raj Okonkwo,CTO,1.0,"Inbound escalation from Ferreira & Hassan AB (Vienna) — Raj Okonkwo reports the Analytics Dashboard has been failing to sync records since 2024-11-07 05:41 UTC. Approximately 15,107 records are stuck in a PENDING state. Error log snippet shared by customer shows SSL-HANDSHAKE with stack trace pointing to a serialisation issue in the delta-sync processor. Customer is understanding and appreciated the quick response and transparency. Workaround: manual re-trigger via admin panel unblocks individual batches but is not scalable. Engineering has reproduced the issue in staging with a dataset of matching schema. Pending further investigation; case escalated to Tier-3 Engineering with P1 SLA applied."
001446F44DD78C4,Kim & Patel AG,Partner,Logistics,Strategic,New York,290451230,22850,519296843,CASE-443367,Web,High,New,Identity & Access Module,2024-12-27,,Yes,Ahmed García,CTO,2.0,"Ahmed García (CTO) at Kim & Patel AG contacted support regarding an unexpected charge of $5,163 on their April invoice. Customer claims usage reported by the Identity & Access Module does not match their internal telemetry. Discrepancy of approximately 32% in API call counts. Finance team has been looped in. Raw usage logs pulled from billing service for 2024-12-26. Preliminary finding: a duplicate event emitter was introduced in v3.3.3 causing double-counting. Credit memo being processed; ETA 4 business days. A hotfix (v2.4.7) was deployed to production at 03:14 UTC resolving the root cause."
0013AC162D3FB8B,Nguyen & Müller Sp. z o.o.,Reseller,Telecommunications,Enterprise,Milan,317370440,8179,522462359,CASE-283602,Partner Portal,Critical,In Progress,Mobile SDK,2023-02-22,,Yes,Nadia García,Solutions Architect,2.0,"Inbound escalation from Nguyen & Müller Sp. z o.o. (Milan) — Nadia García reports the Mobile SDK has been failing to sync records since 2023-02-19 23:54 UTC. Approximately 32,554 records are stuck in a PENDING state. Error log snippet shared by customer shows SSL-HANDSHAKE with stack trace pointing to a serialisation issue in the delta-sync processor. Customer is very concerned and requested a post-mortem report within 48 hours. Workaround: manual re-trigger via admin panel unblocks individual batches but is not scalable. Engineering has reproduced the issue in staging with a dataset of matching schema. The third-party payment gateway's IP whitelist was updated to include the new NAT range."
00124D2EF8EF786,Hassan & Dupont Sp. z o.o.,Reseller,Logistics,Strategic,Chicago,460863090,6567,557604491,CASE-477898,Web,Critical,Pending Customer,Identity & Access Module,2024-03-06,,No,Isabella Andersen,CTO,5.0,Client in Chicago reported a critical failure in the Identity & Access Module integration causing a dashboard not loading for all EU users. Error code ERR-4403 appears in logs since 2024-03-06 16:23 UTC. Contact Isabella Andersen (CTO) was understanding during the call and appreciated the quick response and transparency. Initial triage confirmed the issue is environment-specific to their PROD-2 tenant. Reproduction steps provided; engineering queue updated. SSL certificate renewed and propagated across all edge nodes within the maintenance window.
001141C5B821686,Hassan & Tanaka Inc.,Partner,Technology,SMB,Munich,465615462,48496,598711501,CASE-407321,Web,Low,New,API Gateway,2023-10-16,,Yes,James Tanaka,Solutions Architect,4.0,New onboarding case for Hassan & Tanaka Inc. (SMB tier). Primary contact: James Tanaka (Solutions Architect). They are configuring the API Gateway for the first time and encountered confusion around webhook signature verification. Implementation engineer scheduled a 60-minute screenshare for 2023-10-15. Customer provided sandbox credentials; issue reproduced and root cause confirmed. Documentation gap identified — will file internal ticket to update the Quick-Start Guide. Customer confirmed resolution after applying the corrected configuration.
001ADD9D08A7B9A,Kim & Nguyen BV,Customer,Pharmaceuticals,Mid-Market,Madrid,178516756,1877,573149753,CASE-135885,Email,Low,New,Analytics Dashboard,2025-01-17,,Yes,Isabella García,DevOps Lead,5.0,"Isabella García (DevOps Lead) at Kim & Nguyen BV contacted support regarding an unexpected charge of $6,377 on their July invoice. Customer claims usage reported by the Analytics Dashboard does not match their internal telemetry. Discrepancy of approximately 38% in API call counts. Finance team has been looped in. Raw usage logs pulled from billing service for 2025-01-17. Preliminary finding: a duplicate event emitter was introduced in v2.2.1 causing double-counting. Credit memo being processed; ETA 2 business days. The third-party payment gateway's IP whitelist was updated to include the new NAT range."
001919ED8D091B1,Tanaka & Williams GmbH,Partner,Healthcare,Strategic,Zurich,173842977,43026,582475706,CASE-483341,Partner Portal,Critical,Escalated,Data Sync Engine,2023-08-19,,No,Aisha Ferreira,DevOps Lead,4.0,"Inbound escalation from Tanaka & Williams GmbH (Zurich) — Aisha Ferreira reports the Data Sync Engine has been failing to sync records since 2023-08-16 14:26 UTC. Approximately 8,746 records are stuck in a PENDING state. Error log snippet shared by customer shows ERR-4009 with stack trace pointing to a serialisation issue in the delta-sync processor. Customer is escalating and looped in their VP of Engineering on the call. Workaround: manual re-trigger via admin panel unblocks individual batches but is not scalable. Engineering has reproduced the issue in staging with a dataset of matching schema. The customer's IP range was added to the allowlist following security review approval."
001ACB8C6033276,Johnson & Johnson SA,Prospect,Manufacturing,Mid-Market,Milan,381925559,30297,599705272,CASE-719482,Partner Portal,Medium,Escalated,Data Sync Engine,2023-07-14,,Yes,Clara Dupont,IT Director,3.0,"Customer Clara Dupont at Johnson & Johnson SA (Tier: Mid-Market, Industry: Manufacturing) submitted a formal feature request for the Data Sync Engine. Request: ability to schedule reports at sub-hourly intervals. Business justification: compliance with GDPR Article 30 audit requirements. Use case documented and forwarded to Product Management. Customer expects a roadmap commitment within 2 quarters. PM acknowledged receipt; item added to the backlog with High priority scoring."
001C09FDEF2B971,Patel & Nguyen BV,Prospect,Energy,Enterprise,Chicago,101296580,41213,587470671,CASE-525362,Chat,High,Pending Customer,Identity & Access Module,2024-01-09,,No,Maria Johnson,CTO,5.0,"Maria Johnson (CTO) at Patel & Nguyen BV contacted support regarding an unexpected charge of $4,505 on their July invoice. Customer claims usage reported by the Identity & Access Module does not match their internal telemetry. Discrepancy of approximately 33% in API call counts. Finance team has been looped in. Raw usage logs pulled from billing service for 2024-01-09. Preliminary finding: a duplicate event emitter was introduced in v2.4.8 causing double-counting. Credit memo being processed; ETA 4 business days. The third-party payment gateway's IP whitelist was updated to include the new NAT range."
0011CE442EC778C,Andersen & Rossi BV,Partner,Technology,SMB,Madrid,51279140,14894,571395676,CASE-970399,Phone,Critical,Resolved,Reporting Suite,2025-07-23,2025-07-23,Yes,Daniel Hassan,IT Manager,1.0,"Customer Daniel Hassan at Andersen & Rossi BV (Tier: SMB, Industry: Technology) submitted a formal feature request for the Reporting Suite. Request: ability to bulk-archive inactive records. Business justification: compliance with GDPR Article 30 audit requirements. Use case documented and forwarded to Product Management. Customer expects a roadmap commitment within 4 quarters. PM acknowledged receipt; item added to the backlog with Medium priority scoring."
00117B12A4FC072,Schmidt & García BV,Customer,Healthcare,Mid-Market,Oslo,430136310,34950,558674884,CASE-665661,Email,High,In Progress,Mobile SDK,2025-11-12,,Yes,Zoe Johnson,Head of Operations,1.0,"Zoe Johnson (Head of Operations) at Schmidt & García BV contacted support regarding an unexpected charge of $1,840 on their April invoice. Customer claims usage reported by the Mobile SDK does not match their internal telemetry. Discrepancy of approximately 19% in API call counts. Finance team has been looped in. Raw usage logs pulled from billing service for 2025-11-11. Preliminary finding: a duplicate event emitter was introduced in v4.2.8 causing double-counting. Credit memo being processed; ETA 6 business days. Root cause traced to a race condition in the async queue; a mutex lock was introduced."
0012E82024D478E,Okonkwo & Tanaka SA,Prospect,Technology,Enterprise,Amsterdam,112574377,48078,592291206,CASE-722838,Phone,Critical,Closed,Mobile SDK,2024-08-30,2024-09-07,No,Isabella Ferreira,CTO,1.0,Client in Amsterdam reported a critical failure in the Mobile SDK integration causing a webhook events not firing for payment completions. Error code ERR-5500 appears in logs since 2024-08-27 16:26 UTC. Contact Isabella Ferreira (CTO) was patient but firm during the call and asked for daily status updates. Initial triage confirmed the issue is environment-specific to their US-EAST tenant. Reproduction steps provided; engineering queue updated. Root cause traced to a race condition in the async queue; a mutex lock was introduced.
0018E4CB3CEAFC2,Tanaka & Nguyen AG,Reseller,Automotive,Strategic,Madrid,76954945,44065,546972997,CASE-897530,Web,Critical,In Progress,Mobile SDK,2024-02-01,,Yes,Priya Andersen,Technical Account Manager,5.0,"Customer Priya Andersen at Tanaka & Nguyen AG (Tier: Strategic, Industry: Automotive) submitted a formal feature request for the Mobile SDK. Request: ability to bulk-archive inactive records. Business justification: compliance with PCI-DSS 4.0 audit requirements. Use case documented and forwarded to Product Management. Customer expects a roadmap commitment within 1 quarters. PM acknowledged receipt; item added to the backlog with Medium priority scoring."
0015AD464C8A446,Andersen & Müller AB,Reseller,Automotive,Strategic,Zurich,314557980,11049,575404850,CASE-895302,Web,High,Pending Customer,Billing Platform,2023-09-13,,Yes,Nadia Okonkwo,DevOps Lead,,Client in Zurich reported a critical failure in the Billing Platform integration causing a dashboard not loading for all EU users. Error code SYNC-FAIL-07 appears in logs since 2023-09-10 04:04 UTC. Contact Nadia Okonkwo (DevOps Lead) was critical during the call and stated this is blocking their go-live scheduled for next Friday. Initial triage confirmed the issue is environment-specific to their PROD-2 tenant. Reproduction steps provided; engineering queue updated. Root cause traced to a race condition in the async queue; a mutex lock was introduced.
0014FE99A100ADE,Andersen & Larsson AG,Partner,Automotive,Enterprise,Berlin,314990453,32448,539714212,CASE-719796,Chat,Medium,Pending Customer,Billing Platform,2024-07-18,,Yes,Daniel Becker,CTO,4.0,Client in Berlin reported a critical failure in the Billing Platform integration causing a two-factor authentication codes not being delivered. Error code DB-CONN-ERR appears in logs since 2024-07-16 20:32 UTC. Contact Daniel Becker (CTO) was professional during the call and requested SLA credit per the MSA terms. Initial triage confirmed the issue is environment-specific to their PROD-2 tenant. Reproduction steps provided; engineering queue updated. A hotfix (v2.4.7) was deployed to production at 03:14 UTC resolving the root cause.
00164C8673A1930,Becker & Nguyen GmbH,Reseller,Healthcare,Enterprise,Singapore,308312210,34269,515003131,CASE-518059,Chat,Critical,Pending Customer,Security Manager,2023-07-14,,Yes,Raj Williams,Senior Engineer,5.0,"Customer Raj Williams at Becker & Nguyen GmbH (Tier: Enterprise, Industry: Healthcare) submitted a formal feature request for the Security Manager. Request: ability to configure per-user rate limits via API. Business justification: compliance with ISO 27001 audit requirements. Use case documented and forwarded to Product Management. Customer expects a roadmap commitment within 3 quarters. PM acknowledged receipt; item added to the backlog with High priority scoring."
0010911596788C7,Andersen & Ferreira GmbH,Prospect,Energy,Enterprise,Stockholm,413144961,10534,538102644,CASE-685606,Partner Portal,Medium,Closed,Reporting Suite,2024-06-03,2024-06-25,No,Elena Johnson,Senior Engineer,3.0,"Inbound escalation from Andersen & Ferreira GmbH (Stockholm) — Elena Johnson reports the Reporting Suite has been failing to sync records since 2024-06-01 21:22 UTC. Approximately 33,257 records are stuck in a PENDING state. Error log snippet shared by customer shows ERR-4403 with stack trace pointing to a serialisation issue in the delta-sync processor. Customer is patient but firm and asked for daily status updates. Workaround: manual re-trigger via admin panel unblocks individual batches but is not scalable. Engineering has reproduced the issue in staging with a dataset of matching schema. The third-party payment gateway's IP whitelist was updated to include the new NAT range."
0013FAFCEBDA5C1,Okonkwo & Williams Sp. z o.o.,Prospect,Insurance,Mid-Market,Warsaw,460048614,46369,575154738,CASE-467624,Web,Low,In Progress,Workflow Automation,2024-09-18,,Yes,Henrik Nguyen,IT Director,1.0,New onboarding case for Okonkwo & Williams Sp. z o.o. (Mid-Market tier). Primary contact: Henrik Nguyen (IT Director). They are configuring the Workflow Automation for the first time and encountered confusion around webhook signature verification. Implementation engineer scheduled a 60-minute screenshare for 2024-09-18. Customer provided sandbox credentials; issue reproduced and root cause confirmed. Documentation gap identified — will file internal ticket to update the Quick-Start Guide. Customer confirmed resolution after applying the corrected configuration.
0019647BDD4D091,Williams & Rossi Ltd.,Reseller,Financial Services,Enterprise,Copenhagen,458026123,17270,529564306,CASE-850663,Web,Medium,Resolved,Identity & Access Module,2024-09-27,2024-10-19,No,Yuki Nguyen,VP of Engineering,1.0,Client in Copenhagen reported a critical failure in the Identity & Access Module integration causing a complete loss of SSO functionality. Error code ERR-3301 appears in logs since 2024-09-25 17:34 UTC. Contact Yuki Nguyen (VP of Engineering) was professional during the call and requested SLA credit per the MSA terms. Initial triage confirmed the issue is environment-specific to their EU-WEST tenant. Reproduction steps provided; engineering queue updated. The third-party payment gateway's IP whitelist was updated to include the new NAT range.
0016DF611568535,Johnson & Johnson Sp. z o.o.,Partner,Telecommunications,Enterprise,Zurich,11652928,40132,574863842,CASE-978634,Chat,Low,Escalated,Identity & Access Module,2023-11-14,,Yes,Priya Johnson,Platform Architect,4.0,Priya Johnson from Johnson & Johnson Sp. z o.o. opened this case after observing severe latency in the Identity & Access Module. Average response times increased from ~200ms to over 11s beginning around 2023-11-12 00:31 UTC. Affects approximately 307 concurrent users in their APAC region. Customer is patient but firm and asked for daily status updates. Support engineer ran a distributed trace; bottleneck identified at the database read replica. Metrics attached to case for engineering review. Pending further investigation; case escalated to Tier-3 Engineering with P1 SLA applied.
001B63F999CE438,Novak & Larsson AG,Partner,Energy,SMB,Bratislava,427611454,35286,587706490,CASE-235019,Phone,Low,Closed,Workflow Automation,2024-06-23,2024-07-20,Yes,Priya Okonkwo,IT Director,,Ticket raised by Priya Okonkwo (IT Director) at Novak & Larsson AG regarding intermittent authentication failures on the Workflow Automation. Approximately 49% of login attempts return a 401 with error DB-CONN-ERR. Issue began after they applied their internal SSO policy update on 2024-06-20. Customer tone: escalating; looped in their VP of Engineering on the call. Support confirmed SAML assertions are malformed — attribute mapping mismatch in IdP config. Step-by-step remediation guide sent; customer to test in staging before production rollout. OAuth token refresh logic was patched; all active sessions re-authenticated successfully.
0010A4DDFDA5B4B,Schmidt & Novak Sp. z o.o.,Reseller,Technology,Enterprise,Lisbon,466276935,46298,529848134,CASE-166874,Web,Critical,Escalated,Reporting Suite,2025-06-15,,Yes,Luca Patel,Head of Operations,5.0,"Customer Luca Patel at Schmidt & Novak Sp. z o.o. (Tier: Enterprise, Industry: Technology) submitted a formal feature request for the Reporting Suite. Request: ability to bulk-archive inactive records. Business justification: compliance with ISO 27001 audit requirements. Use case documented and forwarded to Product Management. Customer expects a roadmap commitment within 4 quarters. PM acknowledged receipt; item added to the backlog with Medium priority scoring."
001833F8352985A,Okonkwo & Johnson Corp.,Prospect,Manufacturing,Strategic,Toronto,463676831,454,591818380,CASE-155544,Web,Critical,Resolved,Identity & Access Module,2025-07-14,2025-07-18,Yes,Zoe Kim,Head of Operations,5.0,"Inbound escalation from Okonkwo & Johnson Corp. (Toronto) — Zoe Kim reports the Identity & Access Module has been failing to sync records since 2025-07-12 17:44 UTC. Approximately 35,219 records are stuck in a PENDING state. Error log snippet shared by customer shows AUTH-401 with stack trace pointing to a serialisation issue in the delta-sync processor. Customer is very concerned and requested a post-mortem report within 48 hours. Workaround: manual re-trigger via admin panel unblocks individual batches but is not scalable. Engineering has reproduced the issue in staging with a dataset of matching schema. Workaround provided: client configured batch size to 500 records; permanent fix in sprint 43."
0017CC07E01F532,Okonkwo & Rossi AG,Reseller,Media & Entertainment,Mid-Market,Madrid,432634886,26720,561175972,CASE-830244,Chat,High,Closed,Identity & Access Module,2024-01-03,2024-01-25,Yes,Isabella Dupont,IT Manager,1.0,"Isabella Dupont (IT Manager) at Okonkwo & Rossi AG contacted support regarding an unexpected charge of $1,770 on their May invoice. Customer claims usage reported by the Identity & Access Module does not match their internal telemetry. Discrepancy of approximately 27% in API call counts. Finance team has been looped in. Raw usage logs pulled from billing service for 2024-01-02. Preliminary finding: a duplicate event emitter was introduced in v2.6.4 causing double-counting. Credit memo being processed; ETA 5 business days. Engineering identified a misconfigured load-balancer rule; it was corrected and verified."
00175B90B45FC32,Ferreira & Dupont S.r.l.,Customer,Technology,Strategic,Madrid,299606025,3886,560082940,CASE-200128,Email,Critical,Resolved,Identity & Access Module,2024-04-09,2024-05-07,Yes,Luca Okonkwo,DevOps Lead,,Client in Madrid reported a critical failure in the Identity & Access Module integration causing a duplicate records being created in the CRM. Error code ERR-3301 appears in logs since 2024-04-07 20:40 UTC. Contact Luca Okonkwo (DevOps Lead) was critical during the call and stated this is blocking their go-live scheduled for next Friday. Initial triage confirmed the issue is environment-specific to their EU-WEST tenant. Reproduction steps provided; engineering queue updated. Data migration script re-run with corrected field mappings; record integrity confirmed.
00125485E3A37E8,Dupont & Tanaka Corp.,Partner,Logistics,Enterprise,Bratislava,272870037,9765,569741176,CASE-131815,Partner Portal,Critical,Pending Customer,Analytics Dashboard,2024-01-22,,Yes,Carlos Larsson,Senior Engineer,3.0,"Carlos Larsson (Senior Engineer) at Dupont & Tanaka Corp. contacted support regarding an unexpected charge of $4,974 on their March invoice. Customer claims usage reported by the Analytics Dashboard does not match their internal telemetry. Discrepancy of approximately 27% in API call counts. Finance team has been looped in. Raw usage logs pulled from billing service for 2024-01-19. Preliminary finding: a duplicate event emitter was introduced in v4.2.9 causing double-counting. Credit memo being processed; ETA 6 business days. The database index was rebuilt and query performance restored to baseline."
001007E79ADEEC9,Nguyen & Ferreira AG,Prospect,Telecommunications,Mid-Market,London,76403549,15702,575869786,CASE-297488,Chat,Critical,In Progress,Security Manager,2023-11-14,,Yes,Zoe Novak,Head of Operations,,Client in London reported a critical failure in the Security Manager integration causing a audit logs missing entries for the past 48 hours. Error code SSL-HANDSHAKE appears in logs since 2023-11-12 14:59 UTC. Contact Zoe Novak (Head of Operations) was distressed during the call and mentioned potential contractual penalties if unresolved by EOD. Initial triage confirmed the issue is environment-specific to their EU-WEST tenant. Reproduction steps provided; engineering queue updated. The customer's IP range was added to the allowlist following security review approval.
001A74D8F447FDD,Okonkwo & Tanaka Sp. z o.o.,Reseller,Automotive,SMB,Paris,217523670,28527,560609069,CASE-186391,Chat,Critical,Closed,Integration Hub,2025-12-25,2026-01-24,No,Carlos Kim,Platform Architect,,Ticket raised by Carlos Kim (Platform Architect) at Okonkwo & Tanaka Sp. z o.o. regarding intermittent authentication failures on the Integration Hub. Approximately 76% of login attempts return a 401 with error SYNC-FAIL-07. Issue began after they applied their internal SSO policy update on 2025-12-22. Customer tone: critical; stated this is blocking their go-live scheduled for next Friday. Support confirmed SAML assertions are malformed — attribute mapping mismatch in IdP config. Step-by-step remediation guide sent; customer to test in staging before production rollout. Data migration script re-run with corrected field mappings; record integrity confirmed.
00139605754D67E,Sato & Novak Inc.,Customer,Technology,Strategic,Prague,25844357,19863,561660590,CASE-297382,Web,Critical,Resolved,Billing Platform,2023-04-23,2023-04-24,No,Fatima Sato,Senior Engineer,5.0,"Customer Fatima Sato at Sato & Novak Inc. (Tier: Strategic, Industry: Technology) submitted a formal feature request for the Billing Platform. Request: ability to receive webhook retries with exponential backoff. Business justification: compliance with SOC 2 Type II audit requirements. Use case documented and forwarded to Product Management. Customer expects a roadmap commitment within 3 quarters. PM acknowledged receipt; item added to the backlog with High priority scoring."
001374F61EB622E,García & Sato Corp.,Partner,Healthcare,Strategic,Amsterdam,483855994,45189,525613685,CASE-404550,Phone,High,Pending Customer,Analytics Dashboard,2024-03-29,,Yes,Carlos Kowalski,CTO,1.0,Client in Amsterdam reported a critical failure in the Analytics Dashboard integration causing a file attachments over 10 MB silently dropped. Error code ERR-4009 appears in logs since 2024-03-27 02:45 UTC. Contact Carlos Kowalski (CTO) was professional during the call and requested SLA credit per the MSA terms. Initial triage confirmed the issue is environment-specific to their AP-SOUTH tenant. Reproduction steps provided; engineering queue updated. Root cause traced to a race condition in the async queue; a mutex lock was introduced.
00187F82F810175,García & Andersen AB,Reseller,Manufacturing,Mid-Market,Berlin,149796649,12428,575527308,CASE-365735,Partner Portal,Critical,Pending Customer,Security Manager,2024-05-19,,No,Raj Kim,CTO,,"Inbound escalation from García & Andersen AB (Berlin) — Raj Kim reports the Security Manager has been failing to sync records since 2024-05-17 13:43 UTC. Approximately 8,946 records are stuck in a PENDING state. Error log snippet shared by customer shows ERR-4009 with stack trace pointing to a serialisation issue in the delta-sync processor. Customer is distressed and mentioned potential contractual penalties if unresolved by EOD. Workaround: manual re-trigger via admin panel unblocks individual batches but is not scalable. Engineering has reproduced the issue in staging with a dataset of matching schema. Engineering identified a misconfigured load-balancer rule; it was corrected and verified."
001FAE153F0E4F0,Andersen & Nguyen SA,Prospect,Healthcare,Enterprise,Tokyo,58746227,49882,526025691,CASE-514089,Email,Critical,Resolved,Analytics Dashboard,2025-09-27,2025-10-06,No,Daniel Patel,Head of Operations,2.0,Ticket raised by Daniel Patel (Head of Operations) at Andersen & Nguyen SA regarding intermittent authentication failures on the Analytics Dashboard. Approximately 71% of login attempts return a 401 with error ERR-5021. Issue began after they applied their internal SSO policy update on 2025-09-27. Customer tone: patient but firm; asked for daily status updates. Support confirmed SAML assertions are malformed — attribute mapping mismatch in IdP config. Step-by-step remediation guide sent; customer to test in staging before production rollout. SSL certificate renewed and propagated across all edge nodes within the maintenance window.
00196D90C2F74D1,Johnson & Becker Corp.,Reseller,Healthcare,Enterprise,Brussels,321012727,2700,598969812,CASE-628083,Email,High,In Progress,Identity & Access Module,2023-03-19,,Yes,Patrick Rossi,Senior Engineer,,"Inbound escalation from Johnson & Becker Corp. (Brussels) — Patrick Rossi reports the Identity & Access Module has been failing to sync records since 2023-03-16 05:05 UTC. Approximately 10,508 records are stuck in a PENDING state. Error log snippet shared by customer shows TIMEOUT-002 with stack trace pointing to a serialisation issue in the delta-sync processor. Customer is frustrated and threatened to escalate to executive sponsor. Workaround: manual re-trigger via admin panel unblocks individual batches but is not scalable. Engineering has reproduced the issue in staging with a dataset of matching schema. A stale CDN cache was purged globally; content now serves correctly in all regions."
00184280E44BA82,Rossi & Johnson Inc.,Reseller,Logistics,Strategic,Madrid,14088026,28880,519312412,CASE-984392,Email,Medium,Closed,Identity & Access Module,2023-04-26,2023-05-17,Yes,Fatima Hassan,Platform Architect,1.0,Ticket raised by Fatima Hassan (Platform Architect) at Rossi & Johnson Inc. regarding intermittent authentication failures on the Identity & Access Module. Approximately 12% of login attempts return a 401 with error ERR-4403. Issue began after they applied their internal SSO policy update on 2023-04-23. Customer tone: critical; stated this is blocking their go-live scheduled for next Friday. Support confirmed SAML assertions are malformed — attribute mapping mismatch in IdP config. Step-by-step remediation guide sent; customer to test in staging before production rollout. Pending further investigation; case escalated to Tier-3 Engineering with P1 SLA applied.
001C490BD6F371B,Johnson & Schmidt AB,Customer,Energy,Enterprise,Paris,460599988,14724,594327199,CASE-136904,Partner Portal,Critical,Pending Customer,Security Manager,2023-12-14,,Yes,Ahmed Dupont,CTO,5.0,"Ahmed Dupont (CTO) at Johnson & Schmidt AB contacted support regarding an unexpected charge of $13,700 on their June invoice. Customer claims usage reported by the Security Manager does not match their internal telemetry. Discrepancy of approximately 29% in API call counts. Finance team has been looped in. Raw usage logs pulled from billing service for 2023-12-12. Preliminary finding: a duplicate event emitter was introduced in v3.9.6 causing double-counting. Credit memo being processed; ETA 5 business days. Workaround provided: client configured batch size to 500 records; permanent fix in sprint 43."
0014A8486A84997,Ferreira & Novak BV,Partner,Automotive,Strategic,Zurich,209048458,16866,531517336,CASE-485957,Phone,Low,Closed,Security Manager,2024-05-27,2024-06-05,Yes,Isabella Tanaka,Platform Architect,1.0,Isabella Tanaka from Ferreira & Novak BV opened this case after observing severe latency in the Security Manager. Average response times increased from ~200ms to over 10s beginning around 2024-05-25 20:29 UTC. Affects approximately 220 concurrent users in their AMER region. Customer is frustrated and threatened to escalate to executive sponsor. Support engineer ran a distributed trace; bottleneck identified at the database read replica. Metrics attached to case for engineering review. The customer's IP range was added to the allowlist following security review approval.
001A08208EF9182,Ferreira & Ferreira AB,Reseller,Energy,Mid-Market,Zurich,71965397,47412,581126909,CASE-315917,Email,High,Escalated,Workflow Automation,2024-03-02,,Yes,Ingrid Ferreira,Solutions Architect,5.0,Ticket raised by Ingrid Ferreira (Solutions Architect) at Ferreira & Ferreira AB regarding intermittent authentication failures on the Workflow Automation. Approximately 51% of login attempts return a 401 with error SYNC-FAIL-07. Issue began after they applied their internal SSO policy update on 2024-02-28. Customer tone: escalating; looped in their VP of Engineering on the call. Support confirmed SAML assertions are malformed — attribute mapping mismatch in IdP config. Step-by-step remediation guide sent; customer to test in staging before production rollout. The customer's IP range was added to the allowlist following security review approval.
0012D8F8D75C296,Ferreira & Kim Corp.,Prospect,Energy,SMB,New York,296687963,10280,598536920,CASE-502957,Partner Portal,Low,In Progress,Billing Platform,2024-03-13,,Yes,Sophie Novak,IT Manager,4.0,Client in New York reported a critical failure in the Billing Platform integration causing a API response times exceeding 12 seconds. Error code ERR-4009 appears in logs since 2024-03-10 04:30 UTC. Contact Sophie Novak (IT Manager) was frustrated during the call and threatened to escalate to executive sponsor. Initial triage confirmed the issue is environment-specific to their PROD-2 tenant. Reproduction steps provided; engineering queue updated. Data migration script re-run with corrected field mappings; record integrity confirmed.
001C14272824873,Becker & Okonkwo Sp. z o.o.,Reseller,Manufacturing,SMB,Sydney,170266421,40010,592184856,CASE-656361,Phone,Critical,In Progress,Security Manager,2023-11-16,,Yes,Carlos Tanaka,Platform Architect,,New onboarding case for Becker & Okonkwo Sp. z o.o. (SMB tier). Primary contact: Carlos Tanaka (Platform Architect). They are configuring the Security Manager for the first time and encountered CORS policy errors when calling the API from their SPA. Implementation engineer scheduled a 60-minute screenshare for 2023-11-13. Customer provided sandbox credentials; issue reproduced and root cause confirmed. Documentation gap identified — will file internal ticket to update the Quick-Start Guide. Customer confirmed resolution after applying the corrected configuration.
001F027EE98FCE1,Kim & Rossi BV,Reseller,Financial Services,SMB,Munich,182295641,46121,533517361,CASE-403815,Web,Critical,Pending Customer,Data Sync Engine,2024-10-03,,Yes,Ahmed García,Technical Account Manager,1.0,Ticket raised by Ahmed García (Technical Account Manager) at Kim & Rossi BV regarding intermittent authentication failures on the Data Sync Engine. Approximately 58% of login attempts return a 401 with error ERR-4403. Issue began after they applied their internal SSO policy update on 2024-10-01. Customer tone: patient but firm; asked for daily status updates. Support confirmed SAML assertions are malformed — attribute mapping mismatch in IdP config. Step-by-step remediation guide sent; customer to test in staging before production rollout. The customer's IP range was added to the allowlist following security review approval.
0011DF5CC74E513,Tanaka & Ferreira AG,Reseller,Energy,Mid-Market,Singapore,204172584,31262,532878479,CASE-904402,Phone,Medium,Pending Customer,Integration Hub,2025-08-19,,No,Priya Dupont,CTO,5.0,Priya Dupont from Tanaka & Ferreira AG opened this case after observing severe latency in the Integration Hub. Average response times increased from ~200ms to over 10s beginning around 2025-08-17 22:54 UTC. Affects approximately 467 concurrent users in their EMEA region. Customer is patient but firm and asked for daily status updates. Support engineer ran a distributed trace; bottleneck identified at the database read replica. Metrics attached to case for engineering review. SSL certificate renewed and propagated across all edge nodes within the maintenance window.
00150715F878387,Kim & Nguyen Inc.,Partner,Insurance,SMB,Sydney,340995755,21027,549238480,CASE-845965,Phone,Medium,Closed,Workflow Automation,2023-06-24,2023-07-24,No,Ahmed Williams,VP of Engineering,,New onboarding case for Kim & Nguyen Inc. (SMB tier). Primary contact: Ahmed Williams (VP of Engineering). They are configuring the Workflow Automation for the first time and encountered SSL pinning failures in their mobile build pipeline. Implementation engineer scheduled a 60-minute screenshare for 2023-06-22. Customer provided sandbox credentials; issue reproduced and root cause confirmed. Documentation gap identified — will file internal ticket to update the Quick-Start Guide. Customer confirmed resolution after applying the corrected configuration.
0010CCB58A687B4,Kowalski & Okonkwo Inc.,Prospect,Energy,Mid-Market,Bratislava,141757924,29431,568109521,CASE-453913,Phone,Medium,Closed,Workflow Automation,2024-06-01,2024-06-08,No,Marcus Schmidt,CTO,5.0,"Customer Marcus Schmidt at Kowalski & Okonkwo Inc. (Tier: Mid-Market, Industry: Energy) submitted a formal feature request for the Workflow Automation. Request: ability to export audit logs in CEF format. Business justification: compliance with GDPR Article 30 audit requirements. Use case documented and forwarded to Product Management. Customer expects a roadmap commitment within 1 quarters. PM acknowledged receipt; item added to the backlog with High priority scoring."
001489CAF1FCE2D,Andersen & Nguyen BV,Reseller,Financial Services,Enterprise,Singapore,380218339,22431,527762391,CASE-463058,Web,High,Pending Customer,Billing Platform,2025-02-18,,No,Omar Müller,Senior Engineer,3.0,New onboarding case for Andersen & Nguyen BV (Enterprise tier). Primary contact: Omar Müller (Senior Engineer). They are configuring the Billing Platform for the first time and encountered difficulty mapping their existing data schema to our object model. Implementation engineer scheduled a 60-minute screenshare for 2025-02-17. Customer provided sandbox credentials; issue reproduced and root cause confirmed. Documentation gap identified — will file internal ticket to update the Quick-Start Guide. Customer confirmed resolution after applying the corrected configuration.
00195D56DC6582C,Johnson & Rossi Inc.,Partner,Telecommunications,Enterprise,Paris,418656234,5736,520121566,CASE-110113,Phone,Medium,Resolved,Workflow Automation,2025-11-08,2025-11-12,Yes,Ahmed Dupont,Senior Engineer,1.0,Client in Paris reported a critical failure in the Workflow Automation integration causing a search results returning stale cached data. Error code TIMEOUT-002 appears in logs since 2025-11-08 00:51 UTC. Contact Ahmed Dupont (Senior Engineer) was distressed during the call and mentioned potential contractual penalties if unresolved by EOD. Initial triage confirmed the issue is environment-specific to their EU-WEST tenant. Reproduction steps provided; engineering queue updated. Data migration script re-run with corrected field mappings; record integrity confirmed.
001A4CB85B78D79,Becker & Johnson Ltd.,Prospect,Financial Services,Mid-Market,London,336286845,34700,535855513,CASE-599168,Email,Low,Pending Customer,Identity & Access Module,2023-06-16,,Yes,Luca Schmidt,CTO,4.0,"Customer Luca Schmidt at Becker & Johnson Ltd. (Tier: Mid-Market, Industry: Financial Services) submitted a formal feature request for the Identity & Access Module. Request: ability to bulk-archive inactive records. Business justification: compliance with PCI-DSS 4.0 audit requirements. Use case documented and forwarded to Product Management. Customer expects a roadmap commitment within 1 quarters. PM acknowledged receipt; item added to the backlog with Medium priority scoring."
001994714F62144,García & Dupont AG,Partner,Pharmaceuticals,Enterprise,Madrid,87700494,25874,595268109,CASE-976651,Partner Portal,Medium,Escalated,Data Sync Engine,2023-12-27,,No,Aisha Sato,Platform Architect,5.0,Aisha Sato from García & Dupont AG opened this case after observing severe latency in the Data Sync Engine. Average response times increased from ~200ms to over 6s beginning around 2023-12-26 08:09 UTC. Affects approximately 228 concurrent users in their APAC region. Customer is understanding and appreciated the quick response and transparency. Support engineer ran a distributed trace; bottleneck identified at the database read replica. Metrics attached to case for engineering review. The third-party payment gateway's IP whitelist was updated to include the new NAT range.
001A88D643DBC6D,Larsson & Müller Corp.,Reseller,Retail,Enterprise,Chicago,6941883,48786,521842256,CASE-433864,Partner Portal,Medium,Closed,Billing Platform,2024-07-30,2024-08-20,Yes,Luca Kowalski,IT Manager,5.0,Client in Chicago reported a critical failure in the Billing Platform integration causing a API response times exceeding 12 seconds. Error code TIMEOUT-002 appears in logs since 2024-07-29 02:03 UTC. Contact Luca Kowalski (IT Manager) was understanding during the call and appreciated the quick response and transparency. Initial triage confirmed the issue is environment-specific to their PROD-2 tenant. Reproduction steps provided; engineering queue updated. The third-party payment gateway's IP whitelist was updated to include the new NAT range.
0018EA5E949A354,Johnson & Sato Inc.,Reseller,Telecommunications,SMB,Chicago,472932795,30264,553535905,CASE-934930,Chat,Low,Pending Customer,Reporting Suite,2024-09-06,,No,Nadia García,CTO,4.0,"Customer Nadia García at Johnson & Sato Inc. (Tier: SMB, Industry: Telecommunications) submitted a formal feature request for the Reporting Suite. Request: ability to configure per-user rate limits via API. Business justification: compliance with SOC 2 Type II audit requirements. Use case documented and forwarded to Product Management. Customer expects a roadmap commitment within 4 quarters. PM acknowledged receipt; item added to the backlog with Medium priority scoring."
0019F9E869F909B,Tanaka & Sato Inc.,Reseller,Manufacturing,SMB,Munich,80976856,17763,555273682,CASE-307362,Phone,Low,Pending Customer,Mobile SDK,2023-11-02,,No,Ingrid Patel,Platform Architect,1.0,Client in Munich reported a critical failure in the Mobile SDK integration causing a file attachments over 10 MB silently dropped. Error code DB-CONN-ERR appears in logs since 2023-10-30 11:00 UTC. Contact Ingrid Patel (Platform Architect) was understanding during the call and appreciated the quick response and transparency. Initial triage confirmed the issue is environment-specific to their AP-SOUTH tenant. Reproduction steps provided; engineering queue updated. OAuth token refresh logic was patched; all active sessions re-authenticated successfully.
001BCE7A31D22F9,Dupont & Rossi BV,Partner,Telecommunications,Strategic,Amsterdam,279008602,32399,539045233,CASE-536569,Chat,Critical,In Progress,Mobile SDK,2025-06-10,,Yes,Maria Larsson,Solutions Architect,5.0,"Maria Larsson (Solutions Architect) at Dupont & Rossi BV contacted support regarding an unexpected charge of $2,798 on their May invoice. Customer claims usage reported by the Mobile SDK does not match their internal telemetry. Discrepancy of approximately 24% in API call counts. Finance team has been looped in. Raw usage logs pulled from billing service for 2025-06-09. Preliminary finding: a duplicate event emitter was introduced in v4.9.6 causing double-counting. Credit memo being processed; ETA 6 business days. Engineering identified a misconfigured load-balancer rule; it was corrected and verified."
00180B2B65B3178,Schmidt & Ferreira BV,Partner,Manufacturing,SMB,Singapore,489130979,20492,595076782,CASE-599318,Web,Medium,Escalated,Workflow Automation,2025-02-03,,Yes,Isabella Rossi,IT Manager,2.0,Isabella Rossi from Schmidt & Ferreira BV opened this case after observing severe latency in the Workflow Automation. Average response times increased from ~200ms to over 8s beginning around 2025-02-02 11:36 UTC. Affects approximately 410 concurrent users in their AMER region. Customer is patient but firm and asked for daily status updates. Support engineer ran a distributed trace; bottleneck identified at the database read replica. Metrics attached to case for engineering review. Data migration script re-run with corrected field mappings; record integrity confirmed.
001A11B240D9AF0,Nguyen & Tanaka Corp.,Reseller,Media & Entertainment,Mid-Market,Zurich,324018290,47708,545702898,CASE-170176,Chat,Low,Pending Customer,Identity & Access Module,2025-09-27,,Yes,Marcus Dupont,Senior Engineer,3.0,Client in Zurich reported a critical failure in the Identity & Access Module integration causing a nightly batch jobs failing silently. Error code ERR-5021 appears in logs since 2025-09-24 00:20 UTC. Contact Marcus Dupont (Senior Engineer) was patient but firm during the call and asked for daily status updates. Initial triage confirmed the issue is environment-specific to their PROD-2 tenant. Reproduction steps provided; engineering queue updated. OAuth token refresh logic was patched; all active sessions re-authenticated successfully.
0014C69C449C229,Kowalski & Okonkwo Corp.,Partner,Automotive,Enterprise,Zurich,496412581,39173,591212652,CASE-226209,Web,Critical,Closed,Workflow Automation,2024-12-30,2025-01-25,Yes,Tom Okonkwo,Head of Operations,5.0,Tom Okonkwo from Kowalski & Okonkwo Corp. opened this case after observing severe latency in the Workflow Automation. Average response times increased from ~200ms to over 6s beginning around 2024-12-27 17:09 UTC. Affects approximately 414 concurrent users in their APAC region. Customer is understanding and appreciated the quick response and transparency. Support engineer ran a distributed trace; bottleneck identified at the database read replica. Metrics attached to case for engineering review. Root cause traced to a race condition in the async queue; a mutex lock was introduced.
001A25C5B529F22,Rossi & Larsson Sp. z o.o.,Partner,Financial Services,SMB,Toronto,319318143,29117,552156045,CASE-212978,Web,Low,Pending Customer,Billing Platform,2024-02-23,,Yes,James Becker,IT Director,2.0,"Inbound escalation from Rossi & Larsson Sp. z o.o. (Toronto) — James Becker reports the Billing Platform has been failing to sync records since 2024-02-22 09:01 UTC. Approximately 19,162 records are stuck in a PENDING state. Error log snippet shared by customer shows ERR-5500 with stack trace pointing to a serialisation issue in the delta-sync processor. Customer is distressed and mentioned potential contractual penalties if unresolved by EOD. Workaround: manual re-trigger via admin panel unblocks individual batches but is not scalable. Engineering has reproduced the issue in staging with a dataset of matching schema. Data migration script re-run with corrected field mappings; record integrity confirmed."
001326F141E886D,Okonkwo & Nguyen S.r.l.,Prospect,Logistics,Enterprise,Milan,212852686,11675,553836914,CASE-742863,Phone,Medium,Closed,Data Sync Engine,2023-04-18,2023-05-01,Yes,Elena Tanaka,CTO,5.0,"Customer Elena Tanaka at Okonkwo & Nguyen S.r.l. (Tier: Enterprise, Industry: Logistics) submitted a formal feature request for the Data Sync Engine. Request: ability to receive webhook retries with exponential backoff. Business justification: compliance with ISO 27001 audit requirements. Use case documented and forwarded to Product Management. Customer expects a roadmap commitment within 1 quarters. PM acknowledged receipt; item added to the backlog with High priority scoring."
00189C1EB5B1EFB,Rossi & Larsson BV,Customer,Healthcare,Enterprise,Brussels,264885141,26261,583163611,CASE-165169,Partner Portal,Low,Escalated,Analytics Dashboard,2023-11-07,,No,Patrick Johnson,Senior Engineer,1.0,Client in Brussels reported a critical failure in the Analytics Dashboard integration causing a file attachments over 10 MB silently dropped. Error code ERR-4009 appears in logs since 2023-11-07 16:10 UTC. Contact Patrick Johnson (Senior Engineer) was very concerned during the call and requested a post-mortem report within 48 hours. Initial triage confirmed the issue is environment-specific to their PROD-2 tenant. Reproduction steps provided; engineering queue updated. The database index was rebuilt and query performance restored to baseline.
0016D0605B5BDF7,Kowalski & Müller GmbH,Partner,Technology,Mid-Market,London,269248920,20946,553345649,CASE-506349,Chat,Critical,In Progress,Identity & Access Module,2023-04-26,,Yes,Patrick Johnson,Platform Architect,4.0,New onboarding case for Kowalski & Müller GmbH (Mid-Market tier). Primary contact: Patrick Johnson (Platform Architect). They are configuring the Identity & Access Module for the first time and encountered CORS policy errors when calling the API from their SPA. Implementation engineer scheduled a 60-minute screenshare for 2023-04-26. Customer provided sandbox credentials; issue reproduced and root cause confirmed. Documentation gap identified — will file internal ticket to update the Quick-Start Guide. Customer confirmed resolution after applying the corrected configuration.
001DBFBB48B510A,Johnson & Sato Sp. z o.o.,Prospect,Media & Entertainment,Strategic,Sydney,273847091,10769,563308797,CASE-323114,Email,Critical,New,Integration Hub,2023-05-20,,Yes,Maria García,CTO,3.0,Ticket raised by Maria García (CTO) at Johnson & Sato Sp. z o.o. regarding intermittent authentication failures on the Integration Hub. Approximately 70% of login attempts return a 401 with error AUTH-401. Issue began after they applied their internal SSO policy update on 2023-05-20. Customer tone: critical; stated this is blocking their go-live scheduled for next Friday. Support confirmed SAML assertions are malformed — attribute mapping mismatch in IdP config. Step-by-step remediation guide sent; customer to test in staging before production rollout. The database index was rebuilt and query performance restored to baseline.
0010A6D151BBCA9,Ferreira & Schmidt Sp. z o.o.,Reseller,Insurance,SMB,Amsterdam,110338452,12123,525125464,CASE-143683,Chat,Critical,Resolved,Workflow Automation,2024-02-05,2024-02-26,Yes,Sophie Kim,Technical Account Manager,2.0,"Customer Sophie Kim at Ferreira & Schmidt Sp. z o.o. (Tier: SMB, Industry: Insurance) submitted a formal feature request for the Workflow Automation. Request: ability to receive webhook retries with exponential backoff. Business justification: compliance with GDPR Article 30 audit requirements. Use case documented and forwarded to Product Management. Customer expects a roadmap commitment within 2 quarters. PM acknowledged receipt; item added to the backlog with Medium priority scoring."
0019F94898E9689,García & Patel BV,Reseller,Telecommunications,Enterprise,Warsaw,387030563,21463,571456194,CASE-509735,Partner Portal,High,Closed,Identity & Access Module,2024-05-31,2024-06-30,No,Fatima Schmidt,Platform Architect,4.0,"Inbound escalation from García & Patel BV (Warsaw) — Fatima Schmidt reports the Identity & Access Module has been failing to sync records since 2024-05-30 16:01 UTC. Approximately 44,214 records are stuck in a PENDING state. Error log snippet shared by customer shows ERR-4009 with stack trace pointing to a serialisation issue in the delta-sync processor. Customer is understanding and appreciated the quick response and transparency. Workaround: manual re-trigger via admin panel unblocks individual batches but is not scalable. Engineering has reproduced the issue in staging with a dataset of matching schema. Engineering identified a misconfigured load-balancer rule; it was corrected and verified."
001A1F9FB0C4143,Ferreira & Nguyen Corp.,Partner,Healthcare,Enterprise,Singapore,347196265,12513,566796333,CASE-877882,Web,Critical,Escalated,API Gateway,2023-04-13,,Yes,James Kim,IT Director,4.0,Client in Singapore reported a critical failure in the API Gateway integration causing a mobile app crashes on launch for iOS 17+. Error code ERR-5021 appears in logs since 2023-04-13 08:59 UTC. Contact James Kim (IT Director) was frustrated during the call and threatened to escalate to executive sponsor. Initial triage confirmed the issue is environment-specific to their EU-WEST tenant. Reproduction steps provided; engineering queue updated. A stale CDN cache was purged globally; content now serves correctly in all regions.
0015221D3D356D8,Rossi & Johnson Sp. z o.o.,Prospect,Technology,Strategic,Milan,12611241,46073,585595538,CASE-603028,Phone,High,Escalated,Identity & Access Module,2023-09-04,,Yes,James Dupont,Technical Account Manager,,"Customer James Dupont at Rossi & Johnson Sp. z o.o. (Tier: Strategic, Industry: Technology) submitted a formal feature request for the Identity & Access Module. Request: ability to schedule reports at sub-hourly intervals. Business justification: compliance with HIPAA §164.312 audit requirements. Use case documented and forwarded to Product Management. Customer expects a roadmap commitment within 1 quarters. PM acknowledged receipt; item added to the backlog with High priority scoring."
001E816D1A09D8E,Andersen & Kim Sp. z o.o.,Prospect,Energy,Strategic,Brussels,468646909,12335,541516805,CASE-823176,Chat,Critical,New,Mobile SDK,2023-12-25,,Yes,Maria Rossi,Platform Architect,5.0,New onboarding case for Andersen & Kim Sp. z o.o. (Strategic tier). Primary contact: Maria Rossi (Platform Architect). They are configuring the Mobile SDK for the first time and encountered missing permissions on the service account used for integration. Implementation engineer scheduled a 60-minute screenshare for 2023-12-25. Customer provided sandbox credentials; issue reproduced and root cause confirmed. Documentation gap identified — will file internal ticket to update the Quick-Start Guide. Customer confirmed resolution after applying the corrected configuration.
001EF54C60CAE80,Ferreira & Kowalski S.r.l.,Partner,Media & Entertainment,Strategic,Oslo,172680532,48191,595807297,CASE-463633,Chat,High,Escalated,Identity & Access Module,2023-04-07,,No,Clara Larsson,IT Director,3.0,Ticket raised by Clara Larsson (IT Director) at Ferreira & Kowalski S.r.l. regarding intermittent authentication failures on the Identity & Access Module. Approximately 49% of login attempts return a 401 with error ERR-3301. Issue began after they applied their internal SSO policy update on 2023-04-05. Customer tone: distressed; mentioned potential contractual penalties if unresolved by EOD. Support confirmed SAML assertions are malformed — attribute mapping mismatch in IdP config. Step-by-step remediation guide sent; customer to test in staging before production rollout. The database index was rebuilt and query performance restored to baseline.
001030AA79B6E46,Larsson & Ferreira Sp. z o.o.,Customer,Telecommunications,Strategic,Sydney,184890334,33194,593894510,CASE-252096,Partner Portal,Medium,In Progress,Workflow Automation,2025-06-03,,Yes,Ahmed Okonkwo,Head of Operations,5.0,New onboarding case for Larsson & Ferreira Sp. z o.o. (Strategic tier). Primary contact: Ahmed Okonkwo (Head of Operations). They are configuring the Workflow Automation for the first time and encountered confusion around webhook signature verification. Implementation engineer scheduled a 60-minute screenshare for 2025-06-03. Customer provided sandbox credentials; issue reproduced and root cause confirmed. Documentation gap identified — will file internal ticket to update the Quick-Start Guide. Customer confirmed resolution after applying the corrected configuration.
0015CB51CA87572,Dupont & Sato GmbH,Partner,Media & Entertainment,Strategic,Amsterdam,367725442,46524,554949481,CASE-612942,Phone,Medium,In Progress,Data Sync Engine,2025-05-08,,Yes,Maria Hassan,DevOps Lead,5.0,"Maria Hassan (DevOps Lead) at Dupont & Sato GmbH contacted support regarding an unexpected charge of $6,671 on their July invoice. Customer claims usage reported by the Data Sync Engine does not match their internal telemetry. Discrepancy of approximately 30% in API call counts. Finance team has been looped in. Raw usage logs pulled from billing service for 2025-05-08. Preliminary finding: a duplicate event emitter was introduced in v2.9.5 causing double-counting. Credit memo being processed; ETA 7 business days. Root cause traced to a race condition in the async queue; a mutex lock was introduced."
0018FA8401BFB6C,Kowalski & Tanaka AG,Prospect,Healthcare,Mid-Market,Toronto,443543033,13723,582741563,CASE-769252,Phone,High,Pending Customer,Reporting Suite,2023-11-15,,Yes,Marcus Dupont,DevOps Lead,,Marcus Dupont from Kowalski & Tanaka AG opened this case after observing severe latency in the Reporting Suite. Average response times increased from ~200ms to over 7s beginning around 2023-11-14 22:00 UTC. Affects approximately 71 concurrent users in their EMEA region. Customer is frustrated and threatened to escalate to executive sponsor. Support engineer ran a distributed trace; bottleneck identified at the database read replica. Metrics attached to case for engineering review. The database index was rebuilt and query performance restored to baseline.
001C5CA5D4FFD01,Schmidt & Williams SA,Prospect,Automotive,Enterprise,New York,230562004,40593,589146958,CASE-601680,Partner Portal,Critical,In Progress,Data Sync Engine,2024-06-03,,No,Elena Nguyen,Senior Engineer,,"Inbound escalation from Schmidt & Williams SA (New York) — Elena Nguyen reports the Data Sync Engine has been failing to sync records since 2024-05-31 03:27 UTC. Approximately 21,447 records are stuck in a PENDING state. Error log snippet shared by customer shows TIMEOUT-002 with stack trace pointing to a serialisation issue in the delta-sync processor. Customer is distressed and mentioned potential contractual penalties if unresolved by EOD. Workaround: manual re-trigger via admin panel unblocks individual batches but is not scalable. Engineering has reproduced the issue in staging with a dataset of matching schema. A hotfix (v2.4.7) was deployed to production at 03:14 UTC resolving the root cause."
00129E9363CF5DE,Kowalski & Schmidt AB,Reseller,Media & Entertainment,Strategic,Vienna,135875426,35644,522354586,CASE-186994,Email,Critical,New,Mobile SDK,2023-07-20,,No,Clara Larsson,CTO,4.0,"Inbound escalation from Kowalski & Schmidt AB (Vienna) — Clara Larsson reports the Mobile SDK has been failing to sync records since 2023-07-17 22:37 UTC. Approximately 16,318 records are stuck in a PENDING state. Error log snippet shared by customer shows SSL-HANDSHAKE with stack trace pointing to a serialisation issue in the delta-sync processor. Customer is critical and stated this is blocking their go-live scheduled for next Friday. Workaround: manual re-trigger via admin panel unblocks individual batches but is not scalable. Engineering has reproduced the issue in staging with a dataset of matching schema. SSL certificate renewed and propagated across all edge nodes within the maintenance window."
00116315890F36C,Tanaka & Sato GmbH,Partner,Logistics,SMB,Berlin,249167856,18015,585839721,CASE-507034,Partner Portal,Critical,Resolved,Integration Hub,2025-07-13,2025-07-15,Yes,Sophie Schmidt,Head of Operations,5.0,"Inbound escalation from Tanaka & Sato GmbH (Berlin) — Sophie Schmidt reports the Integration Hub has been failing to sync records since 2025-07-12 19:26 UTC. Approximately 46,258 records are stuck in a PENDING state. Error log snippet shared by customer shows DB-CONN-ERR with stack trace pointing to a serialisation issue in the delta-sync processor. Customer is very concerned and requested a post-mortem report within 48 hours. Workaround: manual re-trigger via admin panel unblocks individual batches but is not scalable. Engineering has reproduced the issue in staging with a dataset of matching schema. SSL certificate renewed and propagated across all edge nodes within the maintenance window."
00125BABB753CA8,Tanaka & Rossi Ltd.,Reseller,Telecommunications,SMB,Madrid,416972302,48803,597761151,CASE-285211,Chat,Critical,New,Analytics Dashboard,2023-03-23,,Yes,Ingrid Dupont,Solutions Architect,1.0,"Inbound escalation from Tanaka & Rossi Ltd. (Madrid) — Ingrid Dupont reports the Analytics Dashboard has been failing to sync records since 2023-03-21 19:21 UTC. Approximately 22,786 records are stuck in a PENDING state. Error log snippet shared by customer shows SSL-HANDSHAKE with stack trace pointing to a serialisation issue in the delta-sync processor. Customer is escalating and looped in their VP of Engineering on the call. Workaround: manual re-trigger via admin panel unblocks individual batches but is not scalable. Engineering has reproduced the issue in staging with a dataset of matching schema. SSL certificate renewed and propagated across all edge nodes within the maintenance window."
0018FF2F3D96300,Sato & Schmidt Sp. z o.o.,Reseller,Media & Entertainment,Strategic,Zurich,11526041,46436,580487824,CASE-827514,Web,Critical,Closed,Data Sync Engine,2023-07-27,2023-08-21,No,Nadia Williams,Solutions Architect,4.0,Ticket raised by Nadia Williams (Solutions Architect) at Sato & Schmidt Sp. z o.o. regarding intermittent authentication failures on the Data Sync Engine. Approximately 40% of login attempts return a 401 with error AUTH-401. Issue began after they applied their internal SSO policy update on 2023-07-26. Customer tone: frustrated; threatened to escalate to executive sponsor. Support confirmed SAML assertions are malformed — attribute mapping mismatch in IdP config. Step-by-step remediation guide sent; customer to test in staging before production rollout. The customer's IP range was added to the allowlist following security review approval.
0012E8EEE1BDAEA,Hassan & Johnson Inc.,Partner,Energy,Enterprise,Toronto,357326395,12888,569874812,CASE-791915,Partner Portal,Medium,New,Data Sync Engine,2023-06-28,,Yes,Isabella Nguyen,VP of Engineering,4.0,Client in Toronto reported a critical failure in the Data Sync Engine integration causing a audit logs missing entries for the past 48 hours. Error code ERR-5500 appears in logs since 2023-06-26 21:22 UTC. Contact Isabella Nguyen (VP of Engineering) was very concerned during the call and requested a post-mortem report within 48 hours. Initial triage confirmed the issue is environment-specific to their PROD-2 tenant. Reproduction steps provided; engineering queue updated. Engineering identified a misconfigured load-balancer rule; it was corrected and verified.
00166D0E547D453,Schmidt & Larsson GmbH,Prospect,Financial Services,Mid-Market,Oslo,314877031,34778,511188832,CASE-418079,Email,Medium,New,Identity & Access Module,2023-10-29,,Yes,Patrick Nguyen,Head of Operations,4.0,New onboarding case for Schmidt & Larsson GmbH (Mid-Market tier). Primary contact: Patrick Nguyen (Head of Operations). They are configuring the Identity & Access Module for the first time and encountered confusion around webhook signature verification. Implementation engineer scheduled a 60-minute screenshare for 2023-10-27. Customer provided sandbox credentials; issue reproduced and root cause confirmed. Documentation gap identified — will file internal ticket to update the Quick-Start Guide. Customer confirmed resolution after applying the corrected configuration.
0014594795BC3C8,Novak & Rossi Inc.,Customer,Automotive,Strategic,Amsterdam,256957005,33655,519742877,CASE-693659,Email,High,In Progress,Reporting Suite,2025-09-07,,No,Omar Novak,IT Director,5.0,New onboarding case for Novak & Rossi Inc. (Strategic tier). Primary contact: Omar Novak (IT Director). They are configuring the Reporting Suite for the first time and encountered difficulty mapping their existing data schema to our object model. Implementation engineer scheduled a 60-minute screenshare for 2025-09-06. Customer provided sandbox credentials; issue reproduced and root cause confirmed. Documentation gap identified — will file internal ticket to update the Quick-Start Guide. Customer confirmed resolution after applying the corrected configuration.
001DC80F66BC458,García & Larsson AB,Partner,Technology,Strategic,Zurich,257857553,40307,578390278,CASE-526279,Email,High,In Progress,API Gateway,2025-06-03,,Yes,Omar Schmidt,Solutions Architect,4.0,"Omar Schmidt (Solutions Architect) at García & Larsson AB contacted support regarding an unexpected charge of $12,866 on their March invoice. Customer claims usage reported by the API Gateway does not match their internal telemetry. Discrepancy of approximately 32% in API call counts. Finance team has been looped in. Raw usage logs pulled from billing service for 2025-06-03. Preliminary finding: a duplicate event emitter was introduced in v4.0.6 causing double-counting. Credit memo being processed; ETA 2 business days. The customer's IP range was added to the allowlist following security review approval."
00103569EC0590D,Kim & Novak Corp.,Reseller,Media & Entertainment,Mid-Market,Paris,207782557,49648,589129551,CASE-829022,Partner Portal,High,Pending Customer,API Gateway,2025-01-26,,No,Wei Okonkwo,Senior Engineer,3.0,Ticket raised by Wei Okonkwo (Senior Engineer) at Kim & Novak Corp. regarding intermittent authentication failures on the API Gateway. Approximately 67% of login attempts return a 401 with error TIMEOUT-002. Issue began after they applied their internal SSO policy update on 2025-01-24. Customer tone: very concerned; requested a post-mortem report within 48 hours. Support confirmed SAML assertions are malformed — attribute mapping mismatch in IdP config. Step-by-step remediation guide sent; customer to test in staging before production rollout. The customer's IP range was added to the allowlist following security review approval.
00165D75E291044,Okonkwo & Okonkwo Ltd.,Partner,Insurance,Enterprise,Helsinki,443813219,21964,579480727,CASE-808942,Chat,Medium,Escalated,Billing Platform,2024-07-03,,Yes,Marcus Johnson,Technical Account Manager,5.0,Marcus Johnson from Okonkwo & Okonkwo Ltd. opened this case after observing severe latency in the Billing Platform. Average response times increased from ~200ms to over 13s beginning around 2024-07-01 09:38 UTC. Affects approximately 347 concurrent users in their EMEA region. Customer is professional and requested SLA credit per the MSA terms. Support engineer ran a distributed trace; bottleneck identified at the database read replica. Metrics attached to case for engineering review. Data migration script re-run with corrected field mappings; record integrity confirmed.
001EF9E95B6E30D,Hassan & Patel AG,Prospect,Media & Entertainment,SMB,Milan,98789162,42443,576700263,CASE-493214,Email,Low,In Progress,Identity & Access Module,2025-01-10,,No,Wei Sato,DevOps Lead,3.0,"Customer Wei Sato at Hassan & Patel AG (Tier: SMB, Industry: Media & Entertainment) submitted a formal feature request for the Identity & Access Module. Request: ability to receive webhook retries with exponential backoff. Business justification: compliance with HIPAA §164.312 audit requirements. Use case documented and forwarded to Product Management. Customer expects a roadmap commitment within 3 quarters. PM acknowledged receipt; item added to the backlog with High priority scoring."
0017D1B43425221,García & Andersen Sp. z o.o.,Reseller,Insurance,Enterprise,Vienna,107439325,17422,516844169,CASE-548483,Chat,Critical,Escalated,Billing Platform,2023-09-12,,No,James Rossi,Solutions Architect,4.0,"James Rossi (Solutions Architect) at García & Andersen Sp. z o.o. contacted support regarding an unexpected charge of $6,538 on their May invoice. Customer claims usage reported by the Billing Platform does not match their internal telemetry. Discrepancy of approximately 12% in API call counts. Finance team has been looped in. Raw usage logs pulled from billing service for 2023-09-09. Preliminary finding: a duplicate event emitter was introduced in v2.2.1 causing double-counting. Credit memo being processed; ETA 4 business days. A hotfix (v2.4.7) was deployed to production at 03:14 UTC resolving the root cause."
0016CE43F60FE3D,García & Müller Corp.,Prospect,Healthcare,SMB,Berlin,153072326,28177,542303559,CASE-341684,Email,Medium,Escalated,Data Sync Engine,2024-07-03,,Yes,Nadia Becker,CTO,2.0,Client in Berlin reported a critical failure in the Data Sync Engine integration causing a 30% drop in data syncs. Error code DB-CONN-ERR appears in logs since 2024-07-02 03:59 UTC. Contact Nadia Becker (CTO) was patient but firm during the call and asked for daily status updates. Initial triage confirmed the issue is environment-specific to their AP-SOUTH tenant. Reproduction steps provided; engineering queue updated. OAuth token refresh logic was patched; all active sessions re-authenticated successfully.
001CDFD033BC8F0,Andersen & Kowalski AG,Partner,Energy,Mid-Market,Madrid,130435917,30124,591820094,CASE-273688,Email,High,Pending Customer,Integration Hub,2023-02-05,,Yes,Nadia Williams,VP of Engineering,,Nadia Williams from Andersen & Kowalski AG opened this case after observing severe latency in the Integration Hub. Average response times increased from ~200ms to over 6s beginning around 2023-02-04 02:36 UTC. Affects approximately 353 concurrent users in their APAC region. Customer is frustrated and threatened to escalate to executive sponsor. Support engineer ran a distributed trace; bottleneck identified at the database read replica. Metrics attached to case for engineering review. Root cause traced to a race condition in the async queue; a mutex lock was introduced.
001B87A57B44414,Ferreira & Ferreira Inc.,Customer,Insurance,Strategic,Bratislava,291089231,17817,537531916,CASE-806017,Chat,Low,Pending Customer,Reporting Suite,2024-03-13,,Yes,Luca Becker,IT Manager,3.0,New onboarding case for Ferreira & Ferreira Inc. (Strategic tier). Primary contact: Luca Becker (IT Manager). They are configuring the Reporting Suite for the first time and encountered CORS policy errors when calling the API from their SPA. Implementation engineer scheduled a 60-minute screenshare for 2024-03-12. Customer provided sandbox credentials; issue reproduced and root cause confirmed. Documentation gap identified — will file internal ticket to update the Quick-Start Guide. Customer confirmed resolution after applying the corrected configuration.
001DB8D7FCBB477,Nguyen & Patel AB,Reseller,Pharmaceuticals,Strategic,Brussels,147678741,16313,549014249,CASE-342111,Chat,Low,Escalated,Reporting Suite,2024-02-25,,Yes,Luca Williams,Platform Architect,5.0,Luca Williams from Nguyen & Patel AB opened this case after observing severe latency in the Reporting Suite. Average response times increased from ~200ms to over 13s beginning around 2024-02-23 04:45 UTC. Affects approximately 367 concurrent users in their EMEA region. Customer is escalating and looped in their VP of Engineering on the call. Support engineer ran a distributed trace; bottleneck identified at the database read replica. Metrics attached to case for engineering review. SSL certificate renewed and propagated across all edge nodes within the maintenance window.
00107C2C1BA8484,Ferreira & Becker AG,Prospect,Financial Services,Strategic,Toronto,197314056,17040,574227310,CASE-265777,Email,High,In Progress,Security Manager,2024-12-07,,Yes,Isabella Becker,IT Manager,,Ticket raised by Isabella Becker (IT Manager) at Ferreira & Becker AG regarding intermittent authentication failures on the Security Manager. Approximately 51% of login attempts return a 401 with error ERR-5021. Issue began after they applied their internal SSO policy update on 2024-12-05. Customer tone: professional; requested SLA credit per the MSA terms. Support confirmed SAML assertions are malformed — attribute mapping mismatch in IdP config. Step-by-step remediation guide sent; customer to test in staging before production rollout. OAuth token refresh logic was patched; all active sessions re-authenticated successfully.
0014E6B680FFA28,Tanaka & Kim Inc.,Partner,Media & Entertainment,Mid-Market,Paris,220329512,20430,532364538,CASE-645792,Phone,High,In Progress,Data Sync Engine,2023-04-13,,Yes,Tom Ferreira,IT Manager,5.0,Ticket raised by Tom Ferreira (IT Manager) at Tanaka & Kim Inc. regarding intermittent authentication failures on the Data Sync Engine. Approximately 78% of login attempts return a 401 with error ERR-5500. Issue began after they applied their internal SSO policy update on 2023-04-11. Customer tone: frustrated; threatened to escalate to executive sponsor. Support confirmed SAML assertions are malformed — attribute mapping mismatch in IdP config. Step-by-step remediation guide sent; customer to test in staging before production rollout. A stale CDN cache was purged globally; content now serves correctly in all regions.
0018518618047B9,Rossi & Dupont SA,Prospect,Telecommunications,Strategic,Oslo,388769605,11735,530497544,CASE-659580,Email,High,Pending Customer,Analytics Dashboard,2024-04-28,,Yes,Patrick Rossi,IT Director,3.0,"Patrick Rossi (IT Director) at Rossi & Dupont SA contacted support regarding an unexpected charge of $14,214 on their April invoice. Customer claims usage reported by the Analytics Dashboard does not match their internal telemetry. Discrepancy of approximately 22% in API call counts. Finance team has been looped in. Raw usage logs pulled from billing service for 2024-04-28. Preliminary finding: a duplicate event emitter was introduced in v4.0.8 causing double-counting. Credit memo being processed; ETA 6 business days. A hotfix (v2.4.7) was deployed to production at 03:14 UTC resolving the root cause."
001450F776EAE49,Sato & Andersen Sp. z o.o.,Customer,Manufacturing,Mid-Market,Prague,383519649,16277,531754935,CASE-771231,Partner Portal,Critical,Closed,API Gateway,2025-08-18,2025-08-23,Yes,Clara Larsson,Platform Architect,4.0,Inbound escalation from Sato & Andersen Sp. z o.o. (Prague) — Clara Larsson reports the API Gateway has been failing to sync records since 2025-08-17 04:15 UTC. Approximately 537 records are stuck in a PENDING state. Error log snippet shared by customer shows ERR-3301 with stack trace pointing to a serialisation issue in the delta-sync processor. Customer is patient but firm and asked for daily status updates. Workaround: manual re-trigger via admin panel unblocks individual batches but is not scalable. Engineering has reproduced the issue in staging with a dataset of matching schema. SSL certificate renewed and propagated across all edge nodes within the maintenance window.
001B4140F48A7A3,Sato & Nguyen SA,Reseller,Telecommunications,Strategic,Helsinki,68274498,2396,537768710,CASE-176983,Partner Portal,Medium,Resolved,Integration Hub,2025-04-07,2025-04-12,Yes,Elena Williams,Head of Operations,,"Inbound escalation from Sato & Nguyen SA (Helsinki) — Elena Williams reports the Integration Hub has been failing to sync records since 2025-04-04 20:33 UTC. Approximately 25,572 records are stuck in a PENDING state. Error log snippet shared by customer shows AUTH-401 with stack trace pointing to a serialisation issue in the delta-sync processor. Customer is professional and requested SLA credit per the MSA terms. Workaround: manual re-trigger via admin panel unblocks individual batches but is not scalable. Engineering has reproduced the issue in staging with a dataset of matching schema. A stale CDN cache was purged globally; content now serves correctly in all regions."
001C93DDAFD947A,Ferreira & Sato Inc.,Customer,Financial Services,SMB,Warsaw,483954176,14891,568925077,CASE-365205,Chat,Low,In Progress,Reporting Suite,2024-02-11,,No,Henrik Tanaka,DevOps Lead,4.0,"Inbound escalation from Ferreira & Sato Inc. (Warsaw) — Henrik Tanaka reports the Reporting Suite has been failing to sync records since 2024-02-11 06:27 UTC. Approximately 13,914 records are stuck in a PENDING state. Error log snippet shared by customer shows SYNC-FAIL-07 with stack trace pointing to a serialisation issue in the delta-sync processor. Customer is critical and stated this is blocking their go-live scheduled for next Friday. Workaround: manual re-trigger via admin panel unblocks individual batches but is not scalable. Engineering has reproduced the issue in staging with a dataset of matching schema. The database index was rebuilt and query performance restored to baseline."
0019CC3EC596294,Nguyen & Becker AG,Reseller,Financial Services,Mid-Market,Budapest,22256379,31431,519094010,CASE-469604,Web,High,Resolved,Analytics Dashboard,2023-07-27,2023-08-07,Yes,Elena Ferreira,Technical Account Manager,5.0,Ticket raised by Elena Ferreira (Technical Account Manager) at Nguyen & Becker AG regarding intermittent authentication failures on the Analytics Dashboard. Approximately 6% of login attempts return a 401 with error ERR-4403. Issue began after they applied their internal SSO policy update on 2023-07-25. Customer tone: patient but firm; asked for daily status updates. Support confirmed SAML assertions are malformed — attribute mapping mismatch in IdP config. Step-by-step remediation guide sent; customer to test in staging before production rollout. The database index was rebuilt and query performance restored to baseline.
001F42D8AAFF940,Ferreira & Nguyen BV,Prospect,Media & Entertainment,SMB,Chicago,153469110,24125,516833876,CASE-940144,Partner Portal,Critical,Resolved,API Gateway,2023-02-20,2023-03-03,No,Elena Schmidt,Technical Account Manager,4.0,"Inbound escalation from Ferreira & Nguyen BV (Chicago) — Elena Schmidt reports the API Gateway has been failing to sync records since 2023-02-19 20:33 UTC. Approximately 34,183 records are stuck in a PENDING state. Error log snippet shared by customer shows ERR-5021 with stack trace pointing to a serialisation issue in the delta-sync processor. Customer is professional and requested SLA credit per the MSA terms. Workaround: manual re-trigger via admin panel unblocks individual batches but is not scalable. Engineering has reproduced the issue in staging with a dataset of matching schema. Pending further investigation; case escalated to Tier-3 Engineering with P1 SLA applied."
00121F537C38F46,Tanaka & Tanaka Ltd.,Reseller,Pharmaceuticals,Enterprise,New York,118739133,2755,515907381,CASE-417624,Phone,High,Escalated,Analytics Dashboard,2025-02-12,,Yes,Wei Andersen,VP of Engineering,4.0,"Wei Andersen (VP of Engineering) at Tanaka & Tanaka Ltd. contacted support regarding an unexpected charge of $9,527 on their April invoice. Customer claims usage reported by the Analytics Dashboard does not match their internal telemetry. Discrepancy of approximately 31% in API call counts. Finance team has been looped in. Raw usage logs pulled from billing service for 2025-02-10. Preliminary finding: a duplicate event emitter was introduced in v2.6.8 causing double-counting. Credit memo being processed; ETA 6 business days. A stale CDN cache was purged globally; content now serves correctly in all regions."
00190B7D402C7E0,Ferreira & Patel Sp. z o.o.,Prospect,Financial Services,Enterprise,Amsterdam,331641093,47715,559944615,CASE-991912,Chat,Medium,Pending Customer,Analytics Dashboard,2023-03-18,,Yes,Luca Johnson,VP of Engineering,5.0,Client in Amsterdam reported a critical failure in the Analytics Dashboard integration causing a report exports timing out for datasets > 50k rows. Error code ERR-5500 appears in logs since 2023-03-16 23:30 UTC. Contact Luca Johnson (VP of Engineering) was critical during the call and stated this is blocking their go-live scheduled for next Friday. Initial triage confirmed the issue is environment-specific to their AP-SOUTH tenant. Reproduction steps provided; engineering queue updated. Data migration script re-run with corrected field mappings; record integrity confirmed.
0015398AD9C6F35,Kowalski & Nguyen GmbH,Customer,Retail,Mid-Market,New York,442918675,9707,584492729,CASE-334488,Email,High,Escalated,API Gateway,2025-06-07,,No,Marcus Kim,Technical Account Manager,1.0,Ticket raised by Marcus Kim (Technical Account Manager) at Kowalski & Nguyen GmbH regarding intermittent authentication failures on the API Gateway. Approximately 74% of login attempts return a 401 with error DB-CONN-ERR. Issue began after they applied their internal SSO policy update on 2025-06-04. Customer tone: very concerned; requested a post-mortem report within 48 hours. Support confirmed SAML assertions are malformed — attribute mapping mismatch in IdP config. Step-by-step remediation guide sent; customer to test in staging before production rollout. The third-party payment gateway's IP whitelist was updated to include the new NAT range.
001D44016004BF9,Kowalski & Rossi BV,Partner,Media & Entertainment,Strategic,Budapest,222884224,31019,514106460,CASE-449999,Web,Critical,Pending Customer,Mobile SDK,2024-11-09,,Yes,Yuki Williams,CTO,2.0,"Inbound escalation from Kowalski & Rossi BV (Budapest) — Yuki Williams reports the Mobile SDK has been failing to sync records since 2024-11-07 02:15 UTC. Approximately 32,734 records are stuck in a PENDING state. Error log snippet shared by customer shows AUTH-401 with stack trace pointing to a serialisation issue in the delta-sync processor. Customer is distressed and mentioned potential contractual penalties if unresolved by EOD. Workaround: manual re-trigger via admin panel unblocks individual batches but is not scalable. Engineering has reproduced the issue in staging with a dataset of matching schema. Data migration script re-run with corrected field mappings; record integrity confirmed."
00126C2D4E5F687,Patel & Williams BV,Customer,Energy,Strategic,Amsterdam,44574344,5404,511139490,CASE-257334,Partner Portal,Low,New,Identity & Access Module,2024-08-09,,No,Yuki Okonkwo,Technical Account Manager,,"Inbound escalation from Patel & Williams BV (Amsterdam) — Yuki Okonkwo reports the Identity & Access Module has been failing to sync records since 2024-08-08 19:51 UTC. Approximately 3,865 records are stuck in a PENDING state. Error log snippet shared by customer shows ERR-5021 with stack trace pointing to a serialisation issue in the delta-sync processor. Customer is patient but firm and asked for daily status updates. Workaround: manual re-trigger via admin panel unblocks individual batches but is not scalable. Engineering has reproduced the issue in staging with a dataset of matching schema. SSL certificate renewed and propagated across all edge nodes within the maintenance window."
0013C162D2EE412,Patel & Kim BV,Customer,Financial Services,Mid-Market,Madrid,330333811,23,535803109,CASE-927895,Email,Low,New,Billing Platform,2025-01-21,,No,Luca Müller,VP of Engineering,,Client in Madrid reported a critical failure in the Billing Platform integration causing a two-factor authentication codes not being delivered. Error code ERR-3301 appears in logs since 2025-01-19 21:36 UTC. Contact Luca Müller (VP of Engineering) was understanding during the call and appreciated the quick response and transparency. Initial triage confirmed the issue is environment-specific to their EU-WEST tenant. Reproduction steps provided; engineering queue updated. Data migration script re-run with corrected field mappings; record integrity confirmed.
0017B7EC031F28C,Dupont & Kowalski Corp.,Reseller,Manufacturing,Enterprise,Stockholm,457998001,22204,599255940,CASE-270715,Chat,Low,New,Reporting Suite,2024-06-16,,Yes,Patrick Hassan,Platform Architect,5.0,"Customer Patrick Hassan at Dupont & Kowalski Corp. (Tier: Enterprise, Industry: Manufacturing) submitted a formal feature request for the Reporting Suite. Request: ability to bulk-archive inactive records. Business justification: compliance with GDPR Article 30 audit requirements. Use case documented and forwarded to Product Management. Customer expects a roadmap commitment within 4 quarters. PM acknowledged receipt; item added to the backlog with Medium priority scoring."
0013A4D86CBE8F1,Rossi & Müller Corp.,Partner,Technology,SMB,Zurich,80669225,47377,519857239,CASE-396196,Web,Medium,Pending Customer,Identity & Access Module,2024-05-07,,Yes,Ahmed Müller,VP of Engineering,4.0,Ahmed Müller from Rossi & Müller Corp. opened this case after observing severe latency in the Identity & Access Module. Average response times increased from ~200ms to over 9s beginning around 2024-05-04 04:45 UTC. Affects approximately 72 concurrent users in their AMER region. Customer is professional and requested SLA credit per the MSA terms. Support engineer ran a distributed trace; bottleneck identified at the database read replica. Metrics attached to case for engineering review. Pending further investigation; case escalated to Tier-3 Engineering with P1 SLA applied.
0012462B746D0BB,Larsson & Rossi GmbH,Reseller,Pharmaceuticals,SMB,Sydney,100659972,32621,572210446,CASE-790308,Chat,Medium,Escalated,Identity & Access Module,2025-08-27,,No,Omar García,CTO,1.0,New onboarding case for Larsson & Rossi GmbH (SMB tier). Primary contact: Omar García (CTO). They are configuring the Identity & Access Module for the first time and encountered difficulty mapping their existing data schema to our object model. Implementation engineer scheduled a 60-minute screenshare for 2025-08-27. Customer provided sandbox credentials; issue reproduced and root cause confirmed. Documentation gap identified — will file internal ticket to update the Quick-Start Guide. Customer confirmed resolution after applying the corrected configuration.
001E3AAB7217422,Kowalski & Okonkwo Inc.,Reseller,Media & Entertainment,Strategic,Chicago,149676189,13265,534228034,CASE-538168,Phone,Critical,Resolved,Workflow Automation,2024-01-12,2024-01-19,Yes,Ingrid Rossi,CTO,3.0,Ingrid Rossi from Kowalski & Okonkwo Inc. opened this case after observing severe latency in the Workflow Automation. Average response times increased from ~200ms to over 8s beginning around 2024-01-12 05:16 UTC. Affects approximately 11 concurrent users in their EMEA region. Customer is critical and stated this is blocking their go-live scheduled for next Friday. Support engineer ran a distributed trace; bottleneck identified at the database read replica. Metrics attached to case for engineering review. SSL certificate renewed and propagated across all edge nodes within the maintenance window.
0017DF3D5BF687F,Andersen & Hassan AB,Partner,Pharmaceuticals,Mid-Market,New York,234005378,47934,515291565,CASE-577052,Partner Portal,Medium,Resolved,Identity & Access Module,2023-10-30,2023-11-18,No,Nadia Hassan,Head of Operations,,"Nadia Hassan (Head of Operations) at Andersen & Hassan AB contacted support regarding an unexpected charge of $4,861 on their May invoice. Customer claims usage reported by the Identity & Access Module does not match their internal telemetry. Discrepancy of approximately 6% in API call counts. Finance team has been looped in. Raw usage logs pulled from billing service for 2023-10-28. Preliminary finding: a duplicate event emitter was introduced in v3.9.1 causing double-counting. Credit memo being processed; ETA 5 business days. Root cause traced to a race condition in the async queue; a mutex lock was introduced."
001CD3BDB467D0E,Johnson & Sato SA,Partner,Insurance,Mid-Market,Lisbon,22266974,14545,570297305,CASE-350588,Chat,Critical,Resolved,Workflow Automation,2024-04-01,2024-04-01,No,Henrik Müller,IT Manager,,Ticket raised by Henrik Müller (IT Manager) at Johnson & Sato SA regarding intermittent authentication failures on the Workflow Automation. Approximately 40% of login attempts return a 401 with error DB-CONN-ERR. Issue began after they applied their internal SSO policy update on 2024-03-29. Customer tone: very concerned; requested a post-mortem report within 48 hours. Support confirmed SAML assertions are malformed — attribute mapping mismatch in IdP config. Step-by-step remediation guide sent; customer to test in staging before production rollout. The customer's IP range was added to the allowlist following security review approval.
00179A6C6A15AAC,Kim & Dupont Ltd.,Partner,Financial Services,SMB,Budapest,293128607,43008,536878050,CASE-114901,Chat,Critical,Escalated,Security Manager,2023-04-15,,Yes,Aisha Novak,IT Manager,5.0,"Aisha Novak (IT Manager) at Kim & Dupont Ltd. contacted support regarding an unexpected charge of $4,223 on their June invoice. Customer claims usage reported by the Security Manager does not match their internal telemetry. Discrepancy of approximately 6% in API call counts. Finance team has been looped in. Raw usage logs pulled from billing service for 2023-04-12. Preliminary finding: a duplicate event emitter was introduced in v2.2.4 causing double-counting. Credit memo being processed; ETA 3 business days. Pending further investigation; case escalated to Tier-3 Engineering with P1 SLA applied."
00109A4D1371323,Dupont & Kim SA,Customer,Automotive,SMB,Stockholm,41423399,10205,526299519,CASE-994467,Phone,High,Closed,Mobile SDK,2023-11-28,2023-12-15,Yes,Yuki Larsson,Head of Operations,3.0,"Customer Yuki Larsson at Dupont & Kim SA (Tier: SMB, Industry: Automotive) submitted a formal feature request for the Mobile SDK. Request: ability to configure per-user rate limits via API. Business justification: compliance with ISO 27001 audit requirements. Use case documented and forwarded to Product Management. Customer expects a roadmap commitment within 4 quarters. PM acknowledged receipt; item added to the backlog with Medium priority scoring."
001B07274AD170C,Larsson & Rossi BV,Prospect,Pharmaceuticals,Strategic,London,389900658,1204,593260889,CASE-943448,Phone,Critical,In Progress,Integration Hub,2023-09-08,,Yes,Tom Rossi,IT Director,1.0,"Inbound escalation from Larsson & Rossi BV (London) — Tom Rossi reports the Integration Hub has been failing to sync records since 2023-09-05 21:39 UTC. Approximately 11,008 records are stuck in a PENDING state. Error log snippet shared by customer shows DB-CONN-ERR with stack trace pointing to a serialisation issue in the delta-sync processor. Customer is critical and stated this is blocking their go-live scheduled for next Friday. Workaround: manual re-trigger via admin panel unblocks individual batches but is not scalable. Engineering has reproduced the issue in staging with a dataset of matching schema. Workaround provided: client configured batch size to 500 records; permanent fix in sprint 43."
0010588BA0B699C,Hassan & Nguyen Ltd.,Reseller,Retail,Strategic,Oslo,415749989,38437,518979241,CASE-880823,Email,Low,Closed,Workflow Automation,2023-03-03,2023-03-22,No,Ingrid Dupont,IT Director,4.0,Ingrid Dupont from Hassan & Nguyen Ltd. opened this case after observing severe latency in the Workflow Automation. Average response times increased from ~200ms to over 13s beginning around 2023-03-01 12:50 UTC. Affects approximately 198 concurrent users in their EMEA region. Customer is critical and stated this is blocking their go-live scheduled for next Friday. Support engineer ran a distributed trace; bottleneck identified at the database read replica. Metrics attached to case for engineering review. A hotfix (v2.4.7) was deployed to production at 03:14 UTC resolving the root cause.
001E8647754EDE7,Becker & Schmidt BV,Customer,Telecommunications,Mid-Market,Berlin,318802983,8907,573542673,CASE-618358,Partner Portal,Medium,New,API Gateway,2024-12-28,,Yes,Elena Okonkwo,Solutions Architect,5.0,Client in Berlin reported a critical failure in the API Gateway integration causing a audit logs missing entries for the past 48 hours. Error code TIMEOUT-002 appears in logs since 2024-12-28 21:59 UTC. Contact Elena Okonkwo (Solutions Architect) was frustrated during the call and threatened to escalate to executive sponsor. Initial triage confirmed the issue is environment-specific to their US-EAST tenant. Reproduction steps provided; engineering queue updated. A stale CDN cache was purged globally; content now serves correctly in all regions.
001B625D530B51B,Nguyen & Tanaka SA,Prospect,Energy,SMB,Oslo,40825266,32665,551390751,CASE-874508,Web,Low,New,API Gateway,2023-08-07,,Yes,Ahmed Andersen,Senior Engineer,,New onboarding case for Nguyen & Tanaka SA (SMB tier). Primary contact: Ahmed Andersen (Senior Engineer). They are configuring the API Gateway for the first time and encountered difficulty mapping their existing data schema to our object model. Implementation engineer scheduled a 60-minute screenshare for 2023-08-07. Customer provided sandbox credentials; issue reproduced and root cause confirmed. Documentation gap identified — will file internal ticket to update the Quick-Start Guide. Customer confirmed resolution after applying the corrected configuration.
0012622BA501EF3,Okonkwo & Okonkwo AG,Customer,Manufacturing,Enterprise,Copenhagen,124796023,3226,547113201,CASE-426619,Partner Portal,Critical,Resolved,Analytics Dashboard,2025-12-11,2025-12-17,Yes,Sophie Andersen,IT Director,5.0,"Sophie Andersen (IT Director) at Okonkwo & Okonkwo AG contacted support regarding an unexpected charge of $10,979 on their May invoice. Customer claims usage reported by the Analytics Dashboard does not match their internal telemetry. Discrepancy of approximately 11% in API call counts. Finance team has been looped in. Raw usage logs pulled from billing service for 2025-12-11. Preliminary finding: a duplicate event emitter was introduced in v3.0.4 causing double-counting. Credit memo being processed; ETA 5 business days. Engineering identified a misconfigured load-balancer rule; it was corrected and verified."
0014FA811103A4F,Kowalski & Müller Sp. z o.o.,Prospect,Logistics,SMB,Sydney,85758828,38732,585321709,CASE-932681,Email,Critical,New,API Gateway,2023-10-08,,Yes,James Dupont,Senior Engineer,1.0,"Inbound escalation from Kowalski & Müller Sp. z o.o. (Sydney) — James Dupont reports the API Gateway has been failing to sync records since 2023-10-08 03:37 UTC. Approximately 42,999 records are stuck in a PENDING state. Error log snippet shared by customer shows SSL-HANDSHAKE with stack trace pointing to a serialisation issue in the delta-sync processor. Customer is patient but firm and asked for daily status updates. Workaround: manual re-trigger via admin panel unblocks individual batches but is not scalable. Engineering has reproduced the issue in staging with a dataset of matching schema. Workaround provided: client configured batch size to 500 records; permanent fix in sprint 43."
00133CDB0AA5BD4,Johnson & Becker GmbH,Partner,Automotive,Enterprise,London,264990960,35895,541931968,CASE-162255,Chat,High,Closed,Reporting Suite,2024-03-23,2024-04-10,No,Zoe Hassan,Head of Operations,2.0,Ticket raised by Zoe Hassan (Head of Operations) at Johnson & Becker GmbH regarding intermittent authentication failures on the Reporting Suite. Approximately 49% of login attempts return a 401 with error ERR-5500. Issue began after they applied their internal SSO policy update on 2024-03-22. Customer tone: understanding; appreciated the quick response and transparency. Support confirmed SAML assertions are malformed — attribute mapping mismatch in IdP config. Step-by-step remediation guide sent; customer to test in staging before production rollout. Root cause traced to a race condition in the async queue; a mutex lock was introduced.
0016EA69422CAE9,Kowalski & Schmidt AG,Prospect,Energy,SMB,Bratislava,371638842,8411,587392091,CASE-293313,Partner Portal,Critical,Closed,Billing Platform,2024-05-25,2024-05-31,Yes,Tom Williams,IT Manager,1.0,"Tom Williams (IT Manager) at Kowalski & Schmidt AG contacted support regarding an unexpected charge of $11,850 on their March invoice. Customer claims usage reported by the Billing Platform does not match their internal telemetry. Discrepancy of approximately 19% in API call counts. Finance team has been looped in. Raw usage logs pulled from billing service for 2024-05-25. Preliminary finding: a duplicate event emitter was introduced in v2.0.1 causing double-counting. Credit memo being processed; ETA 7 business days. Root cause traced to a race condition in the async queue; a mutex lock was introduced."
0010FAAC2EB7EAA,Becker & Dupont BV,Customer,Retail,SMB,Milan,466934062,24176,553635741,CASE-531097,Chat,Medium,In Progress,Data Sync Engine,2023-01-06,,No,Patrick Schmidt,Platform Architect,5.0,"Inbound escalation from Becker & Dupont BV (Milan) — Patrick Schmidt reports the Data Sync Engine has been failing to sync records since 2023-01-05 22:07 UTC. Approximately 42,118 records are stuck in a PENDING state. Error log snippet shared by customer shows ERR-5500 with stack trace pointing to a serialisation issue in the delta-sync processor. Customer is escalating and looped in their VP of Engineering on the call. Workaround: manual re-trigger via admin panel unblocks individual batches but is not scalable. Engineering has reproduced the issue in staging with a dataset of matching schema. OAuth token refresh logic was patched; all active sessions re-authenticated successfully."
0017FB187DD4D6E,Schmidt & Becker Sp. z o.o.,Reseller,Logistics,Mid-Market,Prague,281971752,18954,537358925,CASE-533485,Phone,Medium,New,Identity & Access Module,2025-09-30,,Yes,Maria Andersen,IT Director,3.0,Client in Prague reported a critical failure in the Identity & Access Module integration causing a invoice generation failures affecting 200+ clients. Error code AUTH-401 appears in logs since 2025-09-27 08:27 UTC. Contact Maria Andersen (IT Director) was understanding during the call and appreciated the quick response and transparency. Initial triage confirmed the issue is environment-specific to their EU-WEST tenant. Reproduction steps provided; engineering queue updated. SSL certificate renewed and propagated across all edge nodes within the maintenance window.
001A8D3392261B9,García & Andersen Sp. z o.o.,Partner,Pharmaceuticals,Enterprise,New York,235718871,8758,512301266,CASE-918946,Email,Low,Pending Customer,Security Manager,2025-07-19,,No,Priya Ferreira,IT Manager,2.0,Ticket raised by Priya Ferreira (IT Manager) at García & Andersen Sp. z o.o. regarding intermittent authentication failures on the Security Manager. Approximately 19% of login attempts return a 401 with error ERR-3301. Issue began after they applied their internal SSO policy update on 2025-07-17. Customer tone: patient but firm; asked for daily status updates. Support confirmed SAML assertions are malformed — attribute mapping mismatch in IdP config. Step-by-step remediation guide sent; customer to test in staging before production rollout. Workaround provided: client configured batch size to 500 records; permanent fix in sprint 43.
00197D7557E9689,Sato & Dupont Ltd.,Partner,Pharmaceuticals,SMB,Warsaw,337396878,32583,580910956,CASE-103534,Email,Critical,In Progress,Data Sync Engine,2024-07-10,,Yes,James Rossi,DevOps Lead,5.0,Ticket raised by James Rossi (DevOps Lead) at Sato & Dupont Ltd. regarding intermittent authentication failures on the Data Sync Engine. Approximately 77% of login attempts return a 401 with error TIMEOUT-002. Issue began after they applied their internal SSO policy update on 2024-07-08. Customer tone: professional; requested SLA credit per the MSA terms. Support confirmed SAML assertions are malformed — attribute mapping mismatch in IdP config. Step-by-step remediation guide sent; customer to test in staging before production rollout. A hotfix (v2.4.7) was deployed to production at 03:14 UTC resolving the root cause.
0018953759B6E20,García & Nguyen Corp.,Reseller,Retail,Mid-Market,Brussels,253824941,40945,536342744,CASE-356779,Web,Critical,New,Data Sync Engine,2024-09-19,,Yes,Tom Sato,Technical Account Manager,3.0,"Tom Sato (Technical Account Manager) at García & Nguyen Corp. contacted support regarding an unexpected charge of $7,923 on their April invoice. Customer claims usage reported by the Data Sync Engine does not match their internal telemetry. Discrepancy of approximately 39% in API call counts. Finance team has been looped in. Raw usage logs pulled from billing service for 2024-09-16. Preliminary finding: a duplicate event emitter was introduced in v3.7.3 causing double-counting. Credit memo being processed; ETA 5 business days. The customer's IP range was added to the allowlist following security review approval."
0012CDC23205C58,Ferreira & Becker S.r.l.,Reseller,Media & Entertainment,Enterprise,Munich,386204688,8904,539626168,CASE-873874,Email,High,Resolved,Data Sync Engine,2023-10-08,2023-10-29,Yes,Maria García,VP of Engineering,,Client in Munich reported a critical failure in the Data Sync Engine integration causing a mobile app crashes on launch for iOS 17+. Error code ERR-5021 appears in logs since 2023-10-07 13:55 UTC. Contact Maria García (VP of Engineering) was frustrated during the call and threatened to escalate to executive sponsor. Initial triage confirmed the issue is environment-specific to their PROD-2 tenant. Reproduction steps provided; engineering queue updated. Engineering identified a misconfigured load-balancer rule; it was corrected and verified.
001832BC796DF6E,Andersen & Williams S.r.l.,Prospect,Automotive,Strategic,Vienna,290987505,10956,598220912,CASE-894114,Phone,Low,Closed,Identity & Access Module,2023-07-11,2023-07-26,Yes,Sophie Rossi,Platform Architect,4.0,Client in Vienna reported a critical failure in the Identity & Access Module integration causing a complete loss of SSO functionality. Error code ERR-4403 appears in logs since 2023-07-09 07:39 UTC. Contact Sophie Rossi (Platform Architect) was critical during the call and stated this is blocking their go-live scheduled for next Friday. Initial triage confirmed the issue is environment-specific to their US-EAST tenant. Reproduction steps provided; engineering queue updated. Data migration script re-run with corrected field mappings; record integrity confirmed.
001F5B089FBCEAF,Dupont & Sato GmbH,Partner,Financial Services,Strategic,Vienna,396428877,2972,534077528,CASE-305369,Email,High,In Progress,Workflow Automation,2024-12-31,,Yes,Yuki Schmidt,DevOps Lead,3.0,Yuki Schmidt from Dupont & Sato GmbH opened this case after observing severe latency in the Workflow Automation. Average response times increased from ~200ms to over 3s beginning around 2024-12-28 17:44 UTC. Affects approximately 348 concurrent users in their APAC region. Customer is distressed and mentioned potential contractual penalties if unresolved by EOD. Support engineer ran a distributed trace; bottleneck identified at the database read replica. Metrics attached to case for engineering review. OAuth token refresh logic was patched; all active sessions re-authenticated successfully.
0017A30422D81A0,Tanaka & Rossi Inc.,Prospect,Manufacturing,Enterprise,Singapore,19360008,34942,533500952,CASE-817686,Chat,Critical,In Progress,Data Sync Engine,2024-02-23,,Yes,Fatima Becker,Solutions Architect,1.0,"Inbound escalation from Tanaka & Rossi Inc. (Singapore) — Fatima Becker reports the Data Sync Engine has been failing to sync records since 2024-02-21 20:48 UTC. Approximately 5,298 records are stuck in a PENDING state. Error log snippet shared by customer shows ERR-5500 with stack trace pointing to a serialisation issue in the delta-sync processor. Customer is escalating and looped in their VP of Engineering on the call. Workaround: manual re-trigger via admin panel unblocks individual batches but is not scalable. Engineering has reproduced the issue in staging with a dataset of matching schema. Root cause traced to a race condition in the async queue; a mutex lock was introduced."
001EB0F298D3A64,Sato & García Sp. z o.o.,Prospect,Energy,Mid-Market,London,170006362,17064,591373700,CASE-324549,Phone,High,Pending Customer,Analytics Dashboard,2024-06-29,,No,Clara Novak,IT Manager,3.0,Clara Novak from Sato & García Sp. z o.o. opened this case after observing severe latency in the Analytics Dashboard. Average response times increased from ~200ms to over 15s beginning around 2024-06-27 14:10 UTC. Affects approximately 284 concurrent users in their APAC region. Customer is professional and requested SLA credit per the MSA terms. Support engineer ran a distributed trace; bottleneck identified at the database read replica. Metrics attached to case for engineering review. Engineering identified a misconfigured load-balancer rule; it was corrected and verified.
001476A55939F87,Tanaka & Müller S.r.l.,Partner,Healthcare,Mid-Market,Bratislava,129608279,3336,578238437,CASE-999996,Partner Portal,Critical,In Progress,API Gateway,2024-04-15,,Yes,Omar Sato,IT Director,5.0,"Omar Sato (IT Director) at Tanaka & Müller S.r.l. contacted support regarding an unexpected charge of $9,248 on their March invoice. Customer claims usage reported by the API Gateway does not match their internal telemetry. Discrepancy of approximately 26% in API call counts. Finance team has been looped in. Raw usage logs pulled from billing service for 2024-04-15. Preliminary finding: a duplicate event emitter was introduced in v4.8.1 causing double-counting. Credit memo being processed; ETA 4 business days. A stale CDN cache was purged globally; content now serves correctly in all regions."
001CDE833DDA343,Johnson & Rossi S.r.l.,Reseller,Pharmaceuticals,Mid-Market,Copenhagen,387540890,41550,583380359,CASE-184050,Web,Low,New,Analytics Dashboard,2023-04-01,,Yes,Carlos Tanaka,IT Director,5.0,"Carlos Tanaka (IT Director) at Johnson & Rossi S.r.l. contacted support regarding an unexpected charge of $4,727 on their May invoice. Customer claims usage reported by the Analytics Dashboard does not match their internal telemetry. Discrepancy of approximately 6% in API call counts. Finance team has been looped in. Raw usage logs pulled from billing service for 2023-03-29. Preliminary finding: a duplicate event emitter was introduced in v2.0.0 causing double-counting. Credit memo being processed; ETA 7 business days. Workaround provided: client configured batch size to 500 records; permanent fix in sprint 43."
0011D14172536DE,Rossi & Rossi Ltd.,Prospect,Media & Entertainment,Enterprise,Munich,31234557,41353,591184381,CASE-127096,Email,Medium,Pending Customer,Data Sync Engine,2024-10-22,,Yes,Henrik Sato,Solutions Architect,4.0,New onboarding case for Rossi & Rossi Ltd. (Enterprise tier). Primary contact: Henrik Sato (Solutions Architect). They are configuring the Data Sync Engine for the first time and encountered CORS policy errors when calling the API from their SPA. Implementation engineer scheduled a 60-minute screenshare for 2024-10-21. Customer provided sandbox credentials; issue reproduced and root cause confirmed. Documentation gap identified — will file internal ticket to update the Quick-Start Guide. Customer confirmed resolution after applying the corrected configuration.
00124D2F09F0712,Sato & Novak Sp. z o.o.,Partner,Automotive,SMB,Helsinki,94841622,18948,577298838,CASE-751852,Phone,Medium,New,Billing Platform,2024-06-18,,No,Ahmed Williams,DevOps Lead,4.0,"Inbound escalation from Sato & Novak Sp. z o.o. (Helsinki) — Ahmed Williams reports the Billing Platform has been failing to sync records since 2024-06-17 02:34 UTC. Approximately 33,736 records are stuck in a PENDING state. Error log snippet shared by customer shows AUTH-401 with stack trace pointing to a serialisation issue in the delta-sync processor. Customer is frustrated and threatened to escalate to executive sponsor. Workaround: manual re-trigger via admin panel unblocks individual batches but is not scalable. Engineering has reproduced the issue in staging with a dataset of matching schema. SSL certificate renewed and propagated across all edge nodes within the maintenance window."
00104946DA4565D,Rossi & Larsson S.r.l.,Reseller,Financial Services,Enterprise,Munich,302759132,8067,541648778,CASE-533032,Email,Medium,Pending Customer,API Gateway,2024-06-19,,Yes,Henrik Okonkwo,DevOps Lead,3.0,"Henrik Okonkwo (DevOps Lead) at Rossi & Larsson S.r.l. contacted support regarding an unexpected charge of $6,254 on their March invoice. Customer claims usage reported by the API Gateway does not match their internal telemetry. Discrepancy of approximately 28% in API call counts. Finance team has been looped in. Raw usage logs pulled from billing service for 2024-06-18. Preliminary finding: a duplicate event emitter was introduced in v3.2.9 causing double-counting. Credit memo being processed; ETA 5 business days. Workaround provided: client configured batch size to 500 records; permanent fix in sprint 43."
001F6481DF3D79B,Williams & Novak Sp. z o.o.,Partner,Pharmaceuticals,Enterprise,Berlin,68020472,4238,518148595,CASE-380819,Phone,Critical,New,Reporting Suite,2023-04-19,,No,Ingrid Williams,Technical Account Manager,3.0,Ticket raised by Ingrid Williams (Technical Account Manager) at Williams & Novak Sp. z o.o. regarding intermittent authentication failures on the Reporting Suite. Approximately 76% of login attempts return a 401 with error DB-CONN-ERR. Issue began after they applied their internal SSO policy update on 2023-04-16. Customer tone: very concerned; requested a post-mortem report within 48 hours. Support confirmed SAML assertions are malformed — attribute mapping mismatch in IdP config. Step-by-step remediation guide sent; customer to test in staging before production rollout. Workaround provided: client configured batch size to 500 records; permanent fix in sprint 43.
001F7EF1D804B7E,García & Hassan AG,Customer,Technology,SMB,Munich,76467744,45665,563698183,CASE-749146,Web,High,In Progress,Analytics Dashboard,2025-08-28,,Yes,Carlos Nguyen,IT Manager,4.0,Ticket raised by Carlos Nguyen (IT Manager) at García & Hassan AG regarding intermittent authentication failures on the Analytics Dashboard. Approximately 25% of login attempts return a 401 with error ERR-5021. Issue began after they applied their internal SSO policy update on 2025-08-25. Customer tone: understanding; appreciated the quick response and transparency. Support confirmed SAML assertions are malformed — attribute mapping mismatch in IdP config. Step-by-step remediation guide sent; customer to test in staging before production rollout. OAuth token refresh logic was patched; all active sessions re-authenticated successfully.
00112C972581BB1,Rossi & Ferreira GmbH,Reseller,Media & Entertainment,Mid-Market,Budapest,84612644,23254,560152461,CASE-894462,Web,Critical,Closed,Workflow Automation,2025-12-18,2026-01-17,Yes,Fatima Andersen,IT Manager,4.0,Ticket raised by Fatima Andersen (IT Manager) at Rossi & Ferreira GmbH regarding intermittent authentication failures on the Workflow Automation. Approximately 52% of login attempts return a 401 with error TIMEOUT-002. Issue began after they applied their internal SSO policy update on 2025-12-15. Customer tone: escalating; looped in their VP of Engineering on the call. Support confirmed SAML assertions are malformed — attribute mapping mismatch in IdP config. Step-by-step remediation guide sent; customer to test in staging before production rollout. The customer's IP range was added to the allowlist following security review approval.
001094F97A544DE,Andersen & Kim S.r.l.,Customer,Manufacturing,SMB,Sydney,414984153,14812,524625059,CASE-486265,Email,High,Resolved,Identity & Access Module,2023-02-17,2023-03-05,Yes,Fatima Becker,Technical Account Manager,3.0,New onboarding case for Andersen & Kim S.r.l. (SMB tier). Primary contact: Fatima Becker (Technical Account Manager). They are configuring the Identity & Access Module for the first time and encountered confusion around webhook signature verification. Implementation engineer scheduled a 60-minute screenshare for 2023-02-17. Customer provided sandbox credentials; issue reproduced and root cause confirmed. Documentation gap identified — will file internal ticket to update the Quick-Start Guide. Customer confirmed resolution after applying the corrected configuration.
00171795B29D811,Johnson & García Ltd.,Partner,Insurance,Enterprise,Lisbon,445311282,34495,544590202,CASE-715641,Web,Critical,Escalated,Workflow Automation,2023-03-18,,No,Maria Kim,Platform Architect,2.0,New onboarding case for Johnson & García Ltd. (Enterprise tier). Primary contact: Maria Kim (Platform Architect). They are configuring the Workflow Automation for the first time and encountered confusion around webhook signature verification. Implementation engineer scheduled a 60-minute screenshare for 2023-03-16. Customer provided sandbox credentials; issue reproduced and root cause confirmed. Documentation gap identified — will file internal ticket to update the Quick-Start Guide. Customer confirmed resolution after applying the corrected configuration.
001E9AE62A20A14,Müller & Williams Ltd.,Partner,Healthcare,Enterprise,London,264952442,14217,528080062,CASE-524667,Web,High,Closed,Security Manager,2025-07-20,2025-07-22,Yes,Sophie Novak,Platform Architect,4.0,"Sophie Novak (Platform Architect) at Müller & Williams Ltd. contacted support regarding an unexpected charge of $14,205 on their March invoice. Customer claims usage reported by the Security Manager does not match their internal telemetry. Discrepancy of approximately 9% in API call counts. Finance team has been looped in. Raw usage logs pulled from billing service for 2025-07-17. Preliminary finding: a duplicate event emitter was introduced in v2.9.8 causing double-counting. Credit memo being processed; ETA 5 business days. The third-party payment gateway's IP whitelist was updated to include the new NAT range."
001FB89A144822E,Schmidt & Schmidt Corp.,Customer,Healthcare,Strategic,Prague,295639648,8392,590154379,CASE-649317,Phone,High,Pending Customer,Integration Hub,2025-04-13,,No,Yuki García,VP of Engineering,3.0,Ticket raised by Yuki García (VP of Engineering) at Schmidt & Schmidt Corp. regarding intermittent authentication failures on the Integration Hub. Approximately 68% of login attempts return a 401 with error ERR-3301. Issue began after they applied their internal SSO policy update on 2025-04-13. Customer tone: distressed; mentioned potential contractual penalties if unresolved by EOD. Support confirmed SAML assertions are malformed — attribute mapping mismatch in IdP config. Step-by-step remediation guide sent; customer to test in staging before production rollout. Workaround provided: client configured batch size to 500 records; permanent fix in sprint 43.
001F16CF6D58C10,Tanaka & Müller AG,Prospect,Insurance,Enterprise,Stockholm,58941694,35348,549224257,CASE-336814,Email,Low,New,Mobile SDK,2023-01-07,,No,Clara Larsson,DevOps Lead,3.0,"Clara Larsson (DevOps Lead) at Tanaka & Müller AG contacted support regarding an unexpected charge of $13,930 on their March invoice. Customer claims usage reported by the Mobile SDK does not match their internal telemetry. Discrepancy of approximately 13% in API call counts. Finance team has been looped in. Raw usage logs pulled from billing service for 2023-01-06. Preliminary finding: a duplicate event emitter was introduced in v3.3.2 causing double-counting. Credit memo being processed; ETA 7 business days. The database index was rebuilt and query performance restored to baseline."
00116F127048D8B,Rossi & Rossi SA,Prospect,Insurance,Mid-Market,Amsterdam,70321379,34067,581954799,CASE-527030,Phone,Medium,Closed,Data Sync Engine,2024-05-06,2024-05-29,Yes,Daniel Becker,CTO,3.0,"Customer Daniel Becker at Rossi & Rossi SA (Tier: Mid-Market, Industry: Insurance) submitted a formal feature request for the Data Sync Engine. Request: ability to configure per-user rate limits via API. Business justification: compliance with HIPAA §164.312 audit requirements. Use case documented and forwarded to Product Management. Customer expects a roadmap commitment within 4 quarters. PM acknowledged receipt; item added to the backlog with Medium priority scoring."
001811ED783B93F,Müller & García GmbH,Reseller,Media & Entertainment,Enterprise,Budapest,475383583,39818,521862128,CASE-957915,Phone,Low,Pending Customer,Integration Hub,2023-07-16,,Yes,Ingrid Schmidt,Head of Operations,5.0,Ingrid Schmidt from Müller & García GmbH opened this case after observing severe latency in the Integration Hub. Average response times increased from ~200ms to over 4s beginning around 2023-07-16 23:08 UTC. Affects approximately 174 concurrent users in their AMER region. Customer is distressed and mentioned potential contractual penalties if unresolved by EOD. Support engineer ran a distributed trace; bottleneck identified at the database read replica. Metrics attached to case for engineering review. OAuth token refresh logic was patched; all active sessions re-authenticated successfully.
001411628DA1CFD,Novak & Patel AB,Reseller,Manufacturing,Mid-Market,London,228387505,36800,596456474,CASE-249522,Partner Portal,High,Closed,Billing Platform,2024-11-28,2024-12-13,Yes,Ingrid Hassan,Technical Account Manager,3.0,Client in London reported a critical failure in the Billing Platform integration causing a complete loss of SSO functionality. Error code ERR-4009 appears in logs since 2024-11-26 01:52 UTC. Contact Ingrid Hassan (Technical Account Manager) was frustrated during the call and threatened to escalate to executive sponsor. Initial triage confirmed the issue is environment-specific to their AP-SOUTH tenant. Reproduction steps provided; engineering queue updated. The customer's IP range was added to the allowlist following security review approval.
001FCACF78FB79E,Hassan & Tanaka AB,Prospect,Pharmaceuticals,Strategic,Munich,330411760,47448,526661403,CASE-155994,Phone,Medium,Closed,Identity & Access Module,2024-12-02,2024-12-09,No,Zoe Novak,CTO,,Zoe Novak from Hassan & Tanaka AB opened this case after observing severe latency in the Identity & Access Module. Average response times increased from ~200ms to over 11s beginning around 2024-11-30 07:30 UTC. Affects approximately 198 concurrent users in their AMER region. Customer is frustrated and threatened to escalate to executive sponsor. Support engineer ran a distributed trace; bottleneck identified at the database read replica. Metrics attached to case for engineering review. Data migration script re-run with corrected field mappings; record integrity confirmed.
00177182F9940A4,Patel & Nguyen Corp.,Reseller,Healthcare,SMB,Toronto,412080539,40936,586868540,CASE-947322,Chat,Medium,Closed,Billing Platform,2024-01-08,2024-02-07,No,Tom Sato,Technical Account Manager,,"Tom Sato (Technical Account Manager) at Patel & Nguyen Corp. contacted support regarding an unexpected charge of $14,767 on their July invoice. Customer claims usage reported by the Billing Platform does not match their internal telemetry. Discrepancy of approximately 23% in API call counts. Finance team has been looped in. Raw usage logs pulled from billing service for 2024-01-08. Preliminary finding: a duplicate event emitter was introduced in v2.8.5 causing double-counting. Credit memo being processed; ETA 6 business days. Root cause traced to a race condition in the async queue; a mutex lock was introduced."
001B0F2B1F7C6A6,Sato & Williams Ltd.,Partner,Insurance,Mid-Market,Tokyo,158571790,9269,567696791,CASE-523847,Partner Portal,Critical,In Progress,Analytics Dashboard,2024-11-07,,No,Marcus Kim,IT Director,5.0,Marcus Kim from Sato & Williams Ltd. opened this case after observing severe latency in the Analytics Dashboard. Average response times increased from ~200ms to over 11s beginning around 2024-11-07 09:01 UTC. Affects approximately 252 concurrent users in their EMEA region. Customer is frustrated and threatened to escalate to executive sponsor. Support engineer ran a distributed trace; bottleneck identified at the database read replica. Metrics attached to case for engineering review. Root cause traced to a race condition in the async queue; a mutex lock was introduced.
001BB02169BD414,Novak & Johnson S.r.l.,Prospect,Healthcare,Strategic,Tokyo,349567877,15998,579821206,CASE-245251,Partner Portal,Critical,Closed,Mobile SDK,2023-03-04,2023-03-14,Yes,Carlos Kim,Technical Account Manager,,Carlos Kim from Novak & Johnson S.r.l. opened this case after observing severe latency in the Mobile SDK. Average response times increased from ~200ms to over 9s beginning around 2023-03-01 05:47 UTC. Affects approximately 464 concurrent users in their AMER region. Customer is critical and stated this is blocking their go-live scheduled for next Friday. Support engineer ran a distributed trace; bottleneck identified at the database read replica. Metrics attached to case for engineering review. Engineering identified a misconfigured load-balancer rule; it was corrected and verified.
0017189809FD9A2,Tanaka & Becker SA,Reseller,Media & Entertainment,Strategic,Milan,185568759,26678,594604525,CASE-176340,Email,Critical,Pending Customer,Workflow Automation,2023-03-03,,No,Elena Novak,VP of Engineering,4.0,New onboarding case for Tanaka & Becker SA (Strategic tier). Primary contact: Elena Novak (VP of Engineering). They are configuring the Workflow Automation for the first time and encountered CORS policy errors when calling the API from their SPA. Implementation engineer scheduled a 60-minute screenshare for 2023-03-02. Customer provided sandbox credentials; issue reproduced and root cause confirmed. Documentation gap identified — will file internal ticket to update the Quick-Start Guide. Customer confirmed resolution after applying the corrected configuration.
0013BF2666042E5,García & Andersen AB,Prospect,Automotive,Mid-Market,Sydney,456713325,33369,546493995,CASE-756451,Phone,Critical,Resolved,Identity & Access Module,2025-12-18,2025-12-25,Yes,Sophie Andersen,Head of Operations,4.0,Sophie Andersen from García & Andersen AB opened this case after observing severe latency in the Identity & Access Module. Average response times increased from ~200ms to over 3s beginning around 2025-12-16 18:21 UTC. Affects approximately 13 concurrent users in their AMER region. Customer is escalating and looped in their VP of Engineering on the call. Support engineer ran a distributed trace; bottleneck identified at the database read replica. Metrics attached to case for engineering review. The customer's IP range was added to the allowlist following security review approval.
0011731C3E8B8A3,García & Rossi AG,Customer,Insurance,Strategic,Budapest,26224785,4349,560357342,CASE-653451,Phone,Medium,Escalated,Mobile SDK,2023-05-09,,Yes,Omar Hassan,Platform Architect,3.0,New onboarding case for García & Rossi AG (Strategic tier). Primary contact: Omar Hassan (Platform Architect). They are configuring the Mobile SDK for the first time and encountered SSL pinning failures in their mobile build pipeline. Implementation engineer scheduled a 60-minute screenshare for 2023-05-09. Customer provided sandbox credentials; issue reproduced and root cause confirmed. Documentation gap identified — will file internal ticket to update the Quick-Start Guide. Customer confirmed resolution after applying the corrected configuration.
0018CC848B0E17A,García & Sato Sp. z o.o.,Prospect,Media & Entertainment,SMB,Paris,118885816,41789,547554150,CASE-383242,Phone,Low,New,API Gateway,2025-07-17,,No,Henrik Hassan,IT Manager,4.0,"Customer Henrik Hassan at García & Sato Sp. z o.o. (Tier: SMB, Industry: Media & Entertainment) submitted a formal feature request for the API Gateway. Request: ability to receive webhook retries with exponential backoff. Business justification: compliance with GDPR Article 30 audit requirements. Use case documented and forwarded to Product Management. Customer expects a roadmap commitment within 4 quarters. PM acknowledged receipt; item added to the backlog with High priority scoring."
001E4F86F23B895,Larsson & Schmidt S.r.l.,Reseller,Media & Entertainment,Strategic,Berlin,495939992,25206,516401529,CASE-268791,Partner Portal,Critical,Pending Customer,Analytics Dashboard,2025-04-05,,Yes,Clara Tanaka,VP of Engineering,,"Customer Clara Tanaka at Larsson & Schmidt S.r.l. (Tier: Strategic, Industry: Media & Entertainment) submitted a formal feature request for the Analytics Dashboard. Request: ability to schedule reports at sub-hourly intervals. Business justification: compliance with PCI-DSS 4.0 audit requirements. Use case documented and forwarded to Product Management. Customer expects a roadmap commitment within 3 quarters. PM acknowledged receipt; item added to the backlog with High priority scoring."
0019ADC545260EC,Patel & García BV,Customer,Retail,Mid-Market,Amsterdam,249745026,707,537503499,CASE-990813,Email,Critical,Resolved,Reporting Suite,2024-04-20,2024-05-04,Yes,Daniel Larsson,IT Manager,5.0,Client in Amsterdam reported a critical failure in the Reporting Suite integration causing a 30% drop in data syncs. Error code AUTH-401 appears in logs since 2024-04-20 04:59 UTC. Contact Daniel Larsson (IT Manager) was patient but firm during the call and asked for daily status updates. Initial triage confirmed the issue is environment-specific to their EU-WEST tenant. Reproduction steps provided; engineering queue updated. OAuth token refresh logic was patched; all active sessions re-authenticated successfully.
0010D08D8DAA52B,Larsson & Nguyen AG,Prospect,Energy,Mid-Market,New York,165372118,17350,589531389,CASE-151573,Email,Medium,New,Integration Hub,2024-10-12,,Yes,Aisha Sato,Platform Architect,1.0,Aisha Sato from Larsson & Nguyen AG opened this case after observing severe latency in the Integration Hub. Average response times increased from ~200ms to over 7s beginning around 2024-10-11 14:31 UTC. Affects approximately 271 concurrent users in their EMEA region. Customer is professional and requested SLA credit per the MSA terms. Support engineer ran a distributed trace; bottleneck identified at the database read replica. Metrics attached to case for engineering review. Engineering identified a misconfigured load-balancer rule; it was corrected and verified.
00166301E5C7987,Nguyen & Kowalski S.r.l.,Reseller,Technology,SMB,Budapest,358741264,33655,532859720,CASE-295714,Phone,Critical,Pending Customer,API Gateway,2024-04-29,,Yes,Tom Dupont,VP of Engineering,5.0,Tom Dupont from Nguyen & Kowalski S.r.l. opened this case after observing severe latency in the API Gateway. Average response times increased from ~200ms to over 10s beginning around 2024-04-26 06:43 UTC. Affects approximately 467 concurrent users in their AMER region. Customer is very concerned and requested a post-mortem report within 48 hours. Support engineer ran a distributed trace; bottleneck identified at the database read replica. Metrics attached to case for engineering review. The customer's IP range was added to the allowlist following security review approval.
001932A1EC39054,Kowalski & Williams Sp. z o.o.,Partner,Healthcare,Mid-Market,Madrid,471144163,7545,579162437,CASE-285825,Partner Portal,Medium,In Progress,Billing Platform,2025-11-29,,No,Aisha Okonkwo,Platform Architect,,New onboarding case for Kowalski & Williams Sp. z o.o. (Mid-Market tier). Primary contact: Aisha Okonkwo (Platform Architect). They are configuring the Billing Platform for the first time and encountered difficulty mapping their existing data schema to our object model. Implementation engineer scheduled a 60-minute screenshare for 2025-11-26. Customer provided sandbox credentials; issue reproduced and root cause confirmed. Documentation gap identified — will file internal ticket to update the Quick-Start Guide. Customer confirmed resolution after applying the corrected configuration.
001DF18F3AD2195,Kowalski & Müller AB,Partner,Insurance,Strategic,Zurich,462263237,1023,559001054,CASE-901674,Phone,Low,Pending Customer,API Gateway,2025-10-06,,Yes,Sophie Ferreira,Solutions Architect,,Sophie Ferreira from Kowalski & Müller AB opened this case after observing severe latency in the API Gateway. Average response times increased from ~200ms to over 5s beginning around 2025-10-03 12:43 UTC. Affects approximately 124 concurrent users in their AMER region. Customer is patient but firm and asked for daily status updates. Support engineer ran a distributed trace; bottleneck identified at the database read replica. Metrics attached to case for engineering review. The third-party payment gateway's IP whitelist was updated to include the new NAT range.
00122B0BAD7FCCD,Ferreira & Dupont SA,Customer,Automotive,Mid-Market,Copenhagen,281196222,42693,533382705,CASE-176287,Partner Portal,High,Closed,Data Sync Engine,2025-03-16,2025-03-20,Yes,Daniel Novak,IT Manager,5.0,"Daniel Novak (IT Manager) at Ferreira & Dupont SA contacted support regarding an unexpected charge of $6,719 on their June invoice. Customer claims usage reported by the Data Sync Engine does not match their internal telemetry. Discrepancy of approximately 7% in API call counts. Finance team has been looped in. Raw usage logs pulled from billing service for 2025-03-14. Preliminary finding: a duplicate event emitter was introduced in v4.9.8 causing double-counting. Credit memo being processed; ETA 7 business days. A stale CDN cache was purged globally; content now serves correctly in all regions."
00100306DEB980A,Müller & Williams Ltd.,Prospect,Energy,SMB,Zurich,272887485,19137,597022836,CASE-236302,Web,Medium,Resolved,Integration Hub,2023-02-03,2023-02-26,Yes,Maria Okonkwo,Head of Operations,5.0,"Inbound escalation from Müller & Williams Ltd. (Zurich) — Maria Okonkwo reports the Integration Hub has been failing to sync records since 2023-02-02 04:57 UTC. Approximately 19,083 records are stuck in a PENDING state. Error log snippet shared by customer shows TIMEOUT-002 with stack trace pointing to a serialisation issue in the delta-sync processor. Customer is very concerned and requested a post-mortem report within 48 hours. Workaround: manual re-trigger via admin panel unblocks individual batches but is not scalable. Engineering has reproduced the issue in staging with a dataset of matching schema. SSL certificate renewed and propagated across all edge nodes within the maintenance window."
00160D9C9BB36EB,Novak & Nguyen Sp. z o.o.,Partner,Pharmaceuticals,Strategic,Tokyo,14575620,40352,570667274,CASE-388253,Chat,Critical,Resolved,API Gateway,2025-06-22,2025-06-28,Yes,Yuki Johnson,IT Manager,5.0,"Inbound escalation from Novak & Nguyen Sp. z o.o. (Tokyo) — Yuki Johnson reports the API Gateway has been failing to sync records since 2025-06-22 11:59 UTC. Approximately 32,933 records are stuck in a PENDING state. Error log snippet shared by customer shows SSL-HANDSHAKE with stack trace pointing to a serialisation issue in the delta-sync processor. Customer is distressed and mentioned potential contractual penalties if unresolved by EOD. Workaround: manual re-trigger via admin panel unblocks individual batches but is not scalable. Engineering has reproduced the issue in staging with a dataset of matching schema. The customer's IP range was added to the allowlist following security review approval."
0015AB3F79189AC,Okonkwo & Hassan Corp.,Prospect,Energy,Mid-Market,Brussels,366411205,34376,510087862,CASE-517955,Email,High,New,Security Manager,2025-06-12,,Yes,Ahmed Tanaka,Platform Architect,,"Inbound escalation from Okonkwo & Hassan Corp. (Brussels) — Ahmed Tanaka reports the Security Manager has been failing to sync records since 2025-06-09 22:54 UTC. Approximately 2,459 records are stuck in a PENDING state. Error log snippet shared by customer shows TIMEOUT-002 with stack trace pointing to a serialisation issue in the delta-sync processor. Customer is understanding and appreciated the quick response and transparency. Workaround: manual re-trigger via admin panel unblocks individual batches but is not scalable. Engineering has reproduced the issue in staging with a dataset of matching schema. Root cause traced to a race condition in the async queue; a mutex lock was introduced."
001001D2C02896A,Novak & Patel BV,Reseller,Media & Entertainment,SMB,Prague,247828813,38911,562890778,CASE-305633,Email,Medium,In Progress,Reporting Suite,2023-03-20,,Yes,Yuki Andersen,Senior Engineer,1.0,Ticket raised by Yuki Andersen (Senior Engineer) at Novak & Patel BV regarding intermittent authentication failures on the Reporting Suite. Approximately 22% of login attempts return a 401 with error DB-CONN-ERR. Issue began after they applied their internal SSO policy update on 2023-03-20. Customer tone: escalating; looped in their VP of Engineering on the call. Support confirmed SAML assertions are malformed — attribute mapping mismatch in IdP config. Step-by-step remediation guide sent; customer to test in staging before production rollout. Workaround provided: client configured batch size to 500 records; permanent fix in sprint 43.
001F28135D8A507,Rossi & Okonkwo Inc.,Reseller,Technology,Strategic,Bratislava,96008569,22511,562220968,CASE-275824,Partner Portal,High,Closed,Identity & Access Module,2024-02-03,2024-02-13,No,Yuki Andersen,Head of Operations,5.0,New onboarding case for Rossi & Okonkwo Inc. (Strategic tier). Primary contact: Yuki Andersen (Head of Operations). They are configuring the Identity & Access Module for the first time and encountered confusion around webhook signature verification. Implementation engineer scheduled a 60-minute screenshare for 2024-02-03. Customer provided sandbox credentials; issue reproduced and root cause confirmed. Documentation gap identified — will file internal ticket to update the Quick-Start Guide. Customer confirmed resolution after applying the corrected configuration.
001482911A16B56,Novak & Nguyen BV,Reseller,Retail,SMB,Toronto,279101101,17236,561845501,CASE-991417,Partner Portal,Medium,Closed,Integration Hub,2025-01-27,2025-02-26,Yes,Marcus Dupont,Senior Engineer,5.0,Client in Toronto reported a critical failure in the Integration Hub integration causing a audit logs missing entries for the past 48 hours. Error code SYNC-FAIL-07 appears in logs since 2025-01-27 07:55 UTC. Contact Marcus Dupont (Senior Engineer) was critical during the call and stated this is blocking their go-live scheduled for next Friday. Initial triage confirmed the issue is environment-specific to their AP-SOUTH tenant. Reproduction steps provided; engineering queue updated. A stale CDN cache was purged globally; content now serves correctly in all regions.
0011A7C94100E36,Kowalski & Patel GmbH,Prospect,Financial Services,Mid-Market,Zurich,312946501,15477,546122524,CASE-931994,Phone,Critical,Closed,Billing Platform,2023-09-03,2023-09-29,Yes,Isabella Williams,Platform Architect,2.0,"Isabella Williams (Platform Architect) at Kowalski & Patel GmbH contacted support regarding an unexpected charge of $6,663 on their May invoice. Customer claims usage reported by the Billing Platform does not match their internal telemetry. Discrepancy of approximately 10% in API call counts. Finance team has been looped in. Raw usage logs pulled from billing service for 2023-09-03. Preliminary finding: a duplicate event emitter was introduced in v3.4.7 causing double-counting. Credit memo being processed; ETA 2 business days. The third-party payment gateway's IP whitelist was updated to include the new NAT range."
001CF77520EF13F,Kowalski & Hassan AG,Prospect,Retail,Enterprise,Copenhagen,25084484,1062,593318446,CASE-378663,Email,Critical,Pending Customer,Identity & Access Module,2023-12-22,,Yes,Carlos Becker,Platform Architect,,New onboarding case for Kowalski & Hassan AG (Enterprise tier). Primary contact: Carlos Becker (Platform Architect). They are configuring the Identity & Access Module for the first time and encountered CORS policy errors when calling the API from their SPA. Implementation engineer scheduled a 60-minute screenshare for 2023-12-20. Customer provided sandbox credentials; issue reproduced and root cause confirmed. Documentation gap identified — will file internal ticket to update the Quick-Start Guide. Customer confirmed resolution after applying the corrected configuration.
0015A8E4378BE57,Novak & Müller Corp.,Prospect,Logistics,Mid-Market,New York,194303203,8514,541542499,CASE-985734,Partner Portal,Medium,New,Reporting Suite,2025-02-23,,No,Marcus Kowalski,IT Director,1.0,New onboarding case for Novak & Müller Corp. (Mid-Market tier). Primary contact: Marcus Kowalski (IT Director). They are configuring the Reporting Suite for the first time and encountered confusion around webhook signature verification. Implementation engineer scheduled a 60-minute screenshare for 2025-02-23. Customer provided sandbox credentials; issue reproduced and root cause confirmed. Documentation gap identified — will file internal ticket to update the Quick-Start Guide. Customer confirmed resolution after applying the corrected configuration.
001D31B182B2792,Novak & Ferreira SA,Reseller,Pharmaceuticals,Strategic,Copenhagen,379585437,22153,578479007,CASE-453669,Web,Medium,In Progress,Mobile SDK,2023-04-30,,No,Ingrid Ferreira,DevOps Lead,3.0,New onboarding case for Novak & Ferreira SA (Strategic tier). Primary contact: Ingrid Ferreira (DevOps Lead). They are configuring the Mobile SDK for the first time and encountered difficulty mapping their existing data schema to our object model. Implementation engineer scheduled a 60-minute screenshare for 2023-04-28. Customer provided sandbox credentials; issue reproduced and root cause confirmed. Documentation gap identified — will file internal ticket to update the Quick-Start Guide. Customer confirmed resolution after applying the corrected configuration.
001A606E1A1F844,Becker & Okonkwo GmbH,Customer,Insurance,SMB,Toronto,84221332,20119,559996586,CASE-770213,Email,High,New,Analytics Dashboard,2025-10-25,,Yes,Sophie Rossi,IT Director,2.0,New onboarding case for Becker & Okonkwo GmbH (SMB tier). Primary contact: Sophie Rossi (IT Director). They are configuring the Analytics Dashboard for the first time and encountered confusion around webhook signature verification. Implementation engineer scheduled a 60-minute screenshare for 2025-10-24. Customer provided sandbox credentials; issue reproduced and root cause confirmed. Documentation gap identified — will file internal ticket to update the Quick-Start Guide. Customer confirmed resolution after applying the corrected configuration.
0013E2270220F34,Müller & Hassan Ltd.,Customer,Healthcare,SMB,Tokyo,152922743,19884,548166551,CASE-992466,Partner Portal,Low,In Progress,Workflow Automation,2023-05-22,,No,Daniel Kowalski,IT Manager,5.0,"Daniel Kowalski (IT Manager) at Müller & Hassan Ltd. contacted support regarding an unexpected charge of $10,357 on their June invoice. Customer claims usage reported by the Workflow Automation does not match their internal telemetry. Discrepancy of approximately 14% in API call counts. Finance team has been looped in. Raw usage logs pulled from billing service for 2023-05-21. Preliminary finding: a duplicate event emitter was introduced in v3.3.6 causing double-counting. Credit memo being processed; ETA 5 business days. Pending further investigation; case escalated to Tier-3 Engineering with P1 SLA applied."
00100BA83BF4898,Larsson & Kim Ltd.,Customer,Media & Entertainment,SMB,Lisbon,396198652,8773,535558238,CASE-976964,Phone,High,In Progress,Mobile SDK,2023-11-03,,Yes,Marcus Patel,VP of Engineering,5.0,"Marcus Patel (VP of Engineering) at Larsson & Kim Ltd. contacted support regarding an unexpected charge of $2,546 on their March invoice. Customer claims usage reported by the Mobile SDK does not match their internal telemetry. Discrepancy of approximately 24% in API call counts. Finance team has been looped in. Raw usage logs pulled from billing service for 2023-11-03. Preliminary finding: a duplicate event emitter was introduced in v4.1.0 causing double-counting. Credit memo being processed; ETA 5 business days. Workaround provided: client configured batch size to 500 records; permanent fix in sprint 43."
001D89B7F588B6D,Ferreira & Larsson GmbH,Reseller,Healthcare,Mid-Market,Munich,278964900,46289,521689275,CASE-797467,Chat,High,Pending Customer,Mobile SDK,2024-06-21,,Yes,Patrick Novak,Head of Operations,3.0,Patrick Novak from Ferreira & Larsson GmbH opened this case after observing severe latency in the Mobile SDK. Average response times increased from ~200ms to over 10s beginning around 2024-06-18 05:13 UTC. Affects approximately 174 concurrent users in their APAC region. Customer is distressed and mentioned potential contractual penalties if unresolved by EOD. Support engineer ran a distributed trace; bottleneck identified at the database read replica. Metrics attached to case for engineering review. Workaround provided: client configured batch size to 500 records; permanent fix in sprint 43.
001F93D753F9921,Okonkwo & Tanaka Corp.,Reseller,Pharmaceuticals,SMB,Warsaw,205806299,43111,584329746,CASE-352800,Phone,Low,Closed,Reporting Suite,2023-10-05,2023-10-31,Yes,Raj Müller,VP of Engineering,5.0,"Raj Müller (VP of Engineering) at Okonkwo & Tanaka Corp. contacted support regarding an unexpected charge of $14,438 on their April invoice. Customer claims usage reported by the Reporting Suite does not match their internal telemetry. Discrepancy of approximately 33% in API call counts. Finance team has been looped in. Raw usage logs pulled from billing service for 2023-10-02. Preliminary finding: a duplicate event emitter was introduced in v2.7.2 causing double-counting. Credit memo being processed; ETA 2 business days. SSL certificate renewed and propagated across all edge nodes within the maintenance window."
001F2C682118EDC,Tanaka & Sato Corp.,Partner,Retail,Mid-Market,Sydney,54621981,48035,567324398,CASE-938234,Web,Critical,Pending Customer,Reporting Suite,2024-03-20,,Yes,Yuki Patel,Technical Account Manager,2.0,Yuki Patel from Tanaka & Sato Corp. opened this case after observing severe latency in the Reporting Suite. Average response times increased from ~200ms to over 6s beginning around 2024-03-19 00:20 UTC. Affects approximately 469 concurrent users in their EMEA region. Customer is patient but firm and asked for daily status updates. Support engineer ran a distributed trace; bottleneck identified at the database read replica. Metrics attached to case for engineering review. The third-party payment gateway's IP whitelist was updated to include the new NAT range.
0019B062A9205C7,Dupont & Kowalski Sp. z o.o.,Prospect,Logistics,Mid-Market,Tokyo,133179752,1291,586644190,CASE-448781,Web,Medium,Pending Customer,Security Manager,2024-02-21,,No,Tom Becker,Solutions Architect,5.0,Tom Becker from Dupont & Kowalski Sp. z o.o. opened this case after observing severe latency in the Security Manager. Average response times increased from ~200ms to over 5s beginning around 2024-02-19 17:19 UTC. Affects approximately 467 concurrent users in their APAC region. Customer is very concerned and requested a post-mortem report within 48 hours. Support engineer ran a distributed trace; bottleneck identified at the database read replica. Metrics attached to case for engineering review. Data migration script re-run with corrected field mappings; record integrity confirmed.
001E3B4206FA54B,Johnson & Williams Sp. z o.o.,Partner,Telecommunications,Enterprise,Bratislava,263742570,46404,553872657,CASE-244992,Partner Portal,High,New,Analytics Dashboard,2023-12-24,,Yes,Maria Okonkwo,Head of Operations,1.0,"Inbound escalation from Johnson & Williams Sp. z o.o. (Bratislava) — Maria Okonkwo reports the Analytics Dashboard has been failing to sync records since 2023-12-21 02:10 UTC. Approximately 44,751 records are stuck in a PENDING state. Error log snippet shared by customer shows ERR-4403 with stack trace pointing to a serialisation issue in the delta-sync processor. Customer is frustrated and threatened to escalate to executive sponsor. Workaround: manual re-trigger via admin panel unblocks individual batches but is not scalable. Engineering has reproduced the issue in staging with a dataset of matching schema. The database index was rebuilt and query performance restored to baseline."
001516FA0242230,Novak & Kowalski Corp.,Reseller,Energy,Enterprise,Warsaw,188035946,44810,538264338,CASE-826998,Web,Medium,Resolved,Integration Hub,2024-01-21,2024-02-06,Yes,Maria Andersen,Solutions Architect,2.0,"Maria Andersen (Solutions Architect) at Novak & Kowalski Corp. contacted support regarding an unexpected charge of $10,643 on their July invoice. Customer claims usage reported by the Integration Hub does not match their internal telemetry. Discrepancy of approximately 30% in API call counts. Finance team has been looped in. Raw usage logs pulled from billing service for 2024-01-20. Preliminary finding: a duplicate event emitter was introduced in v2.0.3 causing double-counting. Credit memo being processed; ETA 2 business days. A stale CDN cache was purged globally; content now serves correctly in all regions."
0017CC99864CC46,García & Sato AG,Partner,Retail,Strategic,Stockholm,418840826,47835,588769634,CASE-885675,Web,Critical,Closed,Data Sync Engine,2024-10-18,2024-10-22,Yes,Elena Patel,CTO,3.0,New onboarding case for García & Sato AG (Strategic tier). Primary contact: Elena Patel (CTO). They are configuring the Data Sync Engine for the first time and encountered confusion around webhook signature verification. Implementation engineer scheduled a 60-minute screenshare for 2024-10-18. Customer provided sandbox credentials; issue reproduced and root cause confirmed. Documentation gap identified — will file internal ticket to update the Quick-Start Guide. Customer confirmed resolution after applying the corrected configuration.
001BC3459440780,García & Sato Sp. z o.o.,Partner,Technology,Mid-Market,Brussels,214077721,3183,594998837,CASE-258263,Email,Critical,New,API Gateway,2024-02-07,,Yes,Isabella Rossi,VP of Engineering,1.0,"Isabella Rossi (VP of Engineering) at García & Sato Sp. z o.o. contacted support regarding an unexpected charge of $2,134 on their June invoice. Customer claims usage reported by the API Gateway does not match their internal telemetry. Discrepancy of approximately 31% in API call counts. Finance team has been looped in. Raw usage logs pulled from billing service for 2024-02-07. Preliminary finding: a duplicate event emitter was introduced in v3.2.0 causing double-counting. Credit memo being processed; ETA 2 business days. Data migration script re-run with corrected field mappings; record integrity confirmed."
0015DD3CE7BC405,Müller & Dupont Corp.,Prospect,Media & Entertainment,Enterprise,New York,355756969,48675,581022010,CASE-896867,Chat,High,Closed,Data Sync Engine,2023-08-19,2023-08-23,Yes,Ahmed Patel,CTO,5.0,"Inbound escalation from Müller & Dupont Corp. (New York) — Ahmed Patel reports the Data Sync Engine has been failing to sync records since 2023-08-16 12:06 UTC. Approximately 2,926 records are stuck in a PENDING state. Error log snippet shared by customer shows ERR-3301 with stack trace pointing to a serialisation issue in the delta-sync processor. Customer is escalating and looped in their VP of Engineering on the call. Workaround: manual re-trigger via admin panel unblocks individual batches but is not scalable. Engineering has reproduced the issue in staging with a dataset of matching schema. Data migration script re-run with corrected field mappings; record integrity confirmed."
001992839F019A3,Hassan & Dupont Inc.,Prospect,Energy,Strategic,Amsterdam,12692032,36604,562986971,CASE-755725,Partner Portal,High,New,Workflow Automation,2024-03-02,,Yes,Wei Kim,DevOps Lead,,Wei Kim from Hassan & Dupont Inc. opened this case after observing severe latency in the Workflow Automation. Average response times increased from ~200ms to over 5s beginning around 2024-03-02 21:11 UTC. Affects approximately 86 concurrent users in their AMER region. Customer is critical and stated this is blocking their go-live scheduled for next Friday. Support engineer ran a distributed trace; bottleneck identified at the database read replica. Metrics attached to case for engineering review. A stale CDN cache was purged globally; content now serves correctly in all regions.
0019A5FA50BDF58,Schmidt & García Corp.,Reseller,Manufacturing,Enterprise,Prague,442609785,1129,523041676,CASE-339980,Chat,Critical,Closed,Security Manager,2024-02-01,2024-02-05,Yes,Omar Rossi,Technical Account Manager,3.0,Ticket raised by Omar Rossi (Technical Account Manager) at Schmidt & García Corp. regarding intermittent authentication failures on the Security Manager. Approximately 59% of login attempts return a 401 with error TIMEOUT-002. Issue began after they applied their internal SSO policy update on 2024-01-30. Customer tone: escalating; looped in their VP of Engineering on the call. Support confirmed SAML assertions are malformed — attribute mapping mismatch in IdP config. Step-by-step remediation guide sent; customer to test in staging before production rollout. The customer's IP range was added to the allowlist following security review approval.
0011A1ABE12A677,Rossi & Tanaka GmbH,Reseller,Pharmaceuticals,SMB,Copenhagen,66595711,23722,592443394,CASE-269820,Chat,High,New,Mobile SDK,2024-09-20,,No,James Andersen,IT Director,3.0,"Inbound escalation from Rossi & Tanaka GmbH (Copenhagen) — James Andersen reports the Mobile SDK has been failing to sync records since 2024-09-19 06:54 UTC. Approximately 11,402 records are stuck in a PENDING state. Error log snippet shared by customer shows SSL-HANDSHAKE with stack trace pointing to a serialisation issue in the delta-sync processor. Customer is frustrated and threatened to escalate to executive sponsor. Workaround: manual re-trigger via admin panel unblocks individual batches but is not scalable. Engineering has reproduced the issue in staging with a dataset of matching schema. Data migration script re-run with corrected field mappings; record integrity confirmed."
00135CC44B4B2A1,Kim & Hassan AG,Customer,Telecommunications,Enterprise,Berlin,119597780,45963,548313228,CASE-133956,Email,Critical,In Progress,Mobile SDK,2025-05-22,,Yes,Ahmed Tanaka,Senior Engineer,,Ticket raised by Ahmed Tanaka (Senior Engineer) at Kim & Hassan AG regarding intermittent authentication failures on the Mobile SDK. Approximately 56% of login attempts return a 401 with error SYNC-FAIL-07. Issue began after they applied their internal SSO policy update on 2025-05-22. Customer tone: critical; stated this is blocking their go-live scheduled for next Friday. Support confirmed SAML assertions are malformed — attribute mapping mismatch in IdP config. Step-by-step remediation guide sent; customer to test in staging before production rollout. Data migration script re-run with corrected field mappings; record integrity confirmed.
001BE346A22CFD9,Sato & Larsson BV,Partner,Automotive,Strategic,New York,135405577,31439,524284125,CASE-243507,Web,Low,In Progress,Workflow Automation,2025-05-16,,No,Elena Ferreira,DevOps Lead,,"Inbound escalation from Sato & Larsson BV (New York) — Elena Ferreira reports the Workflow Automation has been failing to sync records since 2025-05-14 19:04 UTC. Approximately 3,391 records are stuck in a PENDING state. Error log snippet shared by customer shows DB-CONN-ERR with stack trace pointing to a serialisation issue in the delta-sync processor. Customer is very concerned and requested a post-mortem report within 48 hours. Workaround: manual re-trigger via admin panel unblocks individual batches but is not scalable. Engineering has reproduced the issue in staging with a dataset of matching schema. A hotfix (v2.4.7) was deployed to production at 03:14 UTC resolving the root cause."
001B89219BC598B,Johnson & Dupont Sp. z o.o.,Reseller,Healthcare,Enterprise,New York,87405634,27784,579293917,CASE-144693,Partner Portal,Critical,New,API Gateway,2024-02-29,,Yes,Ingrid Novak,IT Manager,5.0,Ticket raised by Ingrid Novak (IT Manager) at Johnson & Dupont Sp. z o.o. regarding intermittent authentication failures on the API Gateway. Approximately 62% of login attempts return a 401 with error ERR-4403. Issue began after they applied their internal SSO policy update on 2024-02-29. Customer tone: critical; stated this is blocking their go-live scheduled for next Friday. Support confirmed SAML assertions are malformed — attribute mapping mismatch in IdP config. Step-by-step remediation guide sent; customer to test in staging before production rollout. The database index was rebuilt and query performance restored to baseline.
0019B657364F879,Becker & Ferreira AG,Partner,Financial Services,Enterprise,Bratislava,178815924,5233,516415390,CASE-952489,Web,Medium,Closed,Workflow Automation,2023-05-05,2023-05-19,Yes,Marcus Müller,Platform Architect,4.0,Client in Bratislava reported a critical failure in the Workflow Automation integration causing a dashboard not loading for all EU users. Error code AUTH-401 appears in logs since 2023-05-02 02:12 UTC. Contact Marcus Müller (Platform Architect) was understanding during the call and appreciated the quick response and transparency. Initial triage confirmed the issue is environment-specific to their US-EAST tenant. Reproduction steps provided; engineering queue updated. Engineering identified a misconfigured load-balancer rule; it was corrected and verified.
001BB030C854801,Ferreira & Becker AB,Partner,Retail,Enterprise,Toronto,65190996,36792,510733725,CASE-449975,Email,High,New,API Gateway,2025-06-10,,No,Marcus Larsson,Technical Account Manager,1.0,Ticket raised by Marcus Larsson (Technical Account Manager) at Ferreira & Becker AB regarding intermittent authentication failures on the API Gateway. Approximately 37% of login attempts return a 401 with error AUTH-401. Issue began after they applied their internal SSO policy update on 2025-06-09. Customer tone: distressed; mentioned potential contractual penalties if unresolved by EOD. Support confirmed SAML assertions are malformed — attribute mapping mismatch in IdP config. Step-by-step remediation guide sent; customer to test in staging before production rollout. Root cause traced to a race condition in the async queue; a mutex lock was introduced.
001CA74C8B21ECA,Müller & Müller SA,Prospect,Manufacturing,Enterprise,Budapest,177845505,41090,589096412,CASE-126144,Phone,Critical,New,Workflow Automation,2023-05-12,,Yes,Isabella Schmidt,IT Manager,4.0,"Inbound escalation from Müller & Müller SA (Budapest) — Isabella Schmidt reports the Workflow Automation has been failing to sync records since 2023-05-11 04:44 UTC. Approximately 44,182 records are stuck in a PENDING state. Error log snippet shared by customer shows SYNC-FAIL-07 with stack trace pointing to a serialisation issue in the delta-sync processor. Customer is distressed and mentioned potential contractual penalties if unresolved by EOD. Workaround: manual re-trigger via admin panel unblocks individual batches but is not scalable. Engineering has reproduced the issue in staging with a dataset of matching schema. Engineering identified a misconfigured load-balancer rule; it was corrected and verified."
00199BAD6BD00E0,Sato & Schmidt BV,Prospect,Financial Services,Enterprise,Vienna,421652517,11290,515676997,CASE-367933,Partner Portal,Critical,New,Billing Platform,2024-04-28,,Yes,Patrick Andersen,Platform Architect,5.0,"Customer Patrick Andersen at Sato & Schmidt BV (Tier: Enterprise, Industry: Financial Services) submitted a formal feature request for the Billing Platform. Request: ability to receive webhook retries with exponential backoff. Business justification: compliance with HIPAA §164.312 audit requirements. Use case documented and forwarded to Product Management. Customer expects a roadmap commitment within 4 quarters. PM acknowledged receipt; item added to the backlog with Medium priority scoring."
001117266A41924,Williams & Novak SA,Customer,Retail,Enterprise,Tokyo,80193045,14184,575089615,CASE-400579,Phone,Low,Pending Customer,Identity & Access Module,2025-08-06,,No,Ingrid Nguyen,VP of Engineering,5.0,"Inbound escalation from Williams & Novak SA (Tokyo) — Ingrid Nguyen reports the Identity & Access Module has been failing to sync records since 2025-08-03 21:07 UTC. Approximately 16,768 records are stuck in a PENDING state. Error log snippet shared by customer shows ERR-4009 with stack trace pointing to a serialisation issue in the delta-sync processor. Customer is understanding and appreciated the quick response and transparency. Workaround: manual re-trigger via admin panel unblocks individual batches but is not scalable. Engineering has reproduced the issue in staging with a dataset of matching schema. The database index was rebuilt and query performance restored to baseline."
0018FCBB04E9B6B,Ferreira & Schmidt AG,Partner,Logistics,Strategic,New York,14623438,14057,572715713,CASE-153457,Partner Portal,Low,Pending Customer,Analytics Dashboard,2024-03-07,,Yes,Sophie Williams,DevOps Lead,,Sophie Williams from Ferreira & Schmidt AG opened this case after observing severe latency in the Analytics Dashboard. Average response times increased from ~200ms to over 9s beginning around 2024-03-05 18:36 UTC. Affects approximately 38 concurrent users in their EMEA region. Customer is very concerned and requested a post-mortem report within 48 hours. Support engineer ran a distributed trace; bottleneck identified at the database read replica. Metrics attached to case for engineering review. Pending further investigation; case escalated to Tier-3 Engineering with P1 SLA applied.
001106A458A9226,Sato & Hassan Corp.,Partner,Automotive,Enterprise,Sydney,482313103,7347,521207286,CASE-566046,Phone,Medium,Pending Customer,Billing Platform,2023-07-14,,Yes,Zoe Williams,Head of Operations,,New onboarding case for Sato & Hassan Corp. (Enterprise tier). Primary contact: Zoe Williams (Head of Operations). They are configuring the Billing Platform for the first time and encountered SSL pinning failures in their mobile build pipeline. Implementation engineer scheduled a 60-minute screenshare for 2023-07-14. Customer provided sandbox credentials; issue reproduced and root cause confirmed. Documentation gap identified — will file internal ticket to update the Quick-Start Guide. Customer confirmed resolution after applying the corrected configuration.
001F62592CFFF3C,Hassan & Johnson Corp.,Customer,Technology,SMB,Prague,289926979,11319,518283177,CASE-951307,Phone,Medium,Pending Customer,Integration Hub,2023-10-11,,Yes,Elena Hassan,Solutions Architect,4.0,"Elena Hassan (Solutions Architect) at Hassan & Johnson Corp. contacted support regarding an unexpected charge of $7,971 on their May invoice. Customer claims usage reported by the Integration Hub does not match their internal telemetry. Discrepancy of approximately 35% in API call counts. Finance team has been looped in. Raw usage logs pulled from billing service for 2023-10-10. Preliminary finding: a duplicate event emitter was introduced in v4.1.2 causing double-counting. Credit memo being processed; ETA 3 business days. Root cause traced to a race condition in the async queue; a mutex lock was introduced."
0016F7E95D11701,Hassan & Kowalski Corp.,Reseller,Healthcare,SMB,Bratislava,300980693,33085,530191314,CASE-585867,Chat,Low,Resolved,Security Manager,2025-04-05,2025-04-10,Yes,Luca Patel,DevOps Lead,3.0,New onboarding case for Hassan & Kowalski Corp. (SMB tier). Primary contact: Luca Patel (DevOps Lead). They are configuring the Security Manager for the first time and encountered CORS policy errors when calling the API from their SPA. Implementation engineer scheduled a 60-minute screenshare for 2025-04-05. Customer provided sandbox credentials; issue reproduced and root cause confirmed. Documentation gap identified — will file internal ticket to update the Quick-Start Guide. Customer confirmed resolution after applying the corrected configuration.
0019106FA7B6314,Becker & Müller Sp. z o.o.,Reseller,Logistics,Mid-Market,Bratislava,153034402,44193,584250773,CASE-685302,Email,Medium,In Progress,Data Sync Engine,2024-06-13,,No,Sophie Larsson,Head of Operations,3.0,"Customer Sophie Larsson at Becker & Müller Sp. z o.o. (Tier: Mid-Market, Industry: Logistics) submitted a formal feature request for the Data Sync Engine. Request: ability to export audit logs in CEF format. Business justification: compliance with HIPAA §164.312 audit requirements. Use case documented and forwarded to Product Management. Customer expects a roadmap commitment within 4 quarters. PM acknowledged receipt; item added to the backlog with High priority scoring."
001D6B341FA9F1C,Johnson & Andersen Corp.,Prospect,Automotive,Enterprise,Stockholm,81937624,4254,569585481,CASE-112179,Email,Medium,Pending Customer,Security Manager,2025-05-13,,Yes,Omar Novak,IT Manager,4.0,Client in Stockholm reported a critical failure in the Security Manager integration causing a invoice generation failures affecting 200+ clients. Error code TIMEOUT-002 appears in logs since 2025-05-11 19:24 UTC. Contact Omar Novak (IT Manager) was patient but firm during the call and asked for daily status updates. Initial triage confirmed the issue is environment-specific to their US-EAST tenant. Reproduction steps provided; engineering queue updated. Pending further investigation; case escalated to Tier-3 Engineering with P1 SLA applied.
00184420DE44D56,Hassan & Johnson Corp.,Reseller,Technology,Mid-Market,Budapest,257942273,9928,580760834,CASE-566799,Partner Portal,Critical,Escalated,API Gateway,2025-10-26,,No,Omar Novak,CTO,,"Inbound escalation from Hassan & Johnson Corp. (Budapest) — Omar Novak reports the API Gateway has been failing to sync records since 2025-10-25 08:34 UTC. Approximately 6,344 records are stuck in a PENDING state. Error log snippet shared by customer shows ERR-3301 with stack trace pointing to a serialisation issue in the delta-sync processor. Customer is very concerned and requested a post-mortem report within 48 hours. Workaround: manual re-trigger via admin panel unblocks individual batches but is not scalable. Engineering has reproduced the issue in staging with a dataset of matching schema. Engineering identified a misconfigured load-balancer rule; it was corrected and verified."
001A268D5E11CA9,García & Kowalski AB,Customer,Healthcare,Mid-Market,Amsterdam,493535747,16689,553113090,CASE-683316,Partner Portal,Critical,In Progress,Workflow Automation,2023-12-01,,No,Sophie Johnson,CTO,3.0,Ticket raised by Sophie Johnson (CTO) at García & Kowalski AB regarding intermittent authentication failures on the Workflow Automation. Approximately 26% of login attempts return a 401 with error TIMEOUT-002. Issue began after they applied their internal SSO policy update on 2023-11-30. Customer tone: frustrated; threatened to escalate to executive sponsor. Support confirmed SAML assertions are malformed — attribute mapping mismatch in IdP config. Step-by-step remediation guide sent; customer to test in staging before production rollout. A stale CDN cache was purged globally; content now serves correctly in all regions.
0019EDBD4718B20,Müller & García SA,Reseller,Technology,Strategic,New York,216356867,4150,573088534,CASE-892309,Chat,Critical,Resolved,Analytics Dashboard,2024-06-20,2024-07-15,Yes,Ingrid Okonkwo,DevOps Lead,3.0,Client in New York reported a critical failure in the Analytics Dashboard integration causing a report exports timing out for datasets > 50k rows. Error code DB-CONN-ERR appears in logs since 2024-06-20 19:06 UTC. Contact Ingrid Okonkwo (DevOps Lead) was frustrated during the call and threatened to escalate to executive sponsor. Initial triage confirmed the issue is environment-specific to their EU-WEST tenant. Reproduction steps provided; engineering queue updated. Root cause traced to a race condition in the async queue; a mutex lock was introduced.
0010E1B0EE24A34,Dupont & Johnson BV,Reseller,Pharmaceuticals,Mid-Market,Lisbon,142784992,35787,566664725,CASE-746413,Partner Portal,High,Pending Customer,Data Sync Engine,2024-07-10,,No,Ingrid Hassan,Technical Account Manager,5.0,Ingrid Hassan from Dupont & Johnson BV opened this case after observing severe latency in the Data Sync Engine. Average response times increased from ~200ms to over 7s beginning around 2024-07-10 14:17 UTC. Affects approximately 486 concurrent users in their AMER region. Customer is distressed and mentioned potential contractual penalties if unresolved by EOD. Support engineer ran a distributed trace; bottleneck identified at the database read replica. Metrics attached to case for engineering review. Root cause traced to a race condition in the async queue; a mutex lock was introduced.
001579C3F389C27,Dupont & Dupont Corp.,Partner,Technology,Enterprise,Bratislava,31954232,45062,574123420,CASE-478867,Email,Low,Closed,Workflow Automation,2024-11-27,2024-12-16,Yes,Zoe Müller,IT Director,3.0,"Customer Zoe Müller at Dupont & Dupont Corp. (Tier: Enterprise, Industry: Technology) submitted a formal feature request for the Workflow Automation. Request: ability to export audit logs in CEF format. Business justification: compliance with ISO 27001 audit requirements. Use case documented and forwarded to Product Management. Customer expects a roadmap commitment within 4 quarters. PM acknowledged receipt; item added to the backlog with High priority scoring."
00144C15AF0E91D,Tanaka & Dupont S.r.l.,Customer,Automotive,Enterprise,Budapest,203964909,31828,511030568,CASE-151539,Phone,Medium,Escalated,Identity & Access Module,2025-03-19,,Yes,Priya Becker,Technical Account Manager,3.0,Ticket raised by Priya Becker (Technical Account Manager) at Tanaka & Dupont S.r.l. regarding intermittent authentication failures on the Identity & Access Module. Approximately 27% of login attempts return a 401 with error ERR-5021. Issue began after they applied their internal SSO policy update on 2025-03-18. Customer tone: understanding; appreciated the quick response and transparency. Support confirmed SAML assertions are malformed — attribute mapping mismatch in IdP config. Step-by-step remediation guide sent; customer to test in staging before production rollout. A stale CDN cache was purged globally; content now serves correctly in all regions.
001F9B6F96490C0,Becker & Andersen Inc.,Prospect,Energy,SMB,Prague,227913513,23877,575770619,CASE-893002,Chat,Medium,Escalated,Integration Hub,2025-06-09,,Yes,Maria Okonkwo,CTO,5.0,New onboarding case for Becker & Andersen Inc. (SMB tier). Primary contact: Maria Okonkwo (CTO). They are configuring the Integration Hub for the first time and encountered missing permissions on the service account used for integration. Implementation engineer scheduled a 60-minute screenshare for 2025-06-06. Customer provided sandbox credentials; issue reproduced and root cause confirmed. Documentation gap identified — will file internal ticket to update the Quick-Start Guide. Customer confirmed resolution after applying the corrected configuration.
001A13D986025FE,Andersen & Nguyen AB,Reseller,Logistics,Mid-Market,Stockholm,181160999,45924,548814484,CASE-156824,Phone,Low,In Progress,Identity & Access Module,2025-11-03,,Yes,Priya Larsson,IT Director,5.0,New onboarding case for Andersen & Nguyen AB (Mid-Market tier). Primary contact: Priya Larsson (IT Director). They are configuring the Identity & Access Module for the first time and encountered SSL pinning failures in their mobile build pipeline. Implementation engineer scheduled a 60-minute screenshare for 2025-11-03. Customer provided sandbox credentials; issue reproduced and root cause confirmed. Documentation gap identified — will file internal ticket to update the Quick-Start Guide. Customer confirmed resolution after applying the corrected configuration.
0011A4BD340B52E,Kim & Patel Sp. z o.o.,Reseller,Retail,Enterprise,Warsaw,167260838,26305,528030347,CASE-900911,Web,Critical,Closed,API Gateway,2025-05-21,2025-06-12,No,Yuki Tanaka,IT Manager,,"Inbound escalation from Kim & Patel Sp. z o.o. (Warsaw) — Yuki Tanaka reports the API Gateway has been failing to sync records since 2025-05-20 05:07 UTC. Approximately 5,681 records are stuck in a PENDING state. Error log snippet shared by customer shows ERR-5500 with stack trace pointing to a serialisation issue in the delta-sync processor. Customer is very concerned and requested a post-mortem report within 48 hours. Workaround: manual re-trigger via admin panel unblocks individual batches but is not scalable. Engineering has reproduced the issue in staging with a dataset of matching schema. A stale CDN cache was purged globally; content now serves correctly in all regions."
001BAA82D430879,Müller & Schmidt S.r.l.,Reseller,Healthcare,Enterprise,Toronto,258842473,46603,576375258,CASE-685975,Email,High,Resolved,Workflow Automation,2025-10-27,2025-11-11,Yes,Marcus Nguyen,CTO,1.0,Client in Toronto reported a critical failure in the Workflow Automation integration causing a webhook events not firing for payment completions. Error code ERR-5021 appears in logs since 2025-10-25 17:51 UTC. Contact Marcus Nguyen (CTO) was critical during the call and stated this is blocking their go-live scheduled for next Friday. Initial triage confirmed the issue is environment-specific to their AP-SOUTH tenant. Reproduction steps provided; engineering queue updated. SSL certificate renewed and propagated across all edge nodes within the maintenance window.
00118B402F19D07,Patel & Müller Ltd.,Reseller,Media & Entertainment,Strategic,Milan,184190557,14950,567724859,CASE-462512,Partner Portal,Low,Closed,Billing Platform,2023-12-03,2023-12-10,Yes,Nadia Dupont,Head of Operations,4.0,Ticket raised by Nadia Dupont (Head of Operations) at Patel & Müller Ltd. regarding intermittent authentication failures on the Billing Platform. Approximately 26% of login attempts return a 401 with error TIMEOUT-002. Issue began after they applied their internal SSO policy update on 2023-11-30. Customer tone: critical; stated this is blocking their go-live scheduled for next Friday. Support confirmed SAML assertions are malformed — attribute mapping mismatch in IdP config. Step-by-step remediation guide sent; customer to test in staging before production rollout. A stale CDN cache was purged globally; content now serves correctly in all regions.
00150A7923BE4E1,Andersen & Müller GmbH,Prospect,Manufacturing,SMB,Helsinki,153619313,42753,572709751,CASE-454984,Email,High,Closed,Analytics Dashboard,2023-09-10,2023-09-19,Yes,Tom Larsson,IT Manager,,Ticket raised by Tom Larsson (IT Manager) at Andersen & Müller GmbH regarding intermittent authentication failures on the Analytics Dashboard. Approximately 29% of login attempts return a 401 with error ERR-5500. Issue began after they applied their internal SSO policy update on 2023-09-09. Customer tone: patient but firm; asked for daily status updates. Support confirmed SAML assertions are malformed — attribute mapping mismatch in IdP config. Step-by-step remediation guide sent; customer to test in staging before production rollout. Workaround provided: client configured batch size to 500 records; permanent fix in sprint 43.
00108AC6568ABF1,Johnson & Kim Inc.,Reseller,Technology,Strategic,Lisbon,368301135,11132,519767824,CASE-597793,Web,Critical,In Progress,Security Manager,2023-06-23,,Yes,Omar García,Solutions Architect,,Omar García from Johnson & Kim Inc. opened this case after observing severe latency in the Security Manager. Average response times increased from ~200ms to over 6s beginning around 2023-06-20 14:57 UTC. Affects approximately 433 concurrent users in their EMEA region. Customer is professional and requested SLA credit per the MSA terms. Support engineer ran a distributed trace; bottleneck identified at the database read replica. Metrics attached to case for engineering review. A stale CDN cache was purged globally; content now serves correctly in all regions.
001F9000F6F7920,Tanaka & Andersen Corp.,Prospect,Media & Entertainment,Mid-Market,Copenhagen,6843292,2353,595143591,CASE-876267,Phone,Critical,In Progress,API Gateway,2025-03-02,,No,Aisha Hassan,Platform Architect,4.0,Ticket raised by Aisha Hassan (Platform Architect) at Tanaka & Andersen Corp. regarding intermittent authentication failures on the API Gateway. Approximately 69% of login attempts return a 401 with error ERR-3301. Issue began after they applied their internal SSO policy update on 2025-03-01. Customer tone: distressed; mentioned potential contractual penalties if unresolved by EOD. Support confirmed SAML assertions are malformed — attribute mapping mismatch in IdP config. Step-by-step remediation guide sent; customer to test in staging before production rollout. The customer's IP range was added to the allowlist following security review approval.
001A78BDF399330,Andersen & Andersen AB,Prospect,Energy,SMB,Paris,370100204,4332,573768377,CASE-732047,Partner Portal,High,In Progress,Analytics Dashboard,2024-07-25,,No,Zoe Larsson,CTO,5.0,New onboarding case for Andersen & Andersen AB (SMB tier). Primary contact: Zoe Larsson (CTO). They are configuring the Analytics Dashboard for the first time and encountered CORS policy errors when calling the API from their SPA. Implementation engineer scheduled a 60-minute screenshare for 2024-07-23. Customer provided sandbox credentials; issue reproduced and root cause confirmed. Documentation gap identified — will file internal ticket to update the Quick-Start Guide. Customer confirmed resolution after applying the corrected configuration.
001E07FFB7B56E8,Andersen & Novak AB,Partner,Automotive,SMB,Munich,475522961,45269,590376344,CASE-163880,Web,Medium,Pending Customer,Identity & Access Module,2023-09-10,,No,Marcus Hassan,Technical Account Manager,5.0,"Marcus Hassan (Technical Account Manager) at Andersen & Novak AB contacted support regarding an unexpected charge of $11,719 on their April invoice. Customer claims usage reported by the Identity & Access Module does not match their internal telemetry. Discrepancy of approximately 35% in API call counts. Finance team has been looped in. Raw usage logs pulled from billing service for 2023-09-09. Preliminary finding: a duplicate event emitter was introduced in v2.4.7 causing double-counting. Credit memo being processed; ETA 7 business days. The database index was rebuilt and query performance restored to baseline."
00190C0E1035960,Tanaka & García S.r.l.,Partner,Energy,Mid-Market,Vienna,128418709,37235,523851718,CASE-258280,Phone,Low,In Progress,API Gateway,2023-07-03,,Yes,Yuki Andersen,Platform Architect,4.0,"Yuki Andersen (Platform Architect) at Tanaka & García S.r.l. contacted support regarding an unexpected charge of $13,584 on their April invoice. Customer claims usage reported by the API Gateway does not match their internal telemetry. Discrepancy of approximately 18% in API call counts. Finance team has been looped in. Raw usage logs pulled from billing service for 2023-06-30. Preliminary finding: a duplicate event emitter was introduced in v2.8.8 causing double-counting. Credit memo being processed; ETA 2 business days. Workaround provided: client configured batch size to 500 records; permanent fix in sprint 43."
001FB0A41035FEF,Patel & Johnson Inc.,Reseller,Pharmaceuticals,Mid-Market,Bratislava,248163453,28450,560922531,CASE-220181,Phone,Critical,Closed,Analytics Dashboard,2023-10-26,2023-10-28,No,Sophie Schmidt,CTO,4.0,Client in Bratislava reported a critical failure in the Analytics Dashboard integration causing a 30% drop in data syncs. Error code DB-CONN-ERR appears in logs since 2023-10-26 01:52 UTC. Contact Sophie Schmidt (CTO) was very concerned during the call and requested a post-mortem report within 48 hours. Initial triage confirmed the issue is environment-specific to their EU-WEST tenant. Reproduction steps provided; engineering queue updated. A stale CDN cache was purged globally; content now serves correctly in all regions.
00182FEEDE2B445,Okonkwo & Johnson AG,Reseller,Logistics,Strategic,Amsterdam,148871569,27609,583864238,CASE-772676,Email,High,New,Data Sync Engine,2024-08-14,,Yes,Aisha Kim,Technical Account Manager,3.0,"Aisha Kim (Technical Account Manager) at Okonkwo & Johnson AG contacted support regarding an unexpected charge of $6,895 on their July invoice. Customer claims usage reported by the Data Sync Engine does not match their internal telemetry. Discrepancy of approximately 25% in API call counts. Finance team has been looped in. Raw usage logs pulled from billing service for 2024-08-14. Preliminary finding: a duplicate event emitter was introduced in v4.1.0 causing double-counting. Credit memo being processed; ETA 2 business days. OAuth token refresh logic was patched; all active sessions re-authenticated successfully."
00153EFEA546624,Sato & Nguyen Sp. z o.o.,Customer,Financial Services,Strategic,Chicago,234528289,28377,599716761,CASE-508875,Chat,Medium,Closed,Mobile SDK,2024-01-09,2024-01-09,Yes,Tom Okonkwo,VP of Engineering,,Ticket raised by Tom Okonkwo (VP of Engineering) at Sato & Nguyen Sp. z o.o. regarding intermittent authentication failures on the Mobile SDK. Approximately 55% of login attempts return a 401 with error TIMEOUT-002. Issue began after they applied their internal SSO policy update on 2024-01-09. Customer tone: frustrated; threatened to escalate to executive sponsor. Support confirmed SAML assertions are malformed — attribute mapping mismatch in IdP config. Step-by-step remediation guide sent; customer to test in staging before production rollout. A stale CDN cache was purged globally; content now serves correctly in all regions.
00181CB65E2C0D5,Nguyen & Williams Corp.,Customer,Media & Entertainment,Enterprise,Paris,281172219,40326,512019224,CASE-485125,Partner Portal,High,Pending Customer,Identity & Access Module,2024-07-31,,No,Daniel Dupont,DevOps Lead,4.0,New onboarding case for Nguyen & Williams Corp. (Enterprise tier). Primary contact: Daniel Dupont (DevOps Lead). They are configuring the Identity & Access Module for the first time and encountered SSL pinning failures in their mobile build pipeline. Implementation engineer scheduled a 60-minute screenshare for 2024-07-31. Customer provided sandbox credentials; issue reproduced and root cause confirmed. Documentation gap identified — will file internal ticket to update the Quick-Start Guide. Customer confirmed resolution after applying the corrected configuration.
001F36546634727,Schmidt & Hassan Ltd.,Customer,Technology,Mid-Market,Amsterdam,254159921,34687,598638976,CASE-771968,Chat,Critical,Resolved,Mobile SDK,2025-12-30,2026-01-16,Yes,Clara Ferreira,Head of Operations,,"Inbound escalation from Schmidt & Hassan Ltd. (Amsterdam) — Clara Ferreira reports the Mobile SDK has been failing to sync records since 2025-12-27 05:24 UTC. Approximately 39,255 records are stuck in a PENDING state. Error log snippet shared by customer shows AUTH-401 with stack trace pointing to a serialisation issue in the delta-sync processor. Customer is critical and stated this is blocking their go-live scheduled for next Friday. Workaround: manual re-trigger via admin panel unblocks individual batches but is not scalable. Engineering has reproduced the issue in staging with a dataset of matching schema. The database index was rebuilt and query performance restored to baseline."
001B5BD7EFF1835,Tanaka & Schmidt AG,Prospect,Telecommunications,Enterprise,Warsaw,244535813,41367,580058516,CASE-705355,Partner Portal,High,Closed,Security Manager,2025-07-19,2025-08-16,No,Clara Johnson,IT Director,,"Inbound escalation from Tanaka & Schmidt AG (Warsaw) — Clara Johnson reports the Security Manager has been failing to sync records since 2025-07-16 00:44 UTC. Approximately 5,655 records are stuck in a PENDING state. Error log snippet shared by customer shows DB-CONN-ERR with stack trace pointing to a serialisation issue in the delta-sync processor. Customer is understanding and appreciated the quick response and transparency. Workaround: manual re-trigger via admin panel unblocks individual batches but is not scalable. Engineering has reproduced the issue in staging with a dataset of matching schema. A hotfix (v2.4.7) was deployed to production at 03:14 UTC resolving the root cause."
001C5630EF1D66E,Dupont & Ferreira Sp. z o.o.,Partner,Insurance,SMB,New York,262642121,19460,561686786,CASE-731371,Email,Critical,New,Analytics Dashboard,2023-05-30,,Yes,Marcus Okonkwo,Solutions Architect,5.0,Ticket raised by Marcus Okonkwo (Solutions Architect) at Dupont & Ferreira Sp. z o.o. regarding intermittent authentication failures on the Analytics Dashboard. Approximately 40% of login attempts return a 401 with error ERR-4403. Issue began after they applied their internal SSO policy update on 2023-05-27. Customer tone: patient but firm; asked for daily status updates. Support confirmed SAML assertions are malformed — attribute mapping mismatch in IdP config. Step-by-step remediation guide sent; customer to test in staging before production rollout. Data migration script re-run with corrected field mappings; record integrity confirmed.
00124CB23FF18A1,Kowalski & Okonkwo S.r.l.,Prospect,Insurance,Strategic,Toronto,387587197,47943,559182925,CASE-379341,Email,Critical,New,Analytics Dashboard,2025-06-11,,Yes,Ahmed Williams,Technical Account Manager,5.0,Client in Toronto reported a critical failure in the Analytics Dashboard integration causing a nightly batch jobs failing silently. Error code SYNC-FAIL-07 appears in logs since 2025-06-09 05:10 UTC. Contact Ahmed Williams (Technical Account Manager) was understanding during the call and appreciated the quick response and transparency. Initial triage confirmed the issue is environment-specific to their EU-WEST tenant. Reproduction steps provided; engineering queue updated. The third-party payment gateway's IP whitelist was updated to include the new NAT range.
0016B37BF9936C5,Schmidt & Müller AG,Prospect,Pharmaceuticals,Mid-Market,Budapest,220621771,18039,517092217,CASE-581671,Email,High,Closed,API Gateway,2023-10-17,2023-11-15,Yes,James Sato,IT Manager,3.0,James Sato from Schmidt & Müller AG opened this case after observing severe latency in the API Gateway. Average response times increased from ~200ms to over 5s beginning around 2023-10-16 11:31 UTC. Affects approximately 267 concurrent users in their EMEA region. Customer is distressed and mentioned potential contractual penalties if unresolved by EOD. Support engineer ran a distributed trace; bottleneck identified at the database read replica. Metrics attached to case for engineering review. The customer's IP range was added to the allowlist following security review approval.
00145F24FE38350,Patel & Patel SA,Reseller,Logistics,SMB,Singapore,39416693,25535,582778882,CASE-933451,Web,Critical,In Progress,API Gateway,2023-04-30,,No,Henrik Hassan,Solutions Architect,,Henrik Hassan from Patel & Patel SA opened this case after observing severe latency in the API Gateway. Average response times increased from ~200ms to over 15s beginning around 2023-04-30 15:33 UTC. Affects approximately 189 concurrent users in their AMER region. Customer is frustrated and threatened to escalate to executive sponsor. Support engineer ran a distributed trace; bottleneck identified at the database read replica. Metrics attached to case for engineering review. Pending further investigation; case escalated to Tier-3 Engineering with P1 SLA applied.
001A0E9F99C0C73,Rossi & Okonkwo Inc.,Prospect,Financial Services,Enterprise,Toronto,122591296,28884,517145766,CASE-960687,Partner Portal,High,New,Data Sync Engine,2025-01-31,,Yes,Wei Dupont,IT Manager,,Client in Toronto reported a critical failure in the Data Sync Engine integration causing a webhook events not firing for payment completions. Error code ERR-4403 appears in logs since 2025-01-31 19:11 UTC. Contact Wei Dupont (IT Manager) was frustrated during the call and threatened to escalate to executive sponsor. Initial triage confirmed the issue is environment-specific to their PROD-2 tenant. Reproduction steps provided; engineering queue updated. Data migration script re-run with corrected field mappings; record integrity confirmed.
001D8A76575288E,Hassan & Sato SA,Prospect,Automotive,Enterprise,Copenhagen,122371490,42337,528904465,CASE-936185,Partner Portal,Low,Closed,API Gateway,2025-09-17,2025-09-27,No,Henrik Rossi,Head of Operations,5.0,"Customer Henrik Rossi at Hassan & Sato SA (Tier: Enterprise, Industry: Automotive) submitted a formal feature request for the API Gateway. Request: ability to receive webhook retries with exponential backoff. Business justification: compliance with PCI-DSS 4.0 audit requirements. Use case documented and forwarded to Product Management. Customer expects a roadmap commitment within 2 quarters. PM acknowledged receipt; item added to the backlog with Medium priority scoring."
001313BA3906EBF,Williams & Hassan Inc.,Customer,Manufacturing,SMB,Warsaw,114970215,47546,519492312,CASE-137247,Web,Medium,Escalated,Billing Platform,2025-08-25,,Yes,Nadia Rossi,Solutions Architect,1.0,Nadia Rossi from Williams & Hassan Inc. opened this case after observing severe latency in the Billing Platform. Average response times increased from ~200ms to over 15s beginning around 2025-08-25 13:53 UTC. Affects approximately 297 concurrent users in their AMER region. Customer is critical and stated this is blocking their go-live scheduled for next Friday. Support engineer ran a distributed trace; bottleneck identified at the database read replica. Metrics attached to case for engineering review. Data migration script re-run with corrected field mappings; record integrity confirmed.
001334528654F1C,Ferreira & Andersen S.r.l.,Reseller,Retail,Mid-Market,Prague,285009200,3973,564442947,CASE-386270,Partner Portal,Low,In Progress,Data Sync Engine,2025-08-17,,Yes,Nadia Larsson,Platform Architect,4.0,Ticket raised by Nadia Larsson (Platform Architect) at Ferreira & Andersen S.r.l. regarding intermittent authentication failures on the Data Sync Engine. Approximately 29% of login attempts return a 401 with error SSL-HANDSHAKE. Issue began after they applied their internal SSO policy update on 2025-08-15. Customer tone: distressed; mentioned potential contractual penalties if unresolved by EOD. Support confirmed SAML assertions are malformed — attribute mapping mismatch in IdP config. Step-by-step remediation guide sent; customer to test in staging before production rollout. The customer's IP range was added to the allowlist following security review approval.
00169A3185812F3,Johnson & Nguyen SA,Prospect,Media & Entertainment,SMB,Zurich,179810859,3488,569796155,CASE-955957,Chat,Medium,New,Billing Platform,2025-10-27,,Yes,Yuki Okonkwo,IT Manager,4.0,Yuki Okonkwo from Johnson & Nguyen SA opened this case after observing severe latency in the Billing Platform. Average response times increased from ~200ms to over 10s beginning around 2025-10-26 17:19 UTC. Affects approximately 327 concurrent users in their APAC region. Customer is critical and stated this is blocking their go-live scheduled for next Friday. Support engineer ran a distributed trace; bottleneck identified at the database read replica. Metrics attached to case for engineering review. The third-party payment gateway's IP whitelist was updated to include the new NAT range.
001FF46D87ADB39,Müller & Novak BV,Prospect,Logistics,Strategic,Paris,392748556,1815,599400067,CASE-729238,Phone,High,Pending Customer,Analytics Dashboard,2024-02-26,,Yes,James Williams,Senior Engineer,,Client in Paris reported a critical failure in the Analytics Dashboard integration causing a webhook events not firing for payment completions. Error code DB-CONN-ERR appears in logs since 2024-02-25 23:52 UTC. Contact James Williams (Senior Engineer) was very concerned during the call and requested a post-mortem report within 48 hours. Initial triage confirmed the issue is environment-specific to their PROD-2 tenant. Reproduction steps provided; engineering queue updated. Engineering identified a misconfigured load-balancer rule; it was corrected and verified.
001021881E9D622,Müller & Patel Inc.,Prospect,Automotive,Enterprise,Singapore,494086907,15332,552295635,CASE-957287,Web,Critical,Resolved,Analytics Dashboard,2024-11-03,2024-11-25,Yes,Zoe Nguyen,CTO,,"Inbound escalation from Müller & Patel Inc. (Singapore) — Zoe Nguyen reports the Analytics Dashboard has been failing to sync records since 2024-11-01 22:28 UTC. Approximately 44,203 records are stuck in a PENDING state. Error log snippet shared by customer shows ERR-5500 with stack trace pointing to a serialisation issue in the delta-sync processor. Customer is very concerned and requested a post-mortem report within 48 hours. Workaround: manual re-trigger via admin panel unblocks individual batches but is not scalable. Engineering has reproduced the issue in staging with a dataset of matching schema. The database index was rebuilt and query performance restored to baseline."
001F7981E5C217E,Rossi & Okonkwo AG,Partner,Logistics,SMB,Lisbon,487176486,22752,597869173,CASE-819727,Partner Portal,Medium,Closed,API Gateway,2023-01-22,2023-02-18,No,Patrick Müller,Senior Engineer,5.0,Patrick Müller from Rossi & Okonkwo AG opened this case after observing severe latency in the API Gateway. Average response times increased from ~200ms to over 3s beginning around 2023-01-21 13:48 UTC. Affects approximately 234 concurrent users in their APAC region. Customer is critical and stated this is blocking their go-live scheduled for next Friday. Support engineer ran a distributed trace; bottleneck identified at the database read replica. Metrics attached to case for engineering review. A hotfix (v2.4.7) was deployed to production at 03:14 UTC resolving the root cause.
001D1BD21B9BCF7,Sato & Larsson GmbH,Customer,Healthcare,Strategic,Brussels,5719858,25744,548633985,CASE-810450,Partner Portal,High,New,Identity & Access Module,2023-09-22,,Yes,Maria Larsson,Platform Architect,,"Customer Maria Larsson at Sato & Larsson GmbH (Tier: Strategic, Industry: Healthcare) submitted a formal feature request for the Identity & Access Module. Request: ability to configure per-user rate limits via API. Business justification: compliance with PCI-DSS 4.0 audit requirements. Use case documented and forwarded to Product Management. Customer expects a roadmap commitment within 1 quarters. PM acknowledged receipt; item added to the backlog with High priority scoring."
0012BFC6BF4D52F,Rossi & Rossi S.r.l.,Partner,Logistics,Mid-Market,Vienna,351582019,22083,592594049,CASE-746551,Email,Medium,New,API Gateway,2024-03-15,,Yes,Clara Kim,DevOps Lead,2.0,"Customer Clara Kim at Rossi & Rossi S.r.l. (Tier: Mid-Market, Industry: Logistics) submitted a formal feature request for the API Gateway. Request: ability to bulk-archive inactive records. Business justification: compliance with PCI-DSS 4.0 audit requirements. Use case documented and forwarded to Product Management. Customer expects a roadmap commitment within 3 quarters. PM acknowledged receipt; item added to the backlog with High priority scoring."
00118E4B4D7C857,Schmidt & Schmidt AB,Customer,Logistics,Strategic,Berlin,40060805,35840,561923119,CASE-851964,Chat,Low,Resolved,Data Sync Engine,2023-03-10,2023-04-09,Yes,Raj Sato,Technical Account Manager,,"Inbound escalation from Schmidt & Schmidt AB (Berlin) — Raj Sato reports the Data Sync Engine has been failing to sync records since 2023-03-10 13:31 UTC. Approximately 31,890 records are stuck in a PENDING state. Error log snippet shared by customer shows DB-CONN-ERR with stack trace pointing to a serialisation issue in the delta-sync processor. Customer is escalating and looped in their VP of Engineering on the call. Workaround: manual re-trigger via admin panel unblocks individual batches but is not scalable. Engineering has reproduced the issue in staging with a dataset of matching schema. A stale CDN cache was purged globally; content now serves correctly in all regions."
001CDE704CD7E99,Johnson & Schmidt GmbH,Partner,Automotive,Mid-Market,Toronto,179908449,21511,511080445,CASE-328554,Email,Medium,Pending Customer,Identity & Access Module,2024-02-01,,Yes,Patrick Larsson,IT Manager,,"Inbound escalation from Johnson & Schmidt GmbH (Toronto) — Patrick Larsson reports the Identity & Access Module has been failing to sync records since 2024-01-30 09:37 UTC. Approximately 14,427 records are stuck in a PENDING state. Error log snippet shared by customer shows AUTH-401 with stack trace pointing to a serialisation issue in the delta-sync processor. Customer is distressed and mentioned potential contractual penalties if unresolved by EOD. Workaround: manual re-trigger via admin panel unblocks individual batches but is not scalable. Engineering has reproduced the issue in staging with a dataset of matching schema. The third-party payment gateway's IP whitelist was updated to include the new NAT range."
001AA5AE56FC3F8,Sato & Müller Inc.,Partner,Manufacturing,Strategic,Vienna,424239768,14514,551300844,CASE-447110,Phone,Critical,In Progress,Analytics Dashboard,2024-08-08,,Yes,Tom Patel,Technical Account Manager,,"Customer Tom Patel at Sato & Müller Inc. (Tier: Strategic, Industry: Manufacturing) submitted a formal feature request for the Analytics Dashboard. Request: ability to receive webhook retries with exponential backoff. Business justification: compliance with ISO 27001 audit requirements. Use case documented and forwarded to Product Management. Customer expects a roadmap commitment within 4 quarters. PM acknowledged receipt; item added to the backlog with High priority scoring."
001BCAA7026E1B9,Rossi & Nguyen AB,Customer,Retail,Enterprise,Warsaw,151677416,44465,554897404,CASE-578715,Web,Low,In Progress,Integration Hub,2025-04-27,,Yes,Ahmed Dupont,Solutions Architect,5.0,Ahmed Dupont from Rossi & Nguyen AB opened this case after observing severe latency in the Integration Hub. Average response times increased from ~200ms to over 4s beginning around 2025-04-25 07:00 UTC. Affects approximately 97 concurrent users in their AMER region. Customer is patient but firm and asked for daily status updates. Support engineer ran a distributed trace; bottleneck identified at the database read replica. Metrics attached to case for engineering review. Workaround provided: client configured batch size to 500 records; permanent fix in sprint 43.
001EDAF427879DA,Patel & Schmidt Inc.,Partner,Energy,SMB,Bratislava,42235102,16776,572001039,CASE-585875,Phone,High,Resolved,Analytics Dashboard,2025-03-20,2025-03-31,Yes,Priya Becker,Solutions Architect,4.0,Ticket raised by Priya Becker (Solutions Architect) at Patel & Schmidt Inc. regarding intermittent authentication failures on the Analytics Dashboard. Approximately 16% of login attempts return a 401 with error TIMEOUT-002. Issue began after they applied their internal SSO policy update on 2025-03-20. Customer tone: very concerned; requested a post-mortem report within 48 hours. Support confirmed SAML assertions are malformed — attribute mapping mismatch in IdP config. Step-by-step remediation guide sent; customer to test in staging before production rollout. The database index was rebuilt and query performance restored to baseline.
00192512E2F1BD1,Patel & Rossi BV,Reseller,Media & Entertainment,Enterprise,Zurich,388544606,290,559129335,CASE-693015,Phone,Low,Resolved,Analytics Dashboard,2024-01-23,2024-01-26,Yes,Sophie Williams,Head of Operations,,New onboarding case for Patel & Rossi BV (Enterprise tier). Primary contact: Sophie Williams (Head of Operations). They are configuring the Analytics Dashboard for the first time and encountered SSL pinning failures in their mobile build pipeline. Implementation engineer scheduled a 60-minute screenshare for 2024-01-20. Customer provided sandbox credentials; issue reproduced and root cause confirmed. Documentation gap identified — will file internal ticket to update the Quick-Start Guide. Customer confirmed resolution after applying the corrected configuration.
00164D74494761C,Patel & Dupont AB,Customer,Retail,SMB,Budapest,403374616,22270,541720102,CASE-602005,Partner Portal,High,Closed,Workflow Automation,2023-06-17,2023-06-18,Yes,Wei Kowalski,Head of Operations,5.0,"Wei Kowalski (Head of Operations) at Patel & Dupont AB contacted support regarding an unexpected charge of $6,351 on their July invoice. Customer claims usage reported by the Workflow Automation does not match their internal telemetry. Discrepancy of approximately 14% in API call counts. Finance team has been looped in. Raw usage logs pulled from billing service for 2023-06-15. Preliminary finding: a duplicate event emitter was introduced in v4.9.7 causing double-counting. Credit memo being processed; ETA 3 business days. The customer's IP range was added to the allowlist following security review approval."
001BABB3770B412,Schmidt & Müller Inc.,Partner,Logistics,SMB,Vienna,336190376,14994,528155669,CASE-794666,Email,Critical,Escalated,API Gateway,2023-07-16,,Yes,Isabella Patel,Head of Operations,,Isabella Patel from Schmidt & Müller Inc. opened this case after observing severe latency in the API Gateway. Average response times increased from ~200ms to over 7s beginning around 2023-07-15 05:46 UTC. Affects approximately 259 concurrent users in their APAC region. Customer is understanding and appreciated the quick response and transparency. Support engineer ran a distributed trace; bottleneck identified at the database read replica. Metrics attached to case for engineering review. Pending further investigation; case escalated to Tier-3 Engineering with P1 SLA applied.
001819827811316,García & Schmidt Inc.,Partner,Media & Entertainment,Mid-Market,Amsterdam,27723473,18163,530034371,CASE-329656,Email,High,Closed,Integration Hub,2023-08-13,2023-08-14,No,Raj Williams,CTO,4.0,Raj Williams from García & Schmidt Inc. opened this case after observing severe latency in the Integration Hub. Average response times increased from ~200ms to over 5s beginning around 2023-08-13 13:23 UTC. Affects approximately 366 concurrent users in their EMEA region. Customer is critical and stated this is blocking their go-live scheduled for next Friday. Support engineer ran a distributed trace; bottleneck identified at the database read replica. Metrics attached to case for engineering review. OAuth token refresh logic was patched; all active sessions re-authenticated successfully.
00132AF531AA363,Andersen & Nguyen Ltd.,Prospect,Media & Entertainment,Mid-Market,Warsaw,384495480,38995,540978675,CASE-968406,Chat,Low,New,API Gateway,2023-09-25,,No,Maria Becker,CTO,3.0,"Customer Maria Becker at Andersen & Nguyen Ltd. (Tier: Mid-Market, Industry: Media & Entertainment) submitted a formal feature request for the API Gateway. Request: ability to schedule reports at sub-hourly intervals. Business justification: compliance with PCI-DSS 4.0 audit requirements. Use case documented and forwarded to Product Management. Customer expects a roadmap commitment within 1 quarters. PM acknowledged receipt; item added to the backlog with High priority scoring."
00169388CD386F2,Kowalski & Kim AB,Partner,Healthcare,Enterprise,Milan,64565683,1921,545389275,CASE-359985,Partner Portal,Medium,In Progress,Analytics Dashboard,2023-07-03,,Yes,Zoe Rossi,Technical Account Manager,5.0,Client in Milan reported a critical failure in the Analytics Dashboard integration causing a duplicate records being created in the CRM. Error code ERR-5500 appears in logs since 2023-06-30 21:56 UTC. Contact Zoe Rossi (Technical Account Manager) was professional during the call and requested SLA credit per the MSA terms. Initial triage confirmed the issue is environment-specific to their US-EAST tenant. Reproduction steps provided; engineering queue updated. Data migration script re-run with corrected field mappings; record integrity confirmed.
001B7A828E2912C,Novak & Larsson AB,Reseller,Retail,Enterprise,Paris,126056862,45913,562881948,CASE-260402,Phone,Low,New,Mobile SDK,2025-09-24,,Yes,Elena Nguyen,IT Manager,3.0,"Inbound escalation from Novak & Larsson AB (Paris) — Elena Nguyen reports the Mobile SDK has been failing to sync records since 2025-09-24 16:03 UTC. Approximately 20,370 records are stuck in a PENDING state. Error log snippet shared by customer shows SSL-HANDSHAKE with stack trace pointing to a serialisation issue in the delta-sync processor. Customer is frustrated and threatened to escalate to executive sponsor. Workaround: manual re-trigger via admin panel unblocks individual batches but is not scalable. Engineering has reproduced the issue in staging with a dataset of matching schema. A stale CDN cache was purged globally; content now serves correctly in all regions."
00177218AFE253F,Williams & García Ltd.,Prospect,Technology,SMB,New York,347975324,39627,560590529,CASE-275400,Chat,High,New,API Gateway,2025-06-22,,Yes,Zoe Kim,Technical Account Manager,1.0,"Inbound escalation from Williams & García Ltd. (New York) — Zoe Kim reports the API Gateway has been failing to sync records since 2025-06-19 12:12 UTC. Approximately 9,327 records are stuck in a PENDING state. Error log snippet shared by customer shows AUTH-401 with stack trace pointing to a serialisation issue in the delta-sync processor. Customer is professional and requested SLA credit per the MSA terms. Workaround: manual re-trigger via admin panel unblocks individual batches but is not scalable. Engineering has reproduced the issue in staging with a dataset of matching schema. Engineering identified a misconfigured load-balancer rule; it was corrected and verified."
001B90B2915B945,Novak & Okonkwo SA,Customer,Technology,Mid-Market,Paris,287082196,48175,576168307,CASE-722978,Partner Portal,Critical,Resolved,Billing Platform,2024-03-19,2024-04-09,No,Nadia Okonkwo,IT Director,1.0,Client in Paris reported a critical failure in the Billing Platform integration causing a API response times exceeding 12 seconds. Error code ERR-3301 appears in logs since 2024-03-16 21:08 UTC. Contact Nadia Okonkwo (IT Director) was escalating during the call and looped in their VP of Engineering on the call. Initial triage confirmed the issue is environment-specific to their EU-WEST tenant. Reproduction steps provided; engineering queue updated. Pending further investigation; case escalated to Tier-3 Engineering with P1 SLA applied.
0018CCE1C8370FB,Kim & Ferreira Inc.,Partner,Insurance,Strategic,Singapore,121249166,16100,544996204,CASE-312134,Phone,High,Escalated,Billing Platform,2024-03-27,,Yes,Priya Tanaka,Senior Engineer,,"Customer Priya Tanaka at Kim & Ferreira Inc. (Tier: Strategic, Industry: Insurance) submitted a formal feature request for the Billing Platform. Request: ability to set custom session timeout policies per role group. Business justification: compliance with GDPR Article 30 audit requirements. Use case documented and forwarded to Product Management. Customer expects a roadmap commitment within 4 quarters. PM acknowledged receipt; item added to the backlog with Medium priority scoring."
001180F27FD45FC,Kowalski & Okonkwo Sp. z o.o.,Prospect,Logistics,SMB,Munich,387984267,41673,555030524,CASE-309052,Web,High,Closed,Workflow Automation,2025-08-14,2025-09-05,No,Zoe Andersen,IT Manager,3.0,"Zoe Andersen (IT Manager) at Kowalski & Okonkwo Sp. z o.o. contacted support regarding an unexpected charge of $9,445 on their June invoice. Customer claims usage reported by the Workflow Automation does not match their internal telemetry. Discrepancy of approximately 22% in API call counts. Finance team has been looped in. Raw usage logs pulled from billing service for 2025-08-11. Preliminary finding: a duplicate event emitter was introduced in v3.6.9 causing double-counting. Credit memo being processed; ETA 6 business days. Root cause traced to a race condition in the async queue; a mutex lock was introduced."
001924CA36DC445,Schmidt & Novak GmbH,Prospect,Energy,Mid-Market,Paris,273254888,5746,555860921,CASE-294369,Chat,High,Resolved,Billing Platform,2023-09-17,2023-10-16,Yes,Fatima Larsson,Technical Account Manager,3.0,Ticket raised by Fatima Larsson (Technical Account Manager) at Schmidt & Novak GmbH regarding intermittent authentication failures on the Billing Platform. Approximately 55% of login attempts return a 401 with error ERR-3301. Issue began after they applied their internal SSO policy update on 2023-09-17. Customer tone: professional; requested SLA credit per the MSA terms. Support confirmed SAML assertions are malformed — attribute mapping mismatch in IdP config. Step-by-step remediation guide sent; customer to test in staging before production rollout. SSL certificate renewed and propagated across all edge nodes within the maintenance window.
001408F1A660D25,Dupont & Andersen Inc.,Customer,Healthcare,Mid-Market,Madrid,358967553,17362,597330798,CASE-670909,Partner Portal,High,Escalated,API Gateway,2025-07-17,,Yes,Elena Sato,IT Manager,1.0,Client in Madrid reported a critical failure in the API Gateway integration causing a file attachments over 10 MB silently dropped. Error code ERR-4403 appears in logs since 2025-07-15 04:15 UTC. Contact Elena Sato (IT Manager) was professional during the call and requested SLA credit per the MSA terms. Initial triage confirmed the issue is environment-specific to their AP-SOUTH tenant. Reproduction steps provided; engineering queue updated. The third-party payment gateway's IP whitelist was updated to include the new NAT range.
001933825FCA487,Dupont & Schmidt GmbH,Customer,Retail,Enterprise,Stockholm,266617471,34798,557817462,CASE-275124,Email,Critical,Closed,Reporting Suite,2025-04-25,2025-05-16,Yes,Wei Johnson,Head of Operations,3.0,"Customer Wei Johnson at Dupont & Schmidt GmbH (Tier: Enterprise, Industry: Retail) submitted a formal feature request for the Reporting Suite. Request: ability to set custom session timeout policies per role group. Business justification: compliance with PCI-DSS 4.0 audit requirements. Use case documented and forwarded to Product Management. Customer expects a roadmap commitment within 4 quarters. PM acknowledged receipt; item added to the backlog with High priority scoring."
001A13E0C485D12,Becker & Hassan Sp. z o.o.,Reseller,Technology,SMB,Oslo,26596988,7378,576735750,CASE-303419,Email,Critical,Closed,Analytics Dashboard,2024-03-04,2024-03-31,No,Nadia Patel,DevOps Lead,3.0,Ticket raised by Nadia Patel (DevOps Lead) at Becker & Hassan Sp. z o.o. regarding intermittent authentication failures on the Analytics Dashboard. Approximately 33% of login attempts return a 401 with error SYNC-FAIL-07. Issue began after they applied their internal SSO policy update on 2024-03-02. Customer tone: patient but firm; asked for daily status updates. Support confirmed SAML assertions are malformed — attribute mapping mismatch in IdP config. Step-by-step remediation guide sent; customer to test in staging before production rollout. SSL certificate renewed and propagated across all edge nodes within the maintenance window.
001396625693E2B,Dupont & Andersen GmbH,Prospect,Manufacturing,Strategic,Lisbon,438206075,10004,568965657,CASE-663095,Phone,Critical,Closed,Mobile SDK,2024-10-25,2024-11-14,Yes,Wei Schmidt,CTO,3.0,New onboarding case for Dupont & Andersen GmbH (Strategic tier). Primary contact: Wei Schmidt (CTO). They are configuring the Mobile SDK for the first time and encountered SSL pinning failures in their mobile build pipeline. Implementation engineer scheduled a 60-minute screenshare for 2024-10-22. Customer provided sandbox credentials; issue reproduced and root cause confirmed. Documentation gap identified — will file internal ticket to update the Quick-Start Guide. Customer confirmed resolution after applying the corrected configuration.
0017949D1483CC0,Rossi & Kim Inc.,Customer,Financial Services,Enterprise,Sydney,228897034,1744,591096407,CASE-415751,Email,Critical,In Progress,API Gateway,2023-11-08,,Yes,Nadia Tanaka,Senior Engineer,4.0,"Inbound escalation from Rossi & Kim Inc. (Sydney) — Nadia Tanaka reports the API Gateway has been failing to sync records since 2023-11-05 21:11 UTC. Approximately 32,899 records are stuck in a PENDING state. Error log snippet shared by customer shows ERR-5500 with stack trace pointing to a serialisation issue in the delta-sync processor. Customer is very concerned and requested a post-mortem report within 48 hours. Workaround: manual re-trigger via admin panel unblocks individual batches but is not scalable. Engineering has reproduced the issue in staging with a dataset of matching schema. A hotfix (v2.4.7) was deployed to production at 03:14 UTC resolving the root cause."
001B8BBAA68A1BA,Patel & Schmidt Corp.,Reseller,Healthcare,Mid-Market,Amsterdam,421456740,16140,556166791,CASE-234029,Web,Medium,Closed,Mobile SDK,2024-12-09,2025-01-01,Yes,Marcus Nguyen,IT Director,2.0,"Marcus Nguyen (IT Director) at Patel & Schmidt Corp. contacted support regarding an unexpected charge of $2,630 on their April invoice. Customer claims usage reported by the Mobile SDK does not match their internal telemetry. Discrepancy of approximately 14% in API call counts. Finance team has been looped in. Raw usage logs pulled from billing service for 2024-12-07. Preliminary finding: a duplicate event emitter was introduced in v4.7.3 causing double-counting. Credit memo being processed; ETA 7 business days. Data migration script re-run with corrected field mappings; record integrity confirmed."
001B9403137A751,Larsson & Johnson Inc.,Prospect,Pharmaceuticals,Mid-Market,Amsterdam,19160784,30781,563297325,CASE-196089,Phone,Low,New,API Gateway,2024-08-11,,Yes,Patrick Johnson,Platform Architect,5.0,"Inbound escalation from Larsson & Johnson Inc. (Amsterdam) — Patrick Johnson reports the API Gateway has been failing to sync records since 2024-08-09 15:44 UTC. Approximately 25,999 records are stuck in a PENDING state. Error log snippet shared by customer shows SSL-HANDSHAKE with stack trace pointing to a serialisation issue in the delta-sync processor. Customer is patient but firm and asked for daily status updates. Workaround: manual re-trigger via admin panel unblocks individual batches but is not scalable. Engineering has reproduced the issue in staging with a dataset of matching schema. SSL certificate renewed and propagated across all edge nodes within the maintenance window."
0016DCA7F71BA1F,Tanaka & Nguyen AG,Partner,Pharmaceuticals,Mid-Market,London,479898029,36597,585191544,CASE-762825,Email,Critical,Resolved,Identity & Access Module,2025-02-19,2025-03-18,No,Isabella Dupont,Senior Engineer,5.0,"Customer Isabella Dupont at Tanaka & Nguyen AG (Tier: Mid-Market, Industry: Pharmaceuticals) submitted a formal feature request for the Identity & Access Module. Request: ability to set custom session timeout policies per role group. Business justification: compliance with HIPAA §164.312 audit requirements. Use case documented and forwarded to Product Management. Customer expects a roadmap commitment within 3 quarters. PM acknowledged receipt; item added to the backlog with Medium priority scoring."
001AB82DD49B308,García & Tanaka Inc.,Customer,Energy,Strategic,New York,405505384,39818,549196532,CASE-366082,Email,Medium,New,Identity & Access Module,2024-10-26,,Yes,Ahmed García,IT Director,5.0,"Customer Ahmed García at García & Tanaka Inc. (Tier: Strategic, Industry: Energy) submitted a formal feature request for the Identity & Access Module. Request: ability to set custom session timeout policies per role group. Business justification: compliance with SOC 2 Type II audit requirements. Use case documented and forwarded to Product Management. Customer expects a roadmap commitment within 2 quarters. PM acknowledged receipt; item added to the backlog with Medium priority scoring."
0013D35C8C04B09,Johnson & Kowalski Ltd.,Customer,Financial Services,Strategic,Prague,146290530,26015,576005098,CASE-389175,Phone,High,New,Analytics Dashboard,2024-11-22,,Yes,Maria Nguyen,VP of Engineering,4.0,New onboarding case for Johnson & Kowalski Ltd. (Strategic tier). Primary contact: Maria Nguyen (VP of Engineering). They are configuring the Analytics Dashboard for the first time and encountered difficulty mapping their existing data schema to our object model. Implementation engineer scheduled a 60-minute screenshare for 2024-11-21. Customer provided sandbox credentials; issue reproduced and root cause confirmed. Documentation gap identified — will file internal ticket to update the Quick-Start Guide. Customer confirmed resolution after applying the corrected configuration.
001BCC178979A89,Johnson & Nguyen Inc.,Prospect,Pharmaceuticals,SMB,Zurich,356966285,26178,540767884,CASE-698643,Chat,Medium,Resolved,Data Sync Engine,2024-10-25,2024-10-26,No,Zoe Rossi,IT Manager,,"Customer Zoe Rossi at Johnson & Nguyen Inc. (Tier: SMB, Industry: Pharmaceuticals) submitted a formal feature request for the Data Sync Engine. Request: ability to bulk-archive inactive records. Business justification: compliance with GDPR Article 30 audit requirements. Use case documented and forwarded to Product Management. Customer expects a roadmap commitment within 4 quarters. PM acknowledged receipt; item added to the backlog with High priority scoring."
001948F7C6B004E,Rossi & Becker SA,Prospect,Logistics,SMB,Warsaw,177639654,28076,546456110,CASE-117728,Partner Portal,Critical,Closed,Security Manager,2023-05-29,2023-06-16,No,Luca Larsson,VP of Engineering,5.0,Client in Warsaw reported a critical failure in the Security Manager integration causing a two-factor authentication codes not being delivered. Error code TIMEOUT-002 appears in logs since 2023-05-28 20:42 UTC. Contact Luca Larsson (VP of Engineering) was escalating during the call and looped in their VP of Engineering on the call. Initial triage confirmed the issue is environment-specific to their PROD-2 tenant. Reproduction steps provided; engineering queue updated. The customer's IP range was added to the allowlist following security review approval.
001B2E08A992E65,Becker & Patel GmbH,Reseller,Logistics,Mid-Market,Brussels,52090065,8919,598802796,CASE-194167,Email,Medium,Closed,API Gateway,2025-09-04,2025-10-01,Yes,Tom Patel,VP of Engineering,2.0,"Tom Patel (VP of Engineering) at Becker & Patel GmbH contacted support regarding an unexpected charge of $9,564 on their April invoice. Customer claims usage reported by the API Gateway does not match their internal telemetry. Discrepancy of approximately 32% in API call counts. Finance team has been looped in. Raw usage logs pulled from billing service for 2025-09-04. Preliminary finding: a duplicate event emitter was introduced in v4.6.7 causing double-counting. Credit memo being processed; ETA 6 business days. Data migration script re-run with corrected field mappings; record integrity confirmed."
0010B70990EAC72,Kowalski & Kowalski Ltd.,Partner,Telecommunications,Strategic,Tokyo,235568448,42741,562264845,CASE-807736,Phone,Low,In Progress,API Gateway,2025-12-07,,Yes,Yuki Becker,VP of Engineering,5.0,New onboarding case for Kowalski & Kowalski Ltd. (Strategic tier). Primary contact: Yuki Becker (VP of Engineering). They are configuring the API Gateway for the first time and encountered SSL pinning failures in their mobile build pipeline. Implementation engineer scheduled a 60-minute screenshare for 2025-12-04. Customer provided sandbox credentials; issue reproduced and root cause confirmed. Documentation gap identified — will file internal ticket to update the Quick-Start Guide. Customer confirmed resolution after applying the corrected configuration.
0018C94CD355046,Sato & Kim Ltd.,Reseller,Insurance,Strategic,Oslo,177031570,20245,535283412,CASE-132377,Partner Portal,Medium,Closed,Integration Hub,2025-05-10,2025-05-12,Yes,Henrik García,VP of Engineering,2.0,"Henrik García (VP of Engineering) at Sato & Kim Ltd. contacted support regarding an unexpected charge of $2,242 on their April invoice. Customer claims usage reported by the Integration Hub does not match their internal telemetry. Discrepancy of approximately 7% in API call counts. Finance team has been looped in. Raw usage logs pulled from billing service for 2025-05-08. Preliminary finding: a duplicate event emitter was introduced in v2.1.9 causing double-counting. Credit memo being processed; ETA 2 business days. The third-party payment gateway's IP whitelist was updated to include the new NAT range."
001332B98C86746,Kowalski & Schmidt GmbH,Reseller,Logistics,Strategic,Munich,212909337,20075,551498353,CASE-671217,Chat,Low,Resolved,Mobile SDK,2024-07-11,2024-07-24,No,Wei Kim,CTO,3.0,Wei Kim from Kowalski & Schmidt GmbH opened this case after observing severe latency in the Mobile SDK. Average response times increased from ~200ms to over 12s beginning around 2024-07-09 18:40 UTC. Affects approximately 240 concurrent users in their APAC region. Customer is distressed and mentioned potential contractual penalties if unresolved by EOD. Support engineer ran a distributed trace; bottleneck identified at the database read replica. Metrics attached to case for engineering review. Engineering identified a misconfigured load-balancer rule; it was corrected and verified.
001936295F0BB3B,Schmidt & Becker Ltd.,Reseller,Retail,Strategic,Budapest,107433864,2476,589035895,CASE-875018,Chat,Medium,In Progress,Workflow Automation,2025-05-23,,No,Daniel Müller,Senior Engineer,5.0,Ticket raised by Daniel Müller (Senior Engineer) at Schmidt & Becker Ltd. regarding intermittent authentication failures on the Workflow Automation. Approximately 64% of login attempts return a 401 with error SYNC-FAIL-07. Issue began after they applied their internal SSO policy update on 2025-05-23. Customer tone: patient but firm; asked for daily status updates. Support confirmed SAML assertions are malformed — attribute mapping mismatch in IdP config. Step-by-step remediation guide sent; customer to test in staging before production rollout. Engineering identified a misconfigured load-balancer rule; it was corrected and verified.
001822801543A2D,Sato & Ferreira GmbH,Partner,Automotive,SMB,London,284513410,10567,572098857,CASE-533612,Email,Low,New,Analytics Dashboard,2025-02-17,,Yes,Maria Larsson,IT Director,2.0,Ticket raised by Maria Larsson (IT Director) at Sato & Ferreira GmbH regarding intermittent authentication failures on the Analytics Dashboard. Approximately 45% of login attempts return a 401 with error SSL-HANDSHAKE. Issue began after they applied their internal SSO policy update on 2025-02-16. Customer tone: very concerned; requested a post-mortem report within 48 hours. Support confirmed SAML assertions are malformed — attribute mapping mismatch in IdP config. Step-by-step remediation guide sent; customer to test in staging before production rollout. A stale CDN cache was purged globally; content now serves correctly in all regions.
001ED90A981997B,Johnson & Kim BV,Partner,Insurance,SMB,Helsinki,165529582,46477,544547356,CASE-923724,Phone,Medium,Escalated,Security Manager,2025-03-16,,Yes,Zoe Becker,DevOps Lead,4.0,New onboarding case for Johnson & Kim BV (SMB tier). Primary contact: Zoe Becker (DevOps Lead). They are configuring the Security Manager for the first time and encountered SSL pinning failures in their mobile build pipeline. Implementation engineer scheduled a 60-minute screenshare for 2025-03-14. Customer provided sandbox credentials; issue reproduced and root cause confirmed. Documentation gap identified — will file internal ticket to update the Quick-Start Guide. Customer confirmed resolution after applying the corrected configuration.
00144AD2079EA95,Johnson & Sato SA,Partner,Insurance,Mid-Market,Singapore,78939066,14724,516408122,CASE-722142,Web,Low,Resolved,Security Manager,2024-05-11,2024-05-11,Yes,Wei Kim,IT Manager,5.0,Ticket raised by Wei Kim (IT Manager) at Johnson & Sato SA regarding intermittent authentication failures on the Security Manager. Approximately 32% of login attempts return a 401 with error SSL-HANDSHAKE. Issue began after they applied their internal SSO policy update on 2024-05-09. Customer tone: distressed; mentioned potential contractual penalties if unresolved by EOD. Support confirmed SAML assertions are malformed — attribute mapping mismatch in IdP config. Step-by-step remediation guide sent; customer to test in staging before production rollout. Pending further investigation; case escalated to Tier-3 Engineering with P1 SLA applied.
001091EA525428E,Tanaka & Müller Inc.,Reseller,Automotive,SMB,Oslo,175962023,19759,579601571,CASE-464639,Email,Medium,New,Data Sync Engine,2024-05-25,,No,Raj Ferreira,VP of Engineering,3.0,New onboarding case for Tanaka & Müller Inc. (SMB tier). Primary contact: Raj Ferreira (VP of Engineering). They are configuring the Data Sync Engine for the first time and encountered difficulty mapping their existing data schema to our object model. Implementation engineer scheduled a 60-minute screenshare for 2024-05-24. Customer provided sandbox credentials; issue reproduced and root cause confirmed. Documentation gap identified — will file internal ticket to update the Quick-Start Guide. Customer confirmed resolution after applying the corrected configuration.
00172F8936BB7FE,Sato & Becker SA,Partner,Insurance,Mid-Market,Brussels,304676851,3588,513675662,CASE-248305,Web,Critical,Closed,Analytics Dashboard,2023-03-18,2023-03-22,Yes,Fatima Andersen,IT Manager,,Client in Brussels reported a critical failure in the Analytics Dashboard integration causing a API response times exceeding 12 seconds. Error code SYNC-FAIL-07 appears in logs since 2023-03-17 00:02 UTC. Contact Fatima Andersen (IT Manager) was escalating during the call and looped in their VP of Engineering on the call. Initial triage confirmed the issue is environment-specific to their AP-SOUTH tenant. Reproduction steps provided; engineering queue updated. Root cause traced to a race condition in the async queue; a mutex lock was introduced.
0012D80A4CBBC0E,Novak & Becker AG,Prospect,Pharmaceuticals,Strategic,Warsaw,379432226,23635,584162069,CASE-412837,Email,Medium,New,Identity & Access Module,2024-11-08,,Yes,Isabella Schmidt,Technical Account Manager,4.0,"Isabella Schmidt (Technical Account Manager) at Novak & Becker AG contacted support regarding an unexpected charge of $6,555 on their April invoice. Customer claims usage reported by the Identity & Access Module does not match their internal telemetry. Discrepancy of approximately 10% in API call counts. Finance team has been looped in. Raw usage logs pulled from billing service for 2024-11-06. Preliminary finding: a duplicate event emitter was introduced in v2.3.8 causing double-counting. Credit memo being processed; ETA 6 business days. The third-party payment gateway's IP whitelist was updated to include the new NAT range."
001069F4383419D,Müller & Johnson Ltd.,Prospect,Retail,SMB,Berlin,218779616,13635,598049954,CASE-213017,Phone,Medium,In Progress,Analytics Dashboard,2024-01-26,,Yes,Zoe Tanaka,DevOps Lead,5.0,"Inbound escalation from Müller & Johnson Ltd. (Berlin) — Zoe Tanaka reports the Analytics Dashboard has been failing to sync records since 2024-01-23 05:59 UTC. Approximately 47,306 records are stuck in a PENDING state. Error log snippet shared by customer shows SSL-HANDSHAKE with stack trace pointing to a serialisation issue in the delta-sync processor. Customer is distressed and mentioned potential contractual penalties if unresolved by EOD. Workaround: manual re-trigger via admin panel unblocks individual batches but is not scalable. Engineering has reproduced the issue in staging with a dataset of matching schema. Root cause traced to a race condition in the async queue; a mutex lock was introduced."
00117889520787F,Tanaka & Sato SA,Partner,Media & Entertainment,Strategic,Helsinki,476232572,42858,522035381,CASE-778044,Chat,Low,New,Integration Hub,2023-02-27,,Yes,Henrik Okonkwo,IT Manager,,New onboarding case for Tanaka & Sato SA (Strategic tier). Primary contact: Henrik Okonkwo (IT Manager). They are configuring the Integration Hub for the first time and encountered missing permissions on the service account used for integration. Implementation engineer scheduled a 60-minute screenshare for 2023-02-27. Customer provided sandbox credentials; issue reproduced and root cause confirmed. Documentation gap identified — will file internal ticket to update the Quick-Start Guide. Customer confirmed resolution after applying the corrected configuration.
001BE49921999D0,Larsson & Müller Inc.,Prospect,Retail,Enterprise,Vienna,227126262,25624,555411287,CASE-289974,Chat,Medium,Resolved,Billing Platform,2024-03-01,2024-03-18,Yes,Priya Novak,IT Director,2.0,New onboarding case for Larsson & Müller Inc. (Enterprise tier). Primary contact: Priya Novak (IT Director). They are configuring the Billing Platform for the first time and encountered confusion around webhook signature verification. Implementation engineer scheduled a 60-minute screenshare for 2024-02-28. Customer provided sandbox credentials; issue reproduced and root cause confirmed. Documentation gap identified — will file internal ticket to update the Quick-Start Guide. Customer confirmed resolution after applying the corrected configuration.
001BA011A4055A1,Nguyen & Sato AG,Partner,Pharmaceuticals,Mid-Market,Milan,12293210,14392,536476938,CASE-365959,Chat,Low,New,Security Manager,2024-04-23,,No,Ahmed Okonkwo,Platform Architect,,Ahmed Okonkwo from Nguyen & Sato AG opened this case after observing severe latency in the Security Manager. Average response times increased from ~200ms to over 13s beginning around 2024-04-23 04:01 UTC. Affects approximately 471 concurrent users in their APAC region. Customer is very concerned and requested a post-mortem report within 48 hours. Support engineer ran a distributed trace; bottleneck identified at the database read replica. Metrics attached to case for engineering review. SSL certificate renewed and propagated across all edge nodes within the maintenance window.
0019DDB311B30C5,Johnson & Müller Inc.,Customer,Financial Services,Strategic,Warsaw,42505801,11350,540981524,CASE-870405,Partner Portal,Medium,In Progress,Mobile SDK,2023-10-18,,No,Elena Okonkwo,DevOps Lead,1.0,"Customer Elena Okonkwo at Johnson & Müller Inc. (Tier: Strategic, Industry: Financial Services) submitted a formal feature request for the Mobile SDK. Request: ability to configure per-user rate limits via API. Business justification: compliance with ISO 27001 audit requirements. Use case documented and forwarded to Product Management. Customer expects a roadmap commitment within 2 quarters. PM acknowledged receipt; item added to the backlog with Medium priority scoring."
001ADE61774DCE5,Rossi & Ferreira Inc.,Prospect,Manufacturing,Enterprise,Toronto,28481278,24474,517850353,CASE-560688,Chat,Medium,In Progress,Analytics Dashboard,2024-08-29,,No,Raj Schmidt,IT Director,,"Customer Raj Schmidt at Rossi & Ferreira Inc. (Tier: Enterprise, Industry: Manufacturing) submitted a formal feature request for the Analytics Dashboard. Request: ability to schedule reports at sub-hourly intervals. Business justification: compliance with HIPAA §164.312 audit requirements. Use case documented and forwarded to Product Management. Customer expects a roadmap commitment within 3 quarters. PM acknowledged receipt; item added to the backlog with Medium priority scoring."
001FB0610118807,Novak & Ferreira Inc.,Customer,Healthcare,Mid-Market,Budapest,97071651,10204,552501103,CASE-727884,Phone,Medium,Escalated,Billing Platform,2023-04-13,,No,Aisha Johnson,Solutions Architect,4.0,"Customer Aisha Johnson at Novak & Ferreira Inc. (Tier: Mid-Market, Industry: Healthcare) submitted a formal feature request for the Billing Platform. Request: ability to receive webhook retries with exponential backoff. Business justification: compliance with GDPR Article 30 audit requirements. Use case documented and forwarded to Product Management. Customer expects a roadmap commitment within 3 quarters. PM acknowledged receipt; item added to the backlog with High priority scoring."
001A0AE4C287594,Rossi & Müller AG,Customer,Telecommunications,Mid-Market,Zurich,127043797,45681,556527328,CASE-821797,Partner Portal,Low,Resolved,Identity & Access Module,2025-07-13,2025-08-12,Yes,Ahmed Rossi,Head of Operations,5.0,"Inbound escalation from Rossi & Müller AG (Zurich) — Ahmed Rossi reports the Identity & Access Module has been failing to sync records since 2025-07-13 05:06 UTC. Approximately 30,280 records are stuck in a PENDING state. Error log snippet shared by customer shows ERR-5021 with stack trace pointing to a serialisation issue in the delta-sync processor. Customer is very concerned and requested a post-mortem report within 48 hours. Workaround: manual re-trigger via admin panel unblocks individual batches but is not scalable. Engineering has reproduced the issue in staging with a dataset of matching schema. SSL certificate renewed and propagated across all edge nodes within the maintenance window."
0015C478A86731C,Andersen & Larsson Inc.,Reseller,Media & Entertainment,Enterprise,Stockholm,55273536,11325,533555599,CASE-249007,Chat,Low,New,Identity & Access Module,2023-11-06,,Yes,Clara Williams,Technical Account Manager,2.0,Ticket raised by Clara Williams (Technical Account Manager) at Andersen & Larsson Inc. regarding intermittent authentication failures on the Identity & Access Module. Approximately 76% of login attempts return a 401 with error SYNC-FAIL-07. Issue began after they applied their internal SSO policy update on 2023-11-04. Customer tone: escalating; looped in their VP of Engineering on the call. Support confirmed SAML assertions are malformed — attribute mapping mismatch in IdP config. Step-by-step remediation guide sent; customer to test in staging before production rollout. The database index was rebuilt and query performance restored to baseline.
001718DADD67B9A,Okonkwo & Andersen Corp.,Partner,Financial Services,SMB,Madrid,397804825,48240,510202363,CASE-825987,Partner Portal,High,In Progress,Billing Platform,2023-11-03,,Yes,Yuki Nguyen,IT Manager,3.0,New onboarding case for Okonkwo & Andersen Corp. (SMB tier). Primary contact: Yuki Nguyen (IT Manager). They are configuring the Billing Platform for the first time and encountered difficulty mapping their existing data schema to our object model. Implementation engineer scheduled a 60-minute screenshare for 2023-11-02. Customer provided sandbox credentials; issue reproduced and root cause confirmed. Documentation gap identified — will file internal ticket to update the Quick-Start Guide. Customer confirmed resolution after applying the corrected configuration.
001E2E37A6C8258,Schmidt & Andersen Sp. z o.o.,Prospect,Telecommunications,Enterprise,Stockholm,330058029,44778,560670300,CASE-903162,Partner Portal,Medium,New,Billing Platform,2025-10-25,,Yes,Raj Okonkwo,CTO,5.0,New onboarding case for Schmidt & Andersen Sp. z o.o. (Enterprise tier). Primary contact: Raj Okonkwo (CTO). They are configuring the Billing Platform for the first time and encountered difficulty mapping their existing data schema to our object model. Implementation engineer scheduled a 60-minute screenshare for 2025-10-22. Customer provided sandbox credentials; issue reproduced and root cause confirmed. Documentation gap identified — will file internal ticket to update the Quick-Start Guide. Customer confirmed resolution after applying the corrected configuration.
00112995919A6C3,Patel & Williams BV,Reseller,Automotive,Strategic,Amsterdam,495109452,32647,573641389,CASE-434397,Email,High,In Progress,Reporting Suite,2024-06-11,,Yes,Henrik García,IT Manager,5.0,Henrik García from Patel & Williams BV opened this case after observing severe latency in the Reporting Suite. Average response times increased from ~200ms to over 3s beginning around 2024-06-10 12:27 UTC. Affects approximately 224 concurrent users in their EMEA region. Customer is patient but firm and asked for daily status updates. Support engineer ran a distributed trace; bottleneck identified at the database read replica. Metrics attached to case for engineering review. Root cause traced to a race condition in the async queue; a mutex lock was introduced.
0018EAF2A2D96B1,Tanaka & Sato SA,Partner,Pharmaceuticals,Enterprise,Warsaw,23070867,9947,589378026,CASE-433180,Web,Low,Pending Customer,Analytics Dashboard,2023-10-02,,Yes,Raj Patel,VP of Engineering,4.0,Client in Warsaw reported a critical failure in the Analytics Dashboard integration causing a webhook events not firing for payment completions. Error code ERR-5500 appears in logs since 2023-10-02 20:23 UTC. Contact Raj Patel (VP of Engineering) was escalating during the call and looped in their VP of Engineering on the call. Initial triage confirmed the issue is environment-specific to their PROD-2 tenant. Reproduction steps provided; engineering queue updated. The database index was rebuilt and query performance restored to baseline.
001B8870FA7EB66,Williams & Hassan GmbH,Partner,Media & Entertainment,SMB,Singapore,389114743,7020,539935290,CASE-786504,Partner Portal,Critical,In Progress,Analytics Dashboard,2023-03-29,,Yes,Daniel Andersen,Head of Operations,3.0,Ticket raised by Daniel Andersen (Head of Operations) at Williams & Hassan GmbH regarding intermittent authentication failures on the Analytics Dashboard. Approximately 25% of login attempts return a 401 with error ERR-4403. Issue began after they applied their internal SSO policy update on 2023-03-26. Customer tone: escalating; looped in their VP of Engineering on the call. Support confirmed SAML assertions are malformed — attribute mapping mismatch in IdP config. Step-by-step remediation guide sent; customer to test in staging before production rollout. Pending further investigation; case escalated to Tier-3 Engineering with P1 SLA applied.
00143D500827D4E,Dupont & Larsson S.r.l.,Reseller,Manufacturing,Mid-Market,Paris,288147630,32745,563883504,CASE-412427,Phone,Critical,Resolved,Data Sync Engine,2023-12-21,2024-01-03,Yes,Fatima Hassan,IT Director,5.0,New onboarding case for Dupont & Larsson S.r.l. (Mid-Market tier). Primary contact: Fatima Hassan (IT Director). They are configuring the Data Sync Engine for the first time and encountered difficulty mapping their existing data schema to our object model. Implementation engineer scheduled a 60-minute screenshare for 2023-12-21. Customer provided sandbox credentials; issue reproduced and root cause confirmed. Documentation gap identified — will file internal ticket to update the Quick-Start Guide. Customer confirmed resolution after applying the corrected configuration.
0012E63CA2AA250,Müller & Nguyen Inc.,Reseller,Pharmaceuticals,Enterprise,Vienna,343174474,34378,574483772,CASE-356431,Web,Medium,Pending Customer,Mobile SDK,2024-09-25,,No,Zoe Schmidt,Technical Account Manager,5.0,"Zoe Schmidt (Technical Account Manager) at Müller & Nguyen Inc. contacted support regarding an unexpected charge of $6,781 on their May invoice. Customer claims usage reported by the Mobile SDK does not match their internal telemetry. Discrepancy of approximately 30% in API call counts. Finance team has been looped in. Raw usage logs pulled from billing service for 2024-09-23. Preliminary finding: a duplicate event emitter was introduced in v4.4.1 causing double-counting. Credit memo being processed; ETA 6 business days. Root cause traced to a race condition in the async queue; a mutex lock was introduced."
001B1EA1FAB815A,Tanaka & Patel AG,Customer,Manufacturing,Mid-Market,Chicago,24912667,18643,531890260,CASE-741449,Web,High,Escalated,Billing Platform,2024-01-05,,Yes,Patrick Becker,Platform Architect,3.0,Patrick Becker from Tanaka & Patel AG opened this case after observing severe latency in the Billing Platform. Average response times increased from ~200ms to over 11s beginning around 2024-01-05 19:09 UTC. Affects approximately 479 concurrent users in their AMER region. Customer is distressed and mentioned potential contractual penalties if unresolved by EOD. Support engineer ran a distributed trace; bottleneck identified at the database read replica. Metrics attached to case for engineering review. Workaround provided: client configured batch size to 500 records; permanent fix in sprint 43.
0015971D124E2CF,Williams & Andersen Corp.,Partner,Healthcare,Strategic,London,60035582,48202,583759721,CASE-120869,Phone,High,In Progress,Security Manager,2025-07-03,,No,Clara Williams,Head of Operations,4.0,Client in London reported a critical failure in the Security Manager integration causing a 30% drop in data syncs. Error code ERR-5500 appears in logs since 2025-07-02 13:37 UTC. Contact Clara Williams (Head of Operations) was professional during the call and requested SLA credit per the MSA terms. Initial triage confirmed the issue is environment-specific to their EU-WEST tenant. Reproduction steps provided; engineering queue updated. A hotfix (v2.4.7) was deployed to production at 03:14 UTC resolving the root cause.
00115C767B692A1,Schmidt & Okonkwo GmbH,Partner,Logistics,Mid-Market,Munich,476326496,34708,541533557,CASE-676542,Phone,Medium,Escalated,Analytics Dashboard,2024-11-20,,Yes,Carlos Dupont,Senior Engineer,4.0,New onboarding case for Schmidt & Okonkwo GmbH (Mid-Market tier). Primary contact: Carlos Dupont (Senior Engineer). They are configuring the Analytics Dashboard for the first time and encountered SSL pinning failures in their mobile build pipeline. Implementation engineer scheduled a 60-minute screenshare for 2024-11-19. Customer provided sandbox credentials; issue reproduced and root cause confirmed. Documentation gap identified — will file internal ticket to update the Quick-Start Guide. Customer confirmed resolution after applying the corrected configuration.
0017DE8A1D4F801,Ferreira & Becker Ltd.,Partner,Automotive,Enterprise,Madrid,474027728,32882,591794133,CASE-504083,Email,High,Resolved,API Gateway,2025-07-12,2025-08-08,No,Ingrid Patel,Platform Architect,4.0,Ingrid Patel from Ferreira & Becker Ltd. opened this case after observing severe latency in the API Gateway. Average response times increased from ~200ms to over 11s beginning around 2025-07-09 17:44 UTC. Affects approximately 182 concurrent users in their AMER region. Customer is very concerned and requested a post-mortem report within 48 hours. Support engineer ran a distributed trace; bottleneck identified at the database read replica. Metrics attached to case for engineering review. Engineering identified a misconfigured load-balancer rule; it was corrected and verified.
00123BAC05D1811,Kim & Dupont GmbH,Partner,Pharmaceuticals,Strategic,Tokyo,108478206,14795,591708236,CASE-259755,Phone,High,Closed,Analytics Dashboard,2025-03-25,2025-03-29,Yes,Ingrid Novak,VP of Engineering,1.0,Ingrid Novak from Kim & Dupont GmbH opened this case after observing severe latency in the Analytics Dashboard. Average response times increased from ~200ms to over 14s beginning around 2025-03-22 03:15 UTC. Affects approximately 317 concurrent users in their AMER region. Customer is distressed and mentioned potential contractual penalties if unresolved by EOD. Support engineer ran a distributed trace; bottleneck identified at the database read replica. Metrics attached to case for engineering review. Engineering identified a misconfigured load-balancer rule; it was corrected and verified.
0012905C0B72BF3,Becker & Larsson Corp.,Customer,Telecommunications,SMB,Helsinki,460222881,42882,545755742,CASE-359378,Phone,High,Resolved,API Gateway,2025-04-11,2025-05-01,No,Sophie Müller,IT Director,5.0,Client in Helsinki reported a critical failure in the API Gateway integration causing a duplicate records being created in the CRM. Error code ERR-4403 appears in logs since 2025-04-08 15:24 UTC. Contact Sophie Müller (IT Director) was distressed during the call and mentioned potential contractual penalties if unresolved by EOD. Initial triage confirmed the issue is environment-specific to their PROD-2 tenant. Reproduction steps provided; engineering queue updated. The customer's IP range was added to the allowlist following security review approval.
00190A32E2C7801,Kowalski & Patel GmbH,Prospect,Healthcare,SMB,Toronto,374125199,26175,581654359,CASE-503148,Email,Medium,Pending Customer,Security Manager,2025-05-08,,Yes,Fatima Larsson,IT Director,1.0,"Customer Fatima Larsson at Kowalski & Patel GmbH (Tier: SMB, Industry: Healthcare) submitted a formal feature request for the Security Manager. Request: ability to bulk-archive inactive records. Business justification: compliance with HIPAA §164.312 audit requirements. Use case documented and forwarded to Product Management. Customer expects a roadmap commitment within 2 quarters. PM acknowledged receipt; item added to the backlog with Medium priority scoring."
001B270CA0C5FDF,Schmidt & Ferreira SA,Customer,Pharmaceuticals,Mid-Market,Singapore,239435370,17581,594208414,CASE-598261,Email,Low,Resolved,Workflow Automation,2024-10-29,2024-11-25,No,Zoe Becker,IT Director,5.0,"Zoe Becker (IT Director) at Schmidt & Ferreira SA contacted support regarding an unexpected charge of $5,189 on their March invoice. Customer claims usage reported by the Workflow Automation does not match their internal telemetry. Discrepancy of approximately 33% in API call counts. Finance team has been looped in. Raw usage logs pulled from billing service for 2024-10-28. Preliminary finding: a duplicate event emitter was introduced in v4.9.6 causing double-counting. Credit memo being processed; ETA 5 business days. A hotfix (v2.4.7) was deployed to production at 03:14 UTC resolving the root cause."
00152BA9E61CC5C,Sato & Kim AB,Partner,Financial Services,Strategic,Oslo,431461154,39873,577654908,CASE-988122,Web,Critical,Resolved,Billing Platform,2025-10-16,2025-11-15,No,Zoe Williams,DevOps Lead,4.0,Client in Oslo reported a critical failure in the Billing Platform integration causing a mobile app crashes on launch for iOS 17+. Error code SYNC-FAIL-07 appears in logs since 2025-10-14 17:22 UTC. Contact Zoe Williams (DevOps Lead) was escalating during the call and looped in their VP of Engineering on the call. Initial triage confirmed the issue is environment-specific to their AP-SOUTH tenant. Reproduction steps provided; engineering queue updated. OAuth token refresh logic was patched; all active sessions re-authenticated successfully.
0013B07ABFD4093,Williams & Patel S.r.l.,Customer,Media & Entertainment,Enterprise,Prague,449159940,2067,532015250,CASE-517827,Email,Low,In Progress,Mobile SDK,2024-08-22,,Yes,Daniel Schmidt,IT Manager,4.0,Client in Prague reported a critical failure in the Mobile SDK integration causing a mobile app crashes on launch for iOS 17+. Error code DB-CONN-ERR appears in logs since 2024-08-22 08:18 UTC. Contact Daniel Schmidt (IT Manager) was professional during the call and requested SLA credit per the MSA terms. Initial triage confirmed the issue is environment-specific to their EU-WEST tenant. Reproduction steps provided; engineering queue updated. A hotfix (v2.4.7) was deployed to production at 03:14 UTC resolving the root cause.
001669A5EFC0D55,Novak & Novak Corp.,Customer,Manufacturing,SMB,Oslo,177602984,31628,550952683,CASE-799145,Partner Portal,High,Closed,Integration Hub,2024-06-01,2024-06-28,No,Priya Schmidt,Head of Operations,3.0,Priya Schmidt from Novak & Novak Corp. opened this case after observing severe latency in the Integration Hub. Average response times increased from ~200ms to over 11s beginning around 2024-05-30 16:06 UTC. Affects approximately 187 concurrent users in their APAC region. Customer is very concerned and requested a post-mortem report within 48 hours. Support engineer ran a distributed trace; bottleneck identified at the database read replica. Metrics attached to case for engineering review. OAuth token refresh logic was patched; all active sessions re-authenticated successfully.
0011496A6590717,Nguyen & Nguyen AG,Prospect,Manufacturing,Strategic,Munich,346808213,13333,512320274,CASE-474799,Chat,Medium,Resolved,Workflow Automation,2023-01-27,2023-02-20,Yes,Maria Larsson,Technical Account Manager,5.0,New onboarding case for Nguyen & Nguyen AG (Strategic tier). Primary contact: Maria Larsson (Technical Account Manager). They are configuring the Workflow Automation for the first time and encountered difficulty mapping their existing data schema to our object model. Implementation engineer scheduled a 60-minute screenshare for 2023-01-27. Customer provided sandbox credentials; issue reproduced and root cause confirmed. Documentation gap identified — will file internal ticket to update the Quick-Start Guide. Customer confirmed resolution after applying the corrected configuration.
001CC6368FB10BE,Kowalski & Schmidt AG,Customer,Insurance,Mid-Market,New York,17266481,7415,594694525,CASE-886558,Email,Low,Pending Customer,Reporting Suite,2024-08-25,,Yes,Maria Hassan,Head of Operations,,"Inbound escalation from Kowalski & Schmidt AG (New York) — Maria Hassan reports the Reporting Suite has been failing to sync records since 2024-08-22 14:36 UTC. Approximately 15,633 records are stuck in a PENDING state. Error log snippet shared by customer shows ERR-3301 with stack trace pointing to a serialisation issue in the delta-sync processor. Customer is frustrated and threatened to escalate to executive sponsor. Workaround: manual re-trigger via admin panel unblocks individual batches but is not scalable. Engineering has reproduced the issue in staging with a dataset of matching schema. A stale CDN cache was purged globally; content now serves correctly in all regions."
001B5C352E2E56C,Becker & Novak AB,Reseller,Technology,Mid-Market,Stockholm,76608633,8270,525680543,CASE-439326,Web,Low,New,Security Manager,2023-03-30,,No,Zoe Okonkwo,Senior Engineer,1.0,Zoe Okonkwo from Becker & Novak AB opened this case after observing severe latency in the Security Manager. Average response times increased from ~200ms to over 9s beginning around 2023-03-27 15:17 UTC. Affects approximately 403 concurrent users in their EMEA region. Customer is critical and stated this is blocking their go-live scheduled for next Friday. Support engineer ran a distributed trace; bottleneck identified at the database read replica. Metrics attached to case for engineering review. The database index was rebuilt and query performance restored to baseline.
00158CDD8383374,Ferreira & Schmidt SA,Prospect,Healthcare,Enterprise,Madrid,291045870,18921,553712070,CASE-490453,Partner Portal,High,Pending Customer,Workflow Automation,2024-04-28,,No,Zoe Kim,Solutions Architect,3.0,Ticket raised by Zoe Kim (Solutions Architect) at Ferreira & Schmidt SA regarding intermittent authentication failures on the Workflow Automation. Approximately 17% of login attempts return a 401 with error ERR-4009. Issue began after they applied their internal SSO policy update on 2024-04-27. Customer tone: patient but firm; asked for daily status updates. Support confirmed SAML assertions are malformed — attribute mapping mismatch in IdP config. Step-by-step remediation guide sent; customer to test in staging before production rollout. The customer's IP range was added to the allowlist following security review approval.
001EA5A4AC814A0,García & Dupont Inc.,Partner,Logistics,Enterprise,Zurich,212234614,8380,598370567,CASE-293813,Phone,Critical,Closed,Reporting Suite,2023-06-17,2023-06-17,No,Nadia Larsson,Technical Account Manager,2.0,Client in Zurich reported a critical failure in the Reporting Suite integration causing a search results returning stale cached data. Error code SYNC-FAIL-07 appears in logs since 2023-06-16 09:21 UTC. Contact Nadia Larsson (Technical Account Manager) was patient but firm during the call and asked for daily status updates. Initial triage confirmed the issue is environment-specific to their PROD-2 tenant. Reproduction steps provided; engineering queue updated. The database index was rebuilt and query performance restored to baseline.
0015D6FF6F96DA1,Okonkwo & Patel Inc.,Prospect,Technology,Mid-Market,Budapest,75631382,46724,551960195,CASE-206328,Chat,Critical,In Progress,Security Manager,2024-12-10,,Yes,Daniel Novak,Technical Account Manager,4.0,"Customer Daniel Novak at Okonkwo & Patel Inc. (Tier: Mid-Market, Industry: Technology) submitted a formal feature request for the Security Manager. Request: ability to bulk-archive inactive records. Business justification: compliance with PCI-DSS 4.0 audit requirements. Use case documented and forwarded to Product Management. Customer expects a roadmap commitment within 1 quarters. PM acknowledged receipt; item added to the backlog with Medium priority scoring."
001E7315A7FE7AC,Andersen & Ferreira Sp. z o.o.,Prospect,Financial Services,SMB,Paris,343361107,14088,557864995,CASE-909896,Email,Medium,In Progress,API Gateway,2025-12-19,,No,Clara Rossi,DevOps Lead,5.0,Ticket raised by Clara Rossi (DevOps Lead) at Andersen & Ferreira Sp. z o.o. regarding intermittent authentication failures on the API Gateway. Approximately 19% of login attempts return a 401 with error SYNC-FAIL-07. Issue began after they applied their internal SSO policy update on 2025-12-19. Customer tone: understanding; appreciated the quick response and transparency. Support confirmed SAML assertions are malformed — attribute mapping mismatch in IdP config. Step-by-step remediation guide sent; customer to test in staging before production rollout. Engineering identified a misconfigured load-balancer rule; it was corrected and verified.
001011544F389DB,Müller & Okonkwo Ltd.,Partner,Insurance,SMB,Warsaw,105316380,8189,581115416,CASE-328351,Chat,Critical,New,Security Manager,2025-07-29,,Yes,Clara García,Solutions Architect,2.0,"Clara García (Solutions Architect) at Müller & Okonkwo Ltd. contacted support regarding an unexpected charge of $4,126 on their July invoice. Customer claims usage reported by the Security Manager does not match their internal telemetry. Discrepancy of approximately 16% in API call counts. Finance team has been looped in. Raw usage logs pulled from billing service for 2025-07-28. Preliminary finding: a duplicate event emitter was introduced in v3.0.8 causing double-counting. Credit memo being processed; ETA 5 business days. The customer's IP range was added to the allowlist following security review approval."
00131E9D38B876A,Kim & Novak AB,Prospect,Manufacturing,Enterprise,Oslo,97963156,8020,569749751,CASE-825100,Web,Low,New,Workflow Automation,2023-12-23,,Yes,Carlos Schmidt,IT Director,5.0,Ticket raised by Carlos Schmidt (IT Director) at Kim & Novak AB regarding intermittent authentication failures on the Workflow Automation. Approximately 46% of login attempts return a 401 with error ERR-4009. Issue began after they applied their internal SSO policy update on 2023-12-20. Customer tone: escalating; looped in their VP of Engineering on the call. Support confirmed SAML assertions are malformed — attribute mapping mismatch in IdP config. Step-by-step remediation guide sent; customer to test in staging before production rollout. SSL certificate renewed and propagated across all edge nodes within the maintenance window.
0010D6F698CD77A,Kim & Andersen AB,Reseller,Financial Services,Enterprise,Helsinki,399022905,24841,531821826,CASE-721270,Chat,Critical,Pending Customer,Integration Hub,2023-08-08,,Yes,Isabella García,Solutions Architect,2.0,Client in Helsinki reported a critical failure in the Integration Hub integration causing a file attachments over 10 MB silently dropped. Error code AUTH-401 appears in logs since 2023-08-06 13:43 UTC. Contact Isabella García (Solutions Architect) was escalating during the call and looped in their VP of Engineering on the call. Initial triage confirmed the issue is environment-specific to their US-EAST tenant. Reproduction steps provided; engineering queue updated. Data migration script re-run with corrected field mappings; record integrity confirmed.
00135BFA54E08FE,Sato & Sato GmbH,Prospect,Insurance,SMB,Singapore,258031911,14944,587502610,CASE-117785,Partner Portal,High,Resolved,Mobile SDK,2025-05-30,2025-05-31,Yes,Clara Sato,CTO,1.0,Client in Singapore reported a critical failure in the Mobile SDK integration causing a API response times exceeding 12 seconds. Error code ERR-4403 appears in logs since 2025-05-28 10:03 UTC. Contact Clara Sato (CTO) was very concerned during the call and requested a post-mortem report within 48 hours. Initial triage confirmed the issue is environment-specific to their PROD-2 tenant. Reproduction steps provided; engineering queue updated. Pending further investigation; case escalated to Tier-3 Engineering with P1 SLA applied.
001FFEB675EBEE2,Kim & Williams Corp.,Partner,Technology,SMB,Helsinki,301706057,24319,575804038,CASE-444555,Partner Portal,Medium,Pending Customer,Analytics Dashboard,2024-08-26,,Yes,Marcus Hassan,Solutions Architect,5.0,"Marcus Hassan (Solutions Architect) at Kim & Williams Corp. contacted support regarding an unexpected charge of $12,355 on their March invoice. Customer claims usage reported by the Analytics Dashboard does not match their internal telemetry. Discrepancy of approximately 8% in API call counts. Finance team has been looped in. Raw usage logs pulled from billing service for 2024-08-23. Preliminary finding: a duplicate event emitter was introduced in v2.2.1 causing double-counting. Credit memo being processed; ETA 5 business days. Workaround provided: client configured batch size to 500 records; permanent fix in sprint 43."
00171561B48CEE3,Ferreira & Schmidt BV,Prospect,Telecommunications,Enterprise,Bratislava,435840671,6490,545685256,CASE-933413,Email,Low,Escalated,Analytics Dashboard,2024-09-04,,No,Wei Rossi,Technical Account Manager,1.0,"Wei Rossi (Technical Account Manager) at Ferreira & Schmidt BV contacted support regarding an unexpected charge of $8,770 on their June invoice. Customer claims usage reported by the Analytics Dashboard does not match their internal telemetry. Discrepancy of approximately 38% in API call counts. Finance team has been looped in. Raw usage logs pulled from billing service for 2024-09-03. Preliminary finding: a duplicate event emitter was introduced in v2.1.2 causing double-counting. Credit memo being processed; ETA 7 business days. OAuth token refresh logic was patched; all active sessions re-authenticated successfully."
001A5BD46D64BE3,Rossi & Sato Ltd.,Customer,Financial Services,Mid-Market,Tokyo,148194388,22066,587368164,CASE-111908,Phone,High,Resolved,Integration Hub,2025-10-26,2025-11-21,Yes,Aisha Dupont,Technical Account Manager,4.0,"Inbound escalation from Rossi & Sato Ltd. (Tokyo) — Aisha Dupont reports the Integration Hub has been failing to sync records since 2025-10-24 13:54 UTC. Approximately 38,320 records are stuck in a PENDING state. Error log snippet shared by customer shows ERR-5021 with stack trace pointing to a serialisation issue in the delta-sync processor. Customer is distressed and mentioned potential contractual penalties if unresolved by EOD. Workaround: manual re-trigger via admin panel unblocks individual batches but is not scalable. Engineering has reproduced the issue in staging with a dataset of matching schema. The third-party payment gateway's IP whitelist was updated to include the new NAT range."
001BB6703AAADA1,Hassan & Novak GmbH,Prospect,Manufacturing,Strategic,Copenhagen,105275120,8302,562957459,CASE-120945,Phone,Critical,Closed,Mobile SDK,2024-03-01,2024-03-01,Yes,Henrik Okonkwo,Solutions Architect,5.0,"Customer Henrik Okonkwo at Hassan & Novak GmbH (Tier: Strategic, Industry: Manufacturing) submitted a formal feature request for the Mobile SDK. Request: ability to export audit logs in CEF format. Business justification: compliance with ISO 27001 audit requirements. Use case documented and forwarded to Product Management. Customer expects a roadmap commitment within 2 quarters. PM acknowledged receipt; item added to the backlog with High priority scoring."
0015E959D19B90D,Müller & Sato GmbH,Customer,Telecommunications,SMB,Bratislava,459838837,32927,526511054,CASE-144791,Web,Medium,Resolved,Analytics Dashboard,2024-10-07,2024-11-02,Yes,Nadia Becker,Head of Operations,1.0,Ticket raised by Nadia Becker (Head of Operations) at Müller & Sato GmbH regarding intermittent authentication failures on the Analytics Dashboard. Approximately 32% of login attempts return a 401 with error SYNC-FAIL-07. Issue began after they applied their internal SSO policy update on 2024-10-05. Customer tone: understanding; appreciated the quick response and transparency. Support confirmed SAML assertions are malformed — attribute mapping mismatch in IdP config. Step-by-step remediation guide sent; customer to test in staging before production rollout. OAuth token refresh logic was patched; all active sessions re-authenticated successfully.
00166E3CB99E0E4,Ferreira & Rossi Ltd.,Reseller,Healthcare,SMB,Prague,305630550,16088,538049598,CASE-470388,Email,Critical,Resolved,Integration Hub,2025-10-13,2025-11-05,Yes,Omar Tanaka,Senior Engineer,5.0,"Omar Tanaka (Senior Engineer) at Ferreira & Rossi Ltd. contacted support regarding an unexpected charge of $5,670 on their July invoice. Customer claims usage reported by the Integration Hub does not match their internal telemetry. Discrepancy of approximately 25% in API call counts. Finance team has been looped in. Raw usage logs pulled from billing service for 2025-10-12. Preliminary finding: a duplicate event emitter was introduced in v3.1.5 causing double-counting. Credit memo being processed; ETA 7 business days. A stale CDN cache was purged globally; content now serves correctly in all regions."
00174103097D71B,Sato & Patel BV,Customer,Automotive,Mid-Market,Lisbon,204420136,19027,543030893,CASE-511972,Partner Portal,Critical,New,Data Sync Engine,2024-11-15,,Yes,Raj Kowalski,Senior Engineer,5.0,New onboarding case for Sato & Patel BV (Mid-Market tier). Primary contact: Raj Kowalski (Senior Engineer). They are configuring the Data Sync Engine for the first time and encountered confusion around webhook signature verification. Implementation engineer scheduled a 60-minute screenshare for 2024-11-12. Customer provided sandbox credentials; issue reproduced and root cause confirmed. Documentation gap identified — will file internal ticket to update the Quick-Start Guide. Customer confirmed resolution after applying the corrected configuration.
001CD13BC641760,Becker & Schmidt BV,Customer,Telecommunications,Mid-Market,Brussels,203282040,16714,544416747,CASE-172024,Chat,Critical,Resolved,Reporting Suite,2023-02-27,2023-03-04,Yes,Ingrid Nguyen,Platform Architect,,Ticket raised by Ingrid Nguyen (Platform Architect) at Becker & Schmidt BV regarding intermittent authentication failures on the Reporting Suite. Approximately 46% of login attempts return a 401 with error ERR-4009. Issue began after they applied their internal SSO policy update on 2023-02-26. Customer tone: distressed; mentioned potential contractual penalties if unresolved by EOD. Support confirmed SAML assertions are malformed — attribute mapping mismatch in IdP config. Step-by-step remediation guide sent; customer to test in staging before production rollout. The third-party payment gateway's IP whitelist was updated to include the new NAT range.
001722C3072BA68,Novak & Novak GmbH,Prospect,Automotive,SMB,Oslo,77116806,31900,566330969,CASE-318660,Chat,High,New,Mobile SDK,2024-06-27,,Yes,Maria García,IT Director,3.0,"Inbound escalation from Novak & Novak GmbH (Oslo) — Maria García reports the Mobile SDK has been failing to sync records since 2024-06-27 11:07 UTC. Approximately 44,830 records are stuck in a PENDING state. Error log snippet shared by customer shows ERR-3301 with stack trace pointing to a serialisation issue in the delta-sync processor. Customer is understanding and appreciated the quick response and transparency. Workaround: manual re-trigger via admin panel unblocks individual batches but is not scalable. Engineering has reproduced the issue in staging with a dataset of matching schema. SSL certificate renewed and propagated across all edge nodes within the maintenance window."
0015AF46F00B81C,Müller & Becker Sp. z o.o.,Customer,Pharmaceuticals,Mid-Market,London,306338075,11393,533237546,CASE-630219,Partner Portal,Medium,Closed,Security Manager,2024-10-11,2024-11-02,No,Ingrid Sato,IT Manager,3.0,Ticket raised by Ingrid Sato (IT Manager) at Müller & Becker Sp. z o.o. regarding intermittent authentication failures on the Security Manager. Approximately 49% of login attempts return a 401 with error ERR-4403. Issue began after they applied their internal SSO policy update on 2024-10-10. Customer tone: critical; stated this is blocking their go-live scheduled for next Friday. Support confirmed SAML assertions are malformed — attribute mapping mismatch in IdP config. Step-by-step remediation guide sent; customer to test in staging before production rollout. Workaround provided: client configured batch size to 500 records; permanent fix in sprint 43.
00189C60E813CFC,Becker & Novak S.r.l.,Prospect,Logistics,Strategic,Zurich,416929109,47251,514713027,CASE-312960,Web,High,Pending Customer,Analytics Dashboard,2025-10-02,,Yes,Carlos Schmidt,VP of Engineering,5.0,New onboarding case for Becker & Novak S.r.l. (Strategic tier). Primary contact: Carlos Schmidt (VP of Engineering). They are configuring the Analytics Dashboard for the first time and encountered missing permissions on the service account used for integration. Implementation engineer scheduled a 60-minute screenshare for 2025-10-02. Customer provided sandbox credentials; issue reproduced and root cause confirmed. Documentation gap identified — will file internal ticket to update the Quick-Start Guide. Customer confirmed resolution after applying the corrected configuration.
001518A557E6B1D,Kim & Kowalski Sp. z o.o.,Partner,Pharmaceuticals,Strategic,Amsterdam,385683475,562,591207477,CASE-113061,Partner Portal,Critical,New,Reporting Suite,2025-01-05,,Yes,Carlos Nguyen,CTO,2.0,New onboarding case for Kim & Kowalski Sp. z o.o. (Strategic tier). Primary contact: Carlos Nguyen (CTO). They are configuring the Reporting Suite for the first time and encountered SSL pinning failures in their mobile build pipeline. Implementation engineer scheduled a 60-minute screenshare for 2025-01-04. Customer provided sandbox credentials; issue reproduced and root cause confirmed. Documentation gap identified — will file internal ticket to update the Quick-Start Guide. Customer confirmed resolution after applying the corrected configuration.
001C72D371AAFDD,Müller & Andersen AG,Customer,Energy,Enterprise,Tokyo,328642536,2293,597560003,CASE-473397,Chat,Low,In Progress,Analytics Dashboard,2023-09-19,,Yes,Tom Patel,IT Director,,New onboarding case for Müller & Andersen AG (Enterprise tier). Primary contact: Tom Patel (IT Director). They are configuring the Analytics Dashboard for the first time and encountered difficulty mapping their existing data schema to our object model. Implementation engineer scheduled a 60-minute screenshare for 2023-09-16. Customer provided sandbox credentials; issue reproduced and root cause confirmed. Documentation gap identified — will file internal ticket to update the Quick-Start Guide. Customer confirmed resolution after applying the corrected configuration.
0014C101E89DC77,Dupont & Sato Ltd.,Customer,Technology,Enterprise,New York,32442335,40733,574789740,CASE-849298,Partner Portal,Medium,In Progress,API Gateway,2023-04-26,,Yes,Patrick Andersen,IT Director,5.0,Ticket raised by Patrick Andersen (IT Director) at Dupont & Sato Ltd. regarding intermittent authentication failures on the API Gateway. Approximately 23% of login attempts return a 401 with error ERR-3301. Issue began after they applied their internal SSO policy update on 2023-04-23. Customer tone: patient but firm; asked for daily status updates. Support confirmed SAML assertions are malformed — attribute mapping mismatch in IdP config. Step-by-step remediation guide sent; customer to test in staging before production rollout. The customer's IP range was added to the allowlist following security review approval.
001E0B91ED2BC9A,Patel & Larsson AG,Partner,Financial Services,Strategic,Lisbon,155984585,926,545569674,CASE-972815,Email,High,In Progress,Analytics Dashboard,2025-03-09,,No,Carlos Patel,Solutions Architect,,New onboarding case for Patel & Larsson AG (Strategic tier). Primary contact: Carlos Patel (Solutions Architect). They are configuring the Analytics Dashboard for the first time and encountered CORS policy errors when calling the API from their SPA. Implementation engineer scheduled a 60-minute screenshare for 2025-03-07. Customer provided sandbox credentials; issue reproduced and root cause confirmed. Documentation gap identified — will file internal ticket to update the Quick-Start Guide. Customer confirmed resolution after applying the corrected configuration.
0016389FFB96A9D,Nguyen & García GmbH,Reseller,Insurance,Enterprise,Oslo,241367570,45522,597617026,CASE-278085,Phone,High,Resolved,API Gateway,2024-01-30,2024-02-03,Yes,Ingrid Dupont,Solutions Architect,,Client in Oslo reported a critical failure in the API Gateway integration causing a audit logs missing entries for the past 48 hours. Error code ERR-4009 appears in logs since 2024-01-28 12:33 UTC. Contact Ingrid Dupont (Solutions Architect) was critical during the call and stated this is blocking their go-live scheduled for next Friday. Initial triage confirmed the issue is environment-specific to their PROD-2 tenant. Reproduction steps provided; engineering queue updated. Root cause traced to a race condition in the async queue; a mutex lock was introduced.
00109CC6720FF4A,Schmidt & Okonkwo Sp. z o.o.,Customer,Manufacturing,Enterprise,Chicago,51921329,32445,542667925,CASE-243195,Web,Critical,New,Security Manager,2025-01-08,,Yes,Raj Schmidt,Solutions Architect,4.0,"Raj Schmidt (Solutions Architect) at Schmidt & Okonkwo Sp. z o.o. contacted support regarding an unexpected charge of $3,742 on their July invoice. Customer claims usage reported by the Security Manager does not match their internal telemetry. Discrepancy of approximately 34% in API call counts. Finance team has been looped in. Raw usage logs pulled from billing service for 2025-01-07. Preliminary finding: a duplicate event emitter was introduced in v2.3.0 causing double-counting. Credit memo being processed; ETA 7 business days. SSL certificate renewed and propagated across all edge nodes within the maintenance window."
001E597646C11D0,Kowalski & Rossi AB,Customer,Manufacturing,Enterprise,Madrid,432286471,16648,552441437,CASE-844431,Web,Low,New,Data Sync Engine,2024-02-23,,Yes,Nadia Hassan,Solutions Architect,4.0,Nadia Hassan from Kowalski & Rossi AB opened this case after observing severe latency in the Data Sync Engine. Average response times increased from ~200ms to over 12s beginning around 2024-02-20 18:02 UTC. Affects approximately 95 concurrent users in their AMER region. Customer is very concerned and requested a post-mortem report within 48 hours. Support engineer ran a distributed trace; bottleneck identified at the database read replica. Metrics attached to case for engineering review. Engineering identified a misconfigured load-balancer rule; it was corrected and verified.
001C96ACAF6C894,Kim & Kim Inc.,Reseller,Financial Services,Strategic,Brussels,8766070,9451,555945576,CASE-289880,Email,Medium,New,Billing Platform,2024-09-19,,Yes,Ahmed Johnson,IT Director,1.0,Ticket raised by Ahmed Johnson (IT Director) at Kim & Kim Inc. regarding intermittent authentication failures on the Billing Platform. Approximately 79% of login attempts return a 401 with error ERR-3301. Issue began after they applied their internal SSO policy update on 2024-09-18. Customer tone: frustrated; threatened to escalate to executive sponsor. Support confirmed SAML assertions are malformed — attribute mapping mismatch in IdP config. Step-by-step remediation guide sent; customer to test in staging before production rollout. A stale CDN cache was purged globally; content now serves correctly in all regions.
0013C7F736AB2A7,Larsson & Okonkwo AG,Customer,Telecommunications,Strategic,Chicago,350295920,30524,590890057,CASE-958092,Web,Critical,Pending Customer,Analytics Dashboard,2025-02-08,,Yes,Yuki Becker,Platform Architect,3.0,Yuki Becker from Larsson & Okonkwo AG opened this case after observing severe latency in the Analytics Dashboard. Average response times increased from ~200ms to over 14s beginning around 2025-02-08 06:43 UTC. Affects approximately 193 concurrent users in their AMER region. Customer is critical and stated this is blocking their go-live scheduled for next Friday. Support engineer ran a distributed trace; bottleneck identified at the database read replica. Metrics attached to case for engineering review. The customer's IP range was added to the allowlist following security review approval.
001392B005A23CE,Okonkwo & Novak Corp.,Reseller,Healthcare,Strategic,Warsaw,407151829,46089,548323962,CASE-868089,Partner Portal,Low,Pending Customer,API Gateway,2023-09-27,,Yes,Zoe Dupont,VP of Engineering,4.0,Zoe Dupont from Okonkwo & Novak Corp. opened this case after observing severe latency in the API Gateway. Average response times increased from ~200ms to over 15s beginning around 2023-09-27 03:36 UTC. Affects approximately 459 concurrent users in their AMER region. Customer is professional and requested SLA credit per the MSA terms. Support engineer ran a distributed trace; bottleneck identified at the database read replica. Metrics attached to case for engineering review. Pending further investigation; case escalated to Tier-3 Engineering with P1 SLA applied.
001798BC91802BB,Kim & Ferreira SA,Reseller,Manufacturing,Mid-Market,Budapest,441198204,43090,584825073,CASE-192873,Partner Portal,Critical,In Progress,Reporting Suite,2025-02-15,,Yes,Marcus Andersen,CTO,4.0,"Marcus Andersen (CTO) at Kim & Ferreira SA contacted support regarding an unexpected charge of $4,977 on their July invoice. Customer claims usage reported by the Reporting Suite does not match their internal telemetry. Discrepancy of approximately 13% in API call counts. Finance team has been looped in. Raw usage logs pulled from billing service for 2025-02-15. Preliminary finding: a duplicate event emitter was introduced in v2.6.4 causing double-counting. Credit memo being processed; ETA 2 business days. A hotfix (v2.4.7) was deployed to production at 03:14 UTC resolving the root cause."
00100B4AE3A7700,Andersen & Hassan AB,Partner,Insurance,Mid-Market,Prague,63457969,14690,587052284,CASE-653421,Chat,Medium,New,Mobile SDK,2023-09-19,,Yes,Tom Novak,DevOps Lead,4.0,"Inbound escalation from Andersen & Hassan AB (Prague) — Tom Novak reports the Mobile SDK has been failing to sync records since 2023-09-18 10:14 UTC. Approximately 10,201 records are stuck in a PENDING state. Error log snippet shared by customer shows ERR-5021 with stack trace pointing to a serialisation issue in the delta-sync processor. Customer is patient but firm and asked for daily status updates. Workaround: manual re-trigger via admin panel unblocks individual batches but is not scalable. Engineering has reproduced the issue in staging with a dataset of matching schema. The database index was rebuilt and query performance restored to baseline."
0019494B56059F8,García & García GmbH,Reseller,Manufacturing,Mid-Market,Paris,134001980,19126,564130831,CASE-575463,Email,Critical,Resolved,Reporting Suite,2023-10-31,2023-10-31,Yes,Daniel Schmidt,CTO,,Client in Paris reported a critical failure in the Reporting Suite integration causing a complete loss of SSO functionality. Error code ERR-3301 appears in logs since 2023-10-31 11:57 UTC. Contact Daniel Schmidt (CTO) was very concerned during the call and requested a post-mortem report within 48 hours. Initial triage confirmed the issue is environment-specific to their EU-WEST tenant. Reproduction steps provided; engineering queue updated. Root cause traced to a race condition in the async queue; a mutex lock was introduced.
001C60C311BF82A,Ferreira & Sato S.r.l.,Customer,Financial Services,Enterprise,Munich,208915750,593,582716080,CASE-933782,Web,Medium,Closed,Mobile SDK,2023-11-08,2023-11-22,Yes,Isabella García,Technical Account Manager,5.0,"Customer Isabella García at Ferreira & Sato S.r.l. (Tier: Enterprise, Industry: Financial Services) submitted a formal feature request for the Mobile SDK. Request: ability to schedule reports at sub-hourly intervals. Business justification: compliance with HIPAA §164.312 audit requirements. Use case documented and forwarded to Product Management. Customer expects a roadmap commitment within 3 quarters. PM acknowledged receipt; item added to the backlog with Medium priority scoring."
001748C29CB14A4,Dupont & Dupont Ltd.,Customer,Financial Services,Enterprise,Zurich,171407897,6069,598872644,CASE-733475,Partner Portal,Medium,New,API Gateway,2025-11-20,,Yes,Priya Becker,Solutions Architect,3.0,Client in Zurich reported a critical failure in the API Gateway integration causing a audit logs missing entries for the past 48 hours. Error code SSL-HANDSHAKE appears in logs since 2025-11-18 21:14 UTC. Contact Priya Becker (Solutions Architect) was patient but firm during the call and asked for daily status updates. Initial triage confirmed the issue is environment-specific to their AP-SOUTH tenant. Reproduction steps provided; engineering queue updated. The database index was rebuilt and query performance restored to baseline.
001D7C3F99E8040,Becker & Becker GmbH,Prospect,Retail,SMB,Munich,152640387,38152,546686837,CASE-524067,Chat,Low,Resolved,API Gateway,2023-05-21,2023-06-02,Yes,Priya Andersen,Solutions Architect,,Ticket raised by Priya Andersen (Solutions Architect) at Becker & Becker GmbH regarding intermittent authentication failures on the API Gateway. Approximately 12% of login attempts return a 401 with error DB-CONN-ERR. Issue began after they applied their internal SSO policy update on 2023-05-19. Customer tone: very concerned; requested a post-mortem report within 48 hours. Support confirmed SAML assertions are malformed — attribute mapping mismatch in IdP config. Step-by-step remediation guide sent; customer to test in staging before production rollout. The database index was rebuilt and query performance restored to baseline.
001E77AA3BF9304,Ferreira & Williams SA,Partner,Automotive,Enterprise,Vienna,18582184,34801,556526658,CASE-625123,Phone,Low,Pending Customer,Analytics Dashboard,2023-07-07,,Yes,Priya Hassan,CTO,3.0,Priya Hassan from Ferreira & Williams SA opened this case after observing severe latency in the Analytics Dashboard. Average response times increased from ~200ms to over 10s beginning around 2023-07-06 04:41 UTC. Affects approximately 126 concurrent users in their APAC region. Customer is patient but firm and asked for daily status updates. Support engineer ran a distributed trace; bottleneck identified at the database read replica. Metrics attached to case for engineering review. Pending further investigation; case escalated to Tier-3 Engineering with P1 SLA applied.
00152FA6CA22F3F,Rossi & Patel Corp.,Prospect,Energy,SMB,Amsterdam,58043366,35986,525595477,CASE-819971,Chat,Critical,In Progress,Analytics Dashboard,2024-03-31,,Yes,James Kim,VP of Engineering,5.0,New onboarding case for Rossi & Patel Corp. (SMB tier). Primary contact: James Kim (VP of Engineering). They are configuring the Analytics Dashboard for the first time and encountered difficulty mapping their existing data schema to our object model. Implementation engineer scheduled a 60-minute screenshare for 2024-03-29. Customer provided sandbox credentials; issue reproduced and root cause confirmed. Documentation gap identified — will file internal ticket to update the Quick-Start Guide. Customer confirmed resolution after applying the corrected configuration.
001BCE651BEE722,Patel & Johnson GmbH,Customer,Insurance,Enterprise,Warsaw,46269883,8384,585370985,CASE-354073,Partner Portal,High,New,Billing Platform,2025-03-25,,No,Wei Williams,DevOps Lead,,"Inbound escalation from Patel & Johnson GmbH (Warsaw) — Wei Williams reports the Billing Platform has been failing to sync records since 2025-03-25 01:03 UTC. Approximately 6,380 records are stuck in a PENDING state. Error log snippet shared by customer shows ERR-5500 with stack trace pointing to a serialisation issue in the delta-sync processor. Customer is frustrated and threatened to escalate to executive sponsor. Workaround: manual re-trigger via admin panel unblocks individual batches but is not scalable. Engineering has reproduced the issue in staging with a dataset of matching schema. OAuth token refresh logic was patched; all active sessions re-authenticated successfully."
001E0EAAC20DDAB,Novak & Larsson GmbH,Prospect,Insurance,Strategic,Milan,120967581,47884,544701832,CASE-427215,Chat,Critical,Pending Customer,Data Sync Engine,2024-12-19,,Yes,Henrik Andersen,Solutions Architect,5.0,"Customer Henrik Andersen at Novak & Larsson GmbH (Tier: Strategic, Industry: Insurance) submitted a formal feature request for the Data Sync Engine. Request: ability to configure per-user rate limits via API. Business justification: compliance with SOC 2 Type II audit requirements. Use case documented and forwarded to Product Management. Customer expects a roadmap commitment within 4 quarters. PM acknowledged receipt; item added to the backlog with Medium priority scoring."
001C394FD9109A1,Schmidt & Larsson Sp. z o.o.,Partner,Automotive,SMB,Zurich,139803496,15402,556938936,CASE-685455,Chat,Critical,Pending Customer,Mobile SDK,2023-02-21,,No,Daniel Johnson,Platform Architect,4.0,"Customer Daniel Johnson at Schmidt & Larsson Sp. z o.o. (Tier: SMB, Industry: Automotive) submitted a formal feature request for the Mobile SDK. Request: ability to receive webhook retries with exponential backoff. Business justification: compliance with SOC 2 Type II audit requirements. Use case documented and forwarded to Product Management. Customer expects a roadmap commitment within 2 quarters. PM acknowledged receipt; item added to the backlog with Medium priority scoring."
0019462D6B6B6AC,Becker & Nguyen BV,Prospect,Healthcare,Mid-Market,New York,41618082,40734,569314812,CASE-528626,Partner Portal,Low,In Progress,Reporting Suite,2024-01-11,,Yes,Marcus Nguyen,IT Manager,5.0,Marcus Nguyen from Becker & Nguyen BV opened this case after observing severe latency in the Reporting Suite. Average response times increased from ~200ms to over 10s beginning around 2024-01-08 14:00 UTC. Affects approximately 249 concurrent users in their EMEA region. Customer is understanding and appreciated the quick response and transparency. Support engineer ran a distributed trace; bottleneck identified at the database read replica. Metrics attached to case for engineering review. Pending further investigation; case escalated to Tier-3 Engineering with P1 SLA applied.
0015496D6E51A03,Kim & Hassan Corp.,Partner,Insurance,Enterprise,Madrid,168651731,17827,538115244,CASE-422541,Phone,Medium,In Progress,Identity & Access Module,2025-01-10,,No,Sophie Hassan,Solutions Architect,4.0,Ticket raised by Sophie Hassan (Solutions Architect) at Kim & Hassan Corp. regarding intermittent authentication failures on the Identity & Access Module. Approximately 19% of login attempts return a 401 with error ERR-5500. Issue began after they applied their internal SSO policy update on 2025-01-10. Customer tone: patient but firm; asked for daily status updates. Support confirmed SAML assertions are malformed — attribute mapping mismatch in IdP config. Step-by-step remediation guide sent; customer to test in staging before production rollout. Engineering identified a misconfigured load-balancer rule; it was corrected and verified.
00116C64E309C0E,Schmidt & Nguyen SA,Customer,Automotive,Strategic,Copenhagen,54764412,43957,592202870,CASE-617008,Email,Critical,New,Billing Platform,2024-12-30,,Yes,Raj Patel,DevOps Lead,4.0,"Customer Raj Patel at Schmidt & Nguyen SA (Tier: Strategic, Industry: Automotive) submitted a formal feature request for the Billing Platform. Request: ability to configure per-user rate limits via API. Business justification: compliance with ISO 27001 audit requirements. Use case documented and forwarded to Product Management. Customer expects a roadmap commitment within 4 quarters. PM acknowledged receipt; item added to the backlog with High priority scoring."
001362DA9DCC135,Andersen & Sato AB,Prospect,Retail,SMB,Stockholm,465522198,1208,556616057,CASE-987873,Phone,Critical,Pending Customer,Security Manager,2024-08-11,,Yes,Marcus Hassan,Head of Operations,1.0,Client in Stockholm reported a critical failure in the Security Manager integration causing a invoice generation failures affecting 200+ clients. Error code TIMEOUT-002 appears in logs since 2024-08-10 23:04 UTC. Contact Marcus Hassan (Head of Operations) was very concerned during the call and requested a post-mortem report within 48 hours. Initial triage confirmed the issue is environment-specific to their AP-SOUTH tenant. Reproduction steps provided; engineering queue updated. OAuth token refresh logic was patched; all active sessions re-authenticated successfully.
0013EAA3F63E93C,Müller & Kim Corp.,Reseller,Media & Entertainment,SMB,Sydney,76884715,6595,596148994,CASE-629778,Chat,Critical,In Progress,Data Sync Engine,2024-01-17,,Yes,Patrick Nguyen,Head of Operations,2.0,"Inbound escalation from Müller & Kim Corp. (Sydney) — Patrick Nguyen reports the Data Sync Engine has been failing to sync records since 2024-01-16 00:07 UTC. Approximately 4,594 records are stuck in a PENDING state. Error log snippet shared by customer shows ERR-4009 with stack trace pointing to a serialisation issue in the delta-sync processor. Customer is patient but firm and asked for daily status updates. Workaround: manual re-trigger via admin panel unblocks individual batches but is not scalable. Engineering has reproduced the issue in staging with a dataset of matching schema. Engineering identified a misconfigured load-balancer rule; it was corrected and verified."
00147F2E6DB4607,Kowalski & Dupont Ltd.,Customer,Telecommunications,Enterprise,Singapore,317089556,30591,597541037,CASE-681724,Chat,Critical,Pending Customer,Data Sync Engine,2023-07-03,,Yes,Carlos Kim,VP of Engineering,5.0,New onboarding case for Kowalski & Dupont Ltd. (Enterprise tier). Primary contact: Carlos Kim (VP of Engineering). They are configuring the Data Sync Engine for the first time and encountered missing permissions on the service account used for integration. Implementation engineer scheduled a 60-minute screenshare for 2023-07-01. Customer provided sandbox credentials; issue reproduced and root cause confirmed. Documentation gap identified — will file internal ticket to update the Quick-Start Guide. Customer confirmed resolution after applying the corrected configuration.
001A0B7CA58B9B6,Hassan & Okonkwo BV,Partner,Logistics,Enterprise,Milan,235407604,22339,539991874,CASE-454101,Partner Portal,High,New,Integration Hub,2024-06-13,,Yes,Fatima Ferreira,CTO,,"Customer Fatima Ferreira at Hassan & Okonkwo BV (Tier: Enterprise, Industry: Logistics) submitted a formal feature request for the Integration Hub. Request: ability to schedule reports at sub-hourly intervals. Business justification: compliance with SOC 2 Type II audit requirements. Use case documented and forwarded to Product Management. Customer expects a roadmap commitment within 4 quarters. PM acknowledged receipt; item added to the backlog with High priority scoring."
0016CCA56BB0153,Becker & Schmidt S.r.l.,Reseller,Manufacturing,Strategic,Brussels,448674228,10143,527418572,CASE-312653,Partner Portal,Low,Resolved,Security Manager,2023-04-26,2023-05-20,Yes,Ingrid Dupont,Head of Operations,4.0,Client in Brussels reported a critical failure in the Security Manager integration causing a audit logs missing entries for the past 48 hours. Error code ERR-4403 appears in logs since 2023-04-25 14:07 UTC. Contact Ingrid Dupont (Head of Operations) was distressed during the call and mentioned potential contractual penalties if unresolved by EOD. Initial triage confirmed the issue is environment-specific to their US-EAST tenant. Reproduction steps provided; engineering queue updated. SSL certificate renewed and propagated across all edge nodes within the maintenance window.
001861453FA7A06,Schmidt & Novak BV,Customer,Retail,Enterprise,Copenhagen,8408367,11132,597420280,CASE-369372,Web,High,Resolved,Reporting Suite,2025-05-08,2025-06-04,Yes,Fatima Novak,Senior Engineer,2.0,"Inbound escalation from Schmidt & Novak BV (Copenhagen) — Fatima Novak reports the Reporting Suite has been failing to sync records since 2025-05-08 00:11 UTC. Approximately 12,704 records are stuck in a PENDING state. Error log snippet shared by customer shows ERR-5500 with stack trace pointing to a serialisation issue in the delta-sync processor. Customer is professional and requested SLA credit per the MSA terms. Workaround: manual re-trigger via admin panel unblocks individual batches but is not scalable. Engineering has reproduced the issue in staging with a dataset of matching schema. Engineering identified a misconfigured load-balancer rule; it was corrected and verified."
001C226BBFB76AC,Schmidt & Nguyen Sp. z o.o.,Customer,Insurance,Enterprise,Prague,132520752,37894,558946134,CASE-830838,Email,Critical,Resolved,Mobile SDK,2025-02-22,2025-03-07,Yes,Omar Kowalski,Senior Engineer,,Client in Prague reported a critical failure in the Mobile SDK integration causing a file attachments over 10 MB silently dropped. Error code AUTH-401 appears in logs since 2025-02-20 14:16 UTC. Contact Omar Kowalski (Senior Engineer) was very concerned during the call and requested a post-mortem report within 48 hours. Initial triage confirmed the issue is environment-specific to their AP-SOUTH tenant. Reproduction steps provided; engineering queue updated. The database index was rebuilt and query performance restored to baseline.
001F3D42147901E,Andersen & Patel SA,Customer,Healthcare,Enterprise,Prague,333361458,35281,539813970,CASE-705958,Email,Medium,Closed,Reporting Suite,2023-01-20,2023-02-12,Yes,Maria Hassan,Platform Architect,5.0,"Customer Maria Hassan at Andersen & Patel SA (Tier: Enterprise, Industry: Healthcare) submitted a formal feature request for the Reporting Suite. Request: ability to export audit logs in CEF format. Business justification: compliance with SOC 2 Type II audit requirements. Use case documented and forwarded to Product Management. Customer expects a roadmap commitment within 1 quarters. PM acknowledged receipt; item added to the backlog with High priority scoring."
001335FE40669F0,Tanaka & Dupont BV,Prospect,Healthcare,Strategic,Stockholm,410481828,46822,583826394,CASE-506988,Web,Low,Closed,Security Manager,2023-06-02,2023-06-17,Yes,Priya Müller,VP of Engineering,2.0,"Inbound escalation from Tanaka & Dupont BV (Stockholm) — Priya Müller reports the Security Manager has been failing to sync records since 2023-06-02 10:54 UTC. Approximately 15,748 records are stuck in a PENDING state. Error log snippet shared by customer shows ERR-3301 with stack trace pointing to a serialisation issue in the delta-sync processor. Customer is critical and stated this is blocking their go-live scheduled for next Friday. Workaround: manual re-trigger via admin panel unblocks individual batches but is not scalable. Engineering has reproduced the issue in staging with a dataset of matching schema. The customer's IP range was added to the allowlist following security review approval."
001BD64C4ABA311,Andersen & Tanaka Sp. z o.o.,Reseller,Healthcare,Enterprise,Paris,459805266,8023,552957363,CASE-595408,Email,Medium,Resolved,Workflow Automation,2023-02-04,2023-03-01,Yes,Isabella Becker,Head of Operations,,New onboarding case for Andersen & Tanaka Sp. z o.o. (Enterprise tier). Primary contact: Isabella Becker (Head of Operations). They are configuring the Workflow Automation for the first time and encountered confusion around webhook signature verification. Implementation engineer scheduled a 60-minute screenshare for 2023-02-04. Customer provided sandbox credentials; issue reproduced and root cause confirmed. Documentation gap identified — will file internal ticket to update the Quick-Start Guide. Customer confirmed resolution after applying the corrected configuration.
001D0C757DDF693,Sato & Kowalski S.r.l.,Partner,Healthcare,Strategic,Oslo,202567764,41919,516122267,CASE-899462,Partner Portal,Low,Escalated,Reporting Suite,2024-11-05,,Yes,Raj Larsson,VP of Engineering,2.0,Ticket raised by Raj Larsson (VP of Engineering) at Sato & Kowalski S.r.l. regarding intermittent authentication failures on the Reporting Suite. Approximately 7% of login attempts return a 401 with error ERR-5500. Issue began after they applied their internal SSO policy update on 2024-11-05. Customer tone: professional; requested SLA credit per the MSA terms. Support confirmed SAML assertions are malformed — attribute mapping mismatch in IdP config. Step-by-step remediation guide sent; customer to test in staging before production rollout. A stale CDN cache was purged globally; content now serves correctly in all regions.
0010AB79EBDC6A8,Rossi & Ferreira AG,Reseller,Energy,SMB,Stockholm,66268322,23711,561576393,CASE-944637,Web,Low,New,Billing Platform,2025-05-15,,Yes,Maria Larsson,CTO,4.0,"Inbound escalation from Rossi & Ferreira AG (Stockholm) — Maria Larsson reports the Billing Platform has been failing to sync records since 2025-05-12 14:09 UTC. Approximately 14,689 records are stuck in a PENDING state. Error log snippet shared by customer shows ERR-4403 with stack trace pointing to a serialisation issue in the delta-sync processor. Customer is frustrated and threatened to escalate to executive sponsor. Workaround: manual re-trigger via admin panel unblocks individual batches but is not scalable. Engineering has reproduced the issue in staging with a dataset of matching schema. SSL certificate renewed and propagated across all edge nodes within the maintenance window."
00106A0D7A67528,Hassan & Okonkwo Sp. z o.o.,Partner,Technology,Mid-Market,Copenhagen,178918733,17020,562939127,CASE-818537,Partner Portal,Low,In Progress,Integration Hub,2023-02-02,,Yes,Luca Kim,IT Director,4.0,"Inbound escalation from Hassan & Okonkwo Sp. z o.o. (Copenhagen) — Luca Kim reports the Integration Hub has been failing to sync records since 2023-02-01 14:18 UTC. Approximately 36,872 records are stuck in a PENDING state. Error log snippet shared by customer shows DB-CONN-ERR with stack trace pointing to a serialisation issue in the delta-sync processor. Customer is patient but firm and asked for daily status updates. Workaround: manual re-trigger via admin panel unblocks individual batches but is not scalable. Engineering has reproduced the issue in staging with a dataset of matching schema. A stale CDN cache was purged globally; content now serves correctly in all regions."
001C0384072C7B3,García & Tanaka Sp. z o.o.,Partner,Telecommunications,Strategic,Berlin,182100508,13657,583617061,CASE-520360,Chat,Low,Closed,Mobile SDK,2024-05-28,2024-06-23,Yes,Henrik Nguyen,VP of Engineering,3.0,New onboarding case for García & Tanaka Sp. z o.o. (Strategic tier). Primary contact: Henrik Nguyen (VP of Engineering). They are configuring the Mobile SDK for the first time and encountered SSL pinning failures in their mobile build pipeline. Implementation engineer scheduled a 60-minute screenshare for 2024-05-27. Customer provided sandbox credentials; issue reproduced and root cause confirmed. Documentation gap identified — will file internal ticket to update the Quick-Start Guide. Customer confirmed resolution after applying the corrected configuration.
001D509D399EBCA,Andersen & Hassan S.r.l.,Partner,Retail,Strategic,Milan,31388533,45486,554910445,CASE-918069,Web,High,In Progress,Integration Hub,2025-08-31,,Yes,Zoe Schmidt,IT Manager,,"Zoe Schmidt (IT Manager) at Andersen & Hassan S.r.l. contacted support regarding an unexpected charge of $5,882 on their March invoice. Customer claims usage reported by the Integration Hub does not match their internal telemetry. Discrepancy of approximately 38% in API call counts. Finance team has been looped in. Raw usage logs pulled from billing service for 2025-08-31. Preliminary finding: a duplicate event emitter was introduced in v4.2.7 causing double-counting. Credit memo being processed; ETA 3 business days. Data migration script re-run with corrected field mappings; record integrity confirmed."
0011B56F813A246,García & Okonkwo AB,Reseller,Media & Entertainment,Enterprise,Budapest,268834231,46585,555499934,CASE-460984,Web,High,Pending Customer,Workflow Automation,2025-07-09,,No,James Okonkwo,Solutions Architect,,Client in Budapest reported a critical failure in the Workflow Automation integration causing a dashboard not loading for all EU users. Error code DB-CONN-ERR appears in logs since 2025-07-06 08:49 UTC. Contact James Okonkwo (Solutions Architect) was frustrated during the call and threatened to escalate to executive sponsor. Initial triage confirmed the issue is environment-specific to their AP-SOUTH tenant. Reproduction steps provided; engineering queue updated. The database index was rebuilt and query performance restored to baseline.
001190DA639F6B9,Patel & Patel Inc.,Reseller,Telecommunications,Mid-Market,Madrid,446173882,24323,597409137,CASE-613902,Chat,Critical,New,Mobile SDK,2023-09-24,,No,Yuki Müller,Solutions Architect,,Client in Madrid reported a critical failure in the Mobile SDK integration causing a invoice generation failures affecting 200+ clients. Error code ERR-5021 appears in logs since 2023-09-21 23:13 UTC. Contact Yuki Müller (Solutions Architect) was professional during the call and requested SLA credit per the MSA terms. Initial triage confirmed the issue is environment-specific to their AP-SOUTH tenant. Reproduction steps provided; engineering queue updated. The database index was rebuilt and query performance restored to baseline.
0018AE6D6171B37,Johnson & Müller BV,Customer,Pharmaceuticals,SMB,Singapore,111809629,38316,534047950,CASE-296272,Phone,High,Pending Customer,Data Sync Engine,2024-08-14,,No,Raj Novak,IT Director,5.0,Client in Singapore reported a critical failure in the Data Sync Engine integration causing a complete loss of SSO functionality. Error code ERR-3301 appears in logs since 2024-08-12 17:25 UTC. Contact Raj Novak (IT Director) was frustrated during the call and threatened to escalate to executive sponsor. Initial triage confirmed the issue is environment-specific to their US-EAST tenant. Reproduction steps provided; engineering queue updated. Pending further investigation; case escalated to Tier-3 Engineering with P1 SLA applied.
001DED8C2337F9E,Ferreira & Schmidt Ltd.,Reseller,Technology,Strategic,Prague,476754938,2588,555960627,CASE-818537,Phone,Critical,In Progress,Data Sync Engine,2023-05-05,,Yes,Luca Ferreira,VP of Engineering,5.0,"Inbound escalation from Ferreira & Schmidt Ltd. (Prague) — Luca Ferreira reports the Data Sync Engine has been failing to sync records since 2023-05-02 17:01 UTC. Approximately 14,175 records are stuck in a PENDING state. Error log snippet shared by customer shows ERR-5500 with stack trace pointing to a serialisation issue in the delta-sync processor. Customer is escalating and looped in their VP of Engineering on the call. Workaround: manual re-trigger via admin panel unblocks individual batches but is not scalable. Engineering has reproduced the issue in staging with a dataset of matching schema. Root cause traced to a race condition in the async queue; a mutex lock was introduced."
001239AD98255BA,Sato & Andersen Sp. z o.o.,Customer,Manufacturing,SMB,Lisbon,290373379,14578,585540642,CASE-134090,Chat,Medium,Resolved,Billing Platform,2025-02-10,2025-03-11,Yes,Wei Patel,IT Manager,,Wei Patel from Sato & Andersen Sp. z o.o. opened this case after observing severe latency in the Billing Platform. Average response times increased from ~200ms to over 8s beginning around 2025-02-09 03:55 UTC. Affects approximately 325 concurrent users in their AMER region. Customer is patient but firm and asked for daily status updates. Support engineer ran a distributed trace; bottleneck identified at the database read replica. Metrics attached to case for engineering review. Data migration script re-run with corrected field mappings; record integrity confirmed.
00106913A203F3E,Kowalski & Patel S.r.l.,Customer,Logistics,Enterprise,Oslo,441940207,25412,539824343,CASE-464969,Phone,Medium,Resolved,Security Manager,2024-03-24,2024-04-21,No,Patrick Patel,VP of Engineering,,Patrick Patel from Kowalski & Patel S.r.l. opened this case after observing severe latency in the Security Manager. Average response times increased from ~200ms to over 9s beginning around 2024-03-23 04:29 UTC. Affects approximately 377 concurrent users in their APAC region. Customer is patient but firm and asked for daily status updates. Support engineer ran a distributed trace; bottleneck identified at the database read replica. Metrics attached to case for engineering review. SSL certificate renewed and propagated across all edge nodes within the maintenance window.
001A1FC003EBA1B,García & Sato Sp. z o.o.,Prospect,Automotive,SMB,Prague,13060053,29674,510076576,CASE-630228,Partner Portal,Low,Closed,Analytics Dashboard,2025-07-18,2025-08-10,Yes,Fatima Larsson,DevOps Lead,,"Fatima Larsson (DevOps Lead) at García & Sato Sp. z o.o. contacted support regarding an unexpected charge of $7,059 on their June invoice. Customer claims usage reported by the Analytics Dashboard does not match their internal telemetry. Discrepancy of approximately 28% in API call counts. Finance team has been looped in. Raw usage logs pulled from billing service for 2025-07-17. Preliminary finding: a duplicate event emitter was introduced in v3.0.2 causing double-counting. Credit memo being processed; ETA 2 business days. The customer's IP range was added to the allowlist following security review approval."
0012732E4526ECE,Kim & Johnson Corp.,Customer,Automotive,Enterprise,Munich,314452221,14766,533267008,CASE-264497,Web,High,Resolved,Security Manager,2023-12-18,2023-12-26,Yes,Luca Larsson,CTO,2.0,Ticket raised by Luca Larsson (CTO) at Kim & Johnson Corp. regarding intermittent authentication failures on the Security Manager. Approximately 5% of login attempts return a 401 with error ERR-5500. Issue began after they applied their internal SSO policy update on 2023-12-18. Customer tone: patient but firm; asked for daily status updates. Support confirmed SAML assertions are malformed — attribute mapping mismatch in IdP config. Step-by-step remediation guide sent; customer to test in staging before production rollout. OAuth token refresh logic was patched; all active sessions re-authenticated successfully.
001575C75A8293E,Williams & Johnson BV,Customer,Healthcare,Enterprise,Warsaw,121852327,26540,587966442,CASE-628790,Partner Portal,Medium,Closed,Analytics Dashboard,2025-02-05,2025-03-02,Yes,Maria Dupont,DevOps Lead,5.0,Ticket raised by Maria Dupont (DevOps Lead) at Williams & Johnson BV regarding intermittent authentication failures on the Analytics Dashboard. Approximately 36% of login attempts return a 401 with error ERR-4009. Issue began after they applied their internal SSO policy update on 2025-02-03. Customer tone: escalating; looped in their VP of Engineering on the call. Support confirmed SAML assertions are malformed — attribute mapping mismatch in IdP config. Step-by-step remediation guide sent; customer to test in staging before production rollout. The database index was rebuilt and query performance restored to baseline.
001CA091154B3D0,Larsson & Sato S.r.l.,Prospect,Retail,Strategic,Stockholm,49068494,10606,587817765,CASE-160326,Chat,Medium,Escalated,Analytics Dashboard,2025-05-23,,No,Aisha Schmidt,Platform Architect,3.0,Client in Stockholm reported a critical failure in the Analytics Dashboard integration causing a 30% drop in data syncs. Error code ERR-4403 appears in logs since 2025-05-22 00:51 UTC. Contact Aisha Schmidt (Platform Architect) was patient but firm during the call and asked for daily status updates. Initial triage confirmed the issue is environment-specific to their US-EAST tenant. Reproduction steps provided; engineering queue updated. OAuth token refresh logic was patched; all active sessions re-authenticated successfully.
0018C1CE0E738AD,Patel & Rossi GmbH,Customer,Energy,Mid-Market,Brussels,304560712,13323,570147892,CASE-458505,Partner Portal,Critical,Escalated,Data Sync Engine,2025-09-12,,Yes,Elena Andersen,IT Manager,1.0,Elena Andersen from Patel & Rossi GmbH opened this case after observing severe latency in the Data Sync Engine. Average response times increased from ~200ms to over 10s beginning around 2025-09-09 09:37 UTC. Affects approximately 48 concurrent users in their AMER region. Customer is professional and requested SLA credit per the MSA terms. Support engineer ran a distributed trace; bottleneck identified at the database read replica. Metrics attached to case for engineering review. OAuth token refresh logic was patched; all active sessions re-authenticated successfully.
0018E9D2DDE532F,Okonkwo & Tanaka S.r.l.,Partner,Telecommunications,SMB,London,376964364,1674,593323819,CASE-546403,Phone,Low,New,Identity & Access Module,2025-03-31,,Yes,Tom Kowalski,IT Manager,,Ticket raised by Tom Kowalski (IT Manager) at Okonkwo & Tanaka S.r.l. regarding intermittent authentication failures on the Identity & Access Module. Approximately 78% of login attempts return a 401 with error SSL-HANDSHAKE. Issue began after they applied their internal SSO policy update on 2025-03-30. Customer tone: frustrated; threatened to escalate to executive sponsor. Support confirmed SAML assertions are malformed — attribute mapping mismatch in IdP config. Step-by-step remediation guide sent; customer to test in staging before production rollout. The database index was rebuilt and query performance restored to baseline.
001BBF02BA91FD9,Rossi & Larsson Ltd.,Customer,Media & Entertainment,SMB,Sydney,145941434,13764,528733307,CASE-205242,Partner Portal,Critical,Escalated,Workflow Automation,2023-10-09,,Yes,Yuki Dupont,Senior Engineer,2.0,Ticket raised by Yuki Dupont (Senior Engineer) at Rossi & Larsson Ltd. regarding intermittent authentication failures on the Workflow Automation. Approximately 71% of login attempts return a 401 with error SYNC-FAIL-07. Issue began after they applied their internal SSO policy update on 2023-10-07. Customer tone: frustrated; threatened to escalate to executive sponsor. Support confirmed SAML assertions are malformed — attribute mapping mismatch in IdP config. Step-by-step remediation guide sent; customer to test in staging before production rollout. SSL certificate renewed and propagated across all edge nodes within the maintenance window.
00136A2707829C0,Tanaka & Tanaka AG,Prospect,Telecommunications,Mid-Market,Bratislava,337806624,44273,553128998,CASE-834435,Partner Portal,Critical,Closed,Billing Platform,2025-08-12,2025-08-19,Yes,Nadia Andersen,Head of Operations,,"Nadia Andersen (Head of Operations) at Tanaka & Tanaka AG contacted support regarding an unexpected charge of $5,156 on their July invoice. Customer claims usage reported by the Billing Platform does not match their internal telemetry. Discrepancy of approximately 35% in API call counts. Finance team has been looped in. Raw usage logs pulled from billing service for 2025-08-11. Preliminary finding: a duplicate event emitter was introduced in v3.0.6 causing double-counting. Credit memo being processed; ETA 5 business days. Pending further investigation; case escalated to Tier-3 Engineering with P1 SLA applied."
00170232E2D10E2,Larsson & Dupont BV,Reseller,Insurance,Mid-Market,Prague,385120574,35589,599323531,CASE-403915,Chat,Medium,Escalated,Identity & Access Module,2024-04-25,,Yes,Aisha Becker,Technical Account Manager,5.0,Client in Prague reported a critical failure in the Identity & Access Module integration causing a search results returning stale cached data. Error code DB-CONN-ERR appears in logs since 2024-04-24 18:37 UTC. Contact Aisha Becker (Technical Account Manager) was critical during the call and stated this is blocking their go-live scheduled for next Friday. Initial triage confirmed the issue is environment-specific to their AP-SOUTH tenant. Reproduction steps provided; engineering queue updated. Workaround provided: client configured batch size to 500 records; permanent fix in sprint 43.
001D5F318AB4BF5,Tanaka & Nguyen Inc.,Reseller,Pharmaceuticals,Mid-Market,Helsinki,259408694,8223,598377293,CASE-712893,Email,Medium,Escalated,Integration Hub,2023-12-18,,Yes,Patrick Kowalski,CTO,2.0,"Customer Patrick Kowalski at Tanaka & Nguyen Inc. (Tier: Mid-Market, Industry: Pharmaceuticals) submitted a formal feature request for the Integration Hub. Request: ability to set custom session timeout policies per role group. Business justification: compliance with GDPR Article 30 audit requirements. Use case documented and forwarded to Product Management. Customer expects a roadmap commitment within 3 quarters. PM acknowledged receipt; item added to the backlog with High priority scoring."
001AE16197084B1,Dupont & Novak Inc.,Reseller,Energy,Mid-Market,Bratislava,90695733,49616,550248639,CASE-568946,Email,Low,Closed,Integration Hub,2023-11-22,2023-12-17,Yes,Elena Schmidt,Senior Engineer,5.0,"Customer Elena Schmidt at Dupont & Novak Inc. (Tier: Mid-Market, Industry: Energy) submitted a formal feature request for the Integration Hub. Request: ability to bulk-archive inactive records. Business justification: compliance with SOC 2 Type II audit requirements. Use case documented and forwarded to Product Management. Customer expects a roadmap commitment within 1 quarters. PM acknowledged receipt; item added to the backlog with High priority scoring."
0012C08143EFE26,Schmidt & Schmidt Corp.,Reseller,Manufacturing,Mid-Market,Madrid,21844620,8816,565017100,CASE-517859,Phone,Medium,Closed,Billing Platform,2023-06-28,2023-07-03,Yes,Yuki Williams,IT Manager,,"Inbound escalation from Schmidt & Schmidt Corp. (Madrid) — Yuki Williams reports the Billing Platform has been failing to sync records since 2023-06-26 18:36 UTC. Approximately 28,700 records are stuck in a PENDING state. Error log snippet shared by customer shows ERR-4009 with stack trace pointing to a serialisation issue in the delta-sync processor. Customer is critical and stated this is blocking their go-live scheduled for next Friday. Workaround: manual re-trigger via admin panel unblocks individual batches but is not scalable. Engineering has reproduced the issue in staging with a dataset of matching schema. The database index was rebuilt and query performance restored to baseline."
001CC0F114E8803,Sato & Johnson Ltd.,Partner,Telecommunications,SMB,Paris,72692377,10516,549980592,CASE-976980,Chat,Critical,Resolved,API Gateway,2023-02-08,2023-02-14,Yes,Maria Rossi,Senior Engineer,5.0,New onboarding case for Sato & Johnson Ltd. (SMB tier). Primary contact: Maria Rossi (Senior Engineer). They are configuring the API Gateway for the first time and encountered confusion around webhook signature verification. Implementation engineer scheduled a 60-minute screenshare for 2023-02-07. Customer provided sandbox credentials; issue reproduced and root cause confirmed. Documentation gap identified — will file internal ticket to update the Quick-Start Guide. Customer confirmed resolution after applying the corrected configuration.
00170A64971BFCA,Okonkwo & Nguyen SA,Reseller,Financial Services,Enterprise,Prague,446614736,3607,573619420,CASE-557102,Email,Low,Closed,Mobile SDK,2023-02-13,2023-03-14,Yes,Zoe Müller,IT Manager,2.0,Client in Prague reported a critical failure in the Mobile SDK integration causing a 30% drop in data syncs. Error code ERR-5021 appears in logs since 2023-02-12 14:31 UTC. Contact Zoe Müller (IT Manager) was critical during the call and stated this is blocking their go-live scheduled for next Friday. Initial triage confirmed the issue is environment-specific to their AP-SOUTH tenant. Reproduction steps provided; engineering queue updated. OAuth token refresh logic was patched; all active sessions re-authenticated successfully.
001201C946C72B3,Johnson & Dupont Ltd.,Customer,Manufacturing,Mid-Market,Lisbon,345661888,40460,544759064,CASE-396866,Phone,Low,New,Billing Platform,2025-05-17,,Yes,Ingrid Tanaka,Platform Architect,1.0,New onboarding case for Johnson & Dupont Ltd. (Mid-Market tier). Primary contact: Ingrid Tanaka (Platform Architect). They are configuring the Billing Platform for the first time and encountered confusion around webhook signature verification. Implementation engineer scheduled a 60-minute screenshare for 2025-05-17. Customer provided sandbox credentials; issue reproduced and root cause confirmed. Documentation gap identified — will file internal ticket to update the Quick-Start Guide. Customer confirmed resolution after applying the corrected configuration.
001DB040CFAF3AF,Ferreira & Patel Sp. z o.o.,Prospect,Healthcare,Strategic,Toronto,256377394,27549,514247464,CASE-542488,Email,Medium,Pending Customer,Workflow Automation,2024-07-19,,Yes,Nadia García,Solutions Architect,1.0,"Customer Nadia García at Ferreira & Patel Sp. z o.o. (Tier: Strategic, Industry: Healthcare) submitted a formal feature request for the Workflow Automation. Request: ability to receive webhook retries with exponential backoff. Business justification: compliance with ISO 27001 audit requirements. Use case documented and forwarded to Product Management. Customer expects a roadmap commitment within 3 quarters. PM acknowledged receipt; item added to the backlog with Medium priority scoring."
0017D1B68E193BE,Williams & Sato Ltd.,Customer,Telecommunications,SMB,Paris,474130102,11065,548524666,CASE-687582,Email,Low,In Progress,Workflow Automation,2023-07-24,,Yes,Isabella Williams,IT Director,3.0,Ticket raised by Isabella Williams (IT Director) at Williams & Sato Ltd. regarding intermittent authentication failures on the Workflow Automation. Approximately 14% of login attempts return a 401 with error SYNC-FAIL-07. Issue began after they applied their internal SSO policy update on 2023-07-21. Customer tone: understanding; appreciated the quick response and transparency. Support confirmed SAML assertions are malformed — attribute mapping mismatch in IdP config. Step-by-step remediation guide sent; customer to test in staging before production rollout. The database index was rebuilt and query performance restored to baseline.
00122ABA5572FFE,Andersen & Ferreira Corp.,Prospect,Technology,SMB,Zurich,400660641,14781,560801453,CASE-982970,Email,Low,Escalated,Mobile SDK,2024-11-17,,Yes,Omar Sato,CTO,3.0,Omar Sato from Andersen & Ferreira Corp. opened this case after observing severe latency in the Mobile SDK. Average response times increased from ~200ms to over 5s beginning around 2024-11-16 16:52 UTC. Affects approximately 111 concurrent users in their AMER region. Customer is distressed and mentioned potential contractual penalties if unresolved by EOD. Support engineer ran a distributed trace; bottleneck identified at the database read replica. Metrics attached to case for engineering review. Root cause traced to a race condition in the async queue; a mutex lock was introduced.
0016849AEEBF946,Okonkwo & Okonkwo Sp. z o.o.,Prospect,Media & Entertainment,SMB,Chicago,126372519,21065,589183946,CASE-732716,Phone,Critical,Pending Customer,Data Sync Engine,2023-01-25,,Yes,Priya Hassan,DevOps Lead,4.0,Priya Hassan from Okonkwo & Okonkwo Sp. z o.o. opened this case after observing severe latency in the Data Sync Engine. Average response times increased from ~200ms to over 7s beginning around 2023-01-25 19:21 UTC. Affects approximately 354 concurrent users in their APAC region. Customer is very concerned and requested a post-mortem report within 48 hours. Support engineer ran a distributed trace; bottleneck identified at the database read replica. Metrics attached to case for engineering review. A hotfix (v2.4.7) was deployed to production at 03:14 UTC resolving the root cause.
00155DF9384E28A,Andersen & García Sp. z o.o.,Customer,Telecommunications,Strategic,Stockholm,291608699,49322,570582159,CASE-984202,Web,Low,Pending Customer,Data Sync Engine,2024-08-24,,Yes,Marcus Andersen,CTO,4.0,"Inbound escalation from Andersen & García Sp. z o.o. (Stockholm) — Marcus Andersen reports the Data Sync Engine has been failing to sync records since 2024-08-23 14:32 UTC. Approximately 9,109 records are stuck in a PENDING state. Error log snippet shared by customer shows AUTH-401 with stack trace pointing to a serialisation issue in the delta-sync processor. Customer is distressed and mentioned potential contractual penalties if unresolved by EOD. Workaround: manual re-trigger via admin panel unblocks individual batches but is not scalable. Engineering has reproduced the issue in staging with a dataset of matching schema. OAuth token refresh logic was patched; all active sessions re-authenticated successfully."
00174C662702863,Sato & Müller GmbH,Partner,Pharmaceuticals,Enterprise,Prague,310201860,7218,511488873,CASE-914817,Partner Portal,Medium,Closed,Workflow Automation,2024-08-31,2024-09-15,Yes,Marcus Williams,IT Director,,"Inbound escalation from Sato & Müller GmbH (Prague) — Marcus Williams reports the Workflow Automation has been failing to sync records since 2024-08-31 16:23 UTC. Approximately 43,086 records are stuck in a PENDING state. Error log snippet shared by customer shows DB-CONN-ERR with stack trace pointing to a serialisation issue in the delta-sync processor. Customer is distressed and mentioned potential contractual penalties if unresolved by EOD. Workaround: manual re-trigger via admin panel unblocks individual batches but is not scalable. Engineering has reproduced the issue in staging with a dataset of matching schema. Root cause traced to a race condition in the async queue; a mutex lock was introduced."
001C8A743010F91,Johnson & Ferreira SA,Partner,Technology,Mid-Market,Munich,15022238,25985,574833468,CASE-775924,Chat,High,In Progress,Workflow Automation,2025-04-23,,Yes,Maria Johnson,IT Manager,4.0,"Maria Johnson (IT Manager) at Johnson & Ferreira SA contacted support regarding an unexpected charge of $7,916 on their March invoice. Customer claims usage reported by the Workflow Automation does not match their internal telemetry. Discrepancy of approximately 40% in API call counts. Finance team has been looped in. Raw usage logs pulled from billing service for 2025-04-20. Preliminary finding: a duplicate event emitter was introduced in v2.2.2 causing double-counting. Credit memo being processed; ETA 5 business days. Root cause traced to a race condition in the async queue; a mutex lock was introduced."
001EEC6FFD516FD,Okonkwo & García S.r.l.,Reseller,Insurance,SMB,Brussels,253220274,49255,537547678,CASE-700457,Chat,High,New,Data Sync Engine,2023-02-03,,Yes,Marcus Becker,Senior Engineer,5.0,"Customer Marcus Becker at Okonkwo & García S.r.l. (Tier: SMB, Industry: Insurance) submitted a formal feature request for the Data Sync Engine. Request: ability to configure per-user rate limits via API. Business justification: compliance with PCI-DSS 4.0 audit requirements. Use case documented and forwarded to Product Management. Customer expects a roadmap commitment within 4 quarters. PM acknowledged receipt; item added to the backlog with Medium priority scoring."
001E95606B0418F,Ferreira & Müller SA,Customer,Media & Entertainment,SMB,Munich,293129567,26320,569429182,CASE-131184,Chat,Low,Closed,Workflow Automation,2023-02-14,2023-03-10,Yes,Ahmed Dupont,Head of Operations,1.0,"Inbound escalation from Ferreira & Müller SA (Munich) — Ahmed Dupont reports the Workflow Automation has been failing to sync records since 2023-02-12 18:08 UTC. Approximately 5,069 records are stuck in a PENDING state. Error log snippet shared by customer shows AUTH-401 with stack trace pointing to a serialisation issue in the delta-sync processor. Customer is frustrated and threatened to escalate to executive sponsor. Workaround: manual re-trigger via admin panel unblocks individual batches but is not scalable. Engineering has reproduced the issue in staging with a dataset of matching schema. The database index was rebuilt and query performance restored to baseline."
001FB309883B00D,Sato & Novak Inc.,Reseller,Automotive,Enterprise,Bratislava,377613121,21168,537390284,CASE-910145,Email,Low,In Progress,Reporting Suite,2024-01-28,,Yes,Clara Rossi,Solutions Architect,4.0,Client in Bratislava reported a critical failure in the Reporting Suite integration causing a report exports timing out for datasets > 50k rows. Error code AUTH-401 appears in logs since 2024-01-27 16:53 UTC. Contact Clara Rossi (Solutions Architect) was frustrated during the call and threatened to escalate to executive sponsor. Initial triage confirmed the issue is environment-specific to their AP-SOUTH tenant. Reproduction steps provided; engineering queue updated. Data migration script re-run with corrected field mappings; record integrity confirmed.
001B821FA80782E,Novak & Johnson AG,Customer,Manufacturing,Strategic,Vienna,61142107,18509,558156318,CASE-912738,Partner Portal,Low,Closed,Security Manager,2024-08-20,2024-08-29,No,Patrick Sato,Platform Architect,,Ticket raised by Patrick Sato (Platform Architect) at Novak & Johnson AG regarding intermittent authentication failures on the Security Manager. Approximately 27% of login attempts return a 401 with error ERR-4403. Issue began after they applied their internal SSO policy update on 2024-08-19. Customer tone: professional; requested SLA credit per the MSA terms. Support confirmed SAML assertions are malformed — attribute mapping mismatch in IdP config. Step-by-step remediation guide sent; customer to test in staging before production rollout. Data migration script re-run with corrected field mappings; record integrity confirmed.
001485626D8DCC0,Andersen & Johnson S.r.l.,Partner,Pharmaceuticals,Strategic,Copenhagen,436290502,3568,529689483,CASE-920835,Phone,Low,Escalated,Identity & Access Module,2023-01-05,,Yes,Marcus Patel,Head of Operations,4.0,"Customer Marcus Patel at Andersen & Johnson S.r.l. (Tier: Strategic, Industry: Pharmaceuticals) submitted a formal feature request for the Identity & Access Module. Request: ability to schedule reports at sub-hourly intervals. Business justification: compliance with PCI-DSS 4.0 audit requirements. Use case documented and forwarded to Product Management. Customer expects a roadmap commitment within 1 quarters. PM acknowledged receipt; item added to the backlog with Medium priority scoring."
001866E46F6075E,Dupont & Nguyen SA,Customer,Energy,SMB,Tokyo,176898374,106,536805045,CASE-570567,Phone,Critical,In Progress,Identity & Access Module,2023-08-22,,No,Raj Müller,Technical Account Manager,,"Customer Raj Müller at Dupont & Nguyen SA (Tier: SMB, Industry: Energy) submitted a formal feature request for the Identity & Access Module. Request: ability to receive webhook retries with exponential backoff. Business justification: compliance with SOC 2 Type II audit requirements. Use case documented and forwarded to Product Management. Customer expects a roadmap commitment within 4 quarters. PM acknowledged receipt; item added to the backlog with Medium priority scoring."
001B9C9474A2E29,Patel & Nguyen Inc.,Partner,Telecommunications,Enterprise,Berlin,350154352,19407,550150882,CASE-983370,Partner Portal,Medium,Pending Customer,Identity & Access Module,2023-03-05,,Yes,Luca Ferreira,Head of Operations,5.0,Luca Ferreira from Patel & Nguyen Inc. opened this case after observing severe latency in the Identity & Access Module. Average response times increased from ~200ms to over 10s beginning around 2023-03-05 16:40 UTC. Affects approximately 85 concurrent users in their AMER region. Customer is frustrated and threatened to escalate to executive sponsor. Support engineer ran a distributed trace; bottleneck identified at the database read replica. Metrics attached to case for engineering review. The customer's IP range was added to the allowlist following security review approval.
00183B751F4BFDB,Becker & Novak GmbH,Reseller,Insurance,SMB,Sydney,461446394,7230,533017065,CASE-938660,Chat,Low,New,Security Manager,2024-01-12,,No,Luca Rossi,IT Manager,1.0,Luca Rossi (IT Manager) at Becker & Novak GmbH contacted support regarding an unexpected charge of $454 on their July invoice. Customer claims usage reported by the Security Manager does not match their internal telemetry. Discrepancy of approximately 7% in API call counts. Finance team has been looped in. Raw usage logs pulled from billing service for 2024-01-09. Preliminary finding: a duplicate event emitter was introduced in v4.2.0 causing double-counting. Credit memo being processed; ETA 3 business days. Data migration script re-run with corrected field mappings; record integrity confirmed.
001637291CEB28A,Andersen & García BV,Partner,Telecommunications,Enterprise,London,345130875,16595,554829778,CASE-647273,Chat,Critical,Closed,Analytics Dashboard,2025-05-12,2025-06-01,Yes,Tom Andersen,Technical Account Manager,1.0,"Inbound escalation from Andersen & García BV (London) — Tom Andersen reports the Analytics Dashboard has been failing to sync records since 2025-05-11 21:57 UTC. Approximately 48,720 records are stuck in a PENDING state. Error log snippet shared by customer shows ERR-3301 with stack trace pointing to a serialisation issue in the delta-sync processor. Customer is frustrated and threatened to escalate to executive sponsor. Workaround: manual re-trigger via admin panel unblocks individual batches but is not scalable. Engineering has reproduced the issue in staging with a dataset of matching schema. Pending further investigation; case escalated to Tier-3 Engineering with P1 SLA applied."
0012958A8181FC0,Rossi & Tanaka Ltd.,Partner,Manufacturing,SMB,Sydney,296487508,17459,586487490,CASE-573273,Chat,Critical,New,Analytics Dashboard,2025-02-04,,Yes,James Sato,Solutions Architect,5.0,Ticket raised by James Sato (Solutions Architect) at Rossi & Tanaka Ltd. regarding intermittent authentication failures on the Analytics Dashboard. Approximately 62% of login attempts return a 401 with error ERR-5021. Issue began after they applied their internal SSO policy update on 2025-02-03. Customer tone: professional; requested SLA credit per the MSA terms. Support confirmed SAML assertions are malformed — attribute mapping mismatch in IdP config. Step-by-step remediation guide sent; customer to test in staging before production rollout. The database index was rebuilt and query performance restored to baseline.
001934FDA211435,Larsson & Johnson AB,Reseller,Technology,Mid-Market,New York,424506068,24075,547363712,CASE-812685,Phone,High,New,Mobile SDK,2024-10-13,,No,Maria Larsson,DevOps Lead,3.0,"Maria Larsson (DevOps Lead) at Larsson & Johnson AB contacted support regarding an unexpected charge of $13,969 on their July invoice. Customer claims usage reported by the Mobile SDK does not match their internal telemetry. Discrepancy of approximately 39% in API call counts. Finance team has been looped in. Raw usage logs pulled from billing service for 2024-10-12. Preliminary finding: a duplicate event emitter was introduced in v2.1.5 causing double-counting. Credit memo being processed; ETA 7 business days. Data migration script re-run with corrected field mappings; record integrity confirmed."
00140AAEDAC0B92,García & Tanaka Ltd.,Reseller,Telecommunications,Mid-Market,Lisbon,324941299,40965,580993070,CASE-527559,Web,Critical,Pending Customer,Integration Hub,2025-01-26,,Yes,Ingrid Tanaka,IT Manager,3.0,Client in Lisbon reported a critical failure in the Integration Hub integration causing a two-factor authentication codes not being delivered. Error code SYNC-FAIL-07 appears in logs since 2025-01-24 22:25 UTC. Contact Ingrid Tanaka (IT Manager) was understanding during the call and appreciated the quick response and transparency. Initial triage confirmed the issue is environment-specific to their US-EAST tenant. Reproduction steps provided; engineering queue updated. The database index was rebuilt and query performance restored to baseline.
00112A2F9BEA859,Williams & Tanaka GmbH,Reseller,Financial Services,SMB,Chicago,306084750,38244,564785183,CASE-285514,Email,Medium,New,Analytics Dashboard,2025-12-10,,No,Ingrid Sato,IT Manager,5.0,"Inbound escalation from Williams & Tanaka GmbH (Chicago) — Ingrid Sato reports the Analytics Dashboard has been failing to sync records since 2025-12-07 05:10 UTC. Approximately 39,034 records are stuck in a PENDING state. Error log snippet shared by customer shows SSL-HANDSHAKE with stack trace pointing to a serialisation issue in the delta-sync processor. Customer is patient but firm and asked for daily status updates. Workaround: manual re-trigger via admin panel unblocks individual batches but is not scalable. Engineering has reproduced the issue in staging with a dataset of matching schema. Workaround provided: client configured batch size to 500 records; permanent fix in sprint 43."
001BE7413EA55BB,Ferreira & Williams Inc.,Prospect,Retail,Mid-Market,Oslo,65685817,16201,544199609,CASE-650703,Email,Critical,New,Workflow Automation,2025-09-04,,Yes,Wei Kowalski,Senior Engineer,5.0,New onboarding case for Ferreira & Williams Inc. (Mid-Market tier). Primary contact: Wei Kowalski (Senior Engineer). They are configuring the Workflow Automation for the first time and encountered confusion around webhook signature verification. Implementation engineer scheduled a 60-minute screenshare for 2025-09-01. Customer provided sandbox credentials; issue reproduced and root cause confirmed. Documentation gap identified — will file internal ticket to update the Quick-Start Guide. Customer confirmed resolution after applying the corrected configuration.
001F84B9CA2FC37,Nguyen & Schmidt GmbH,Customer,Logistics,Mid-Market,London,350739250,43147,572600538,CASE-518272,Email,Critical,Escalated,Security Manager,2025-12-17,,Yes,Ahmed Tanaka,CTO,5.0,Client in London reported a critical failure in the Security Manager integration causing a file attachments over 10 MB silently dropped. Error code ERR-5021 appears in logs since 2025-12-16 19:05 UTC. Contact Ahmed Tanaka (CTO) was escalating during the call and looped in their VP of Engineering on the call. Initial triage confirmed the issue is environment-specific to their AP-SOUTH tenant. Reproduction steps provided; engineering queue updated. Workaround provided: client configured batch size to 500 records; permanent fix in sprint 43.
0017D5D04176BA6,Okonkwo & Tanaka S.r.l.,Reseller,Healthcare,Mid-Market,Bratislava,346474315,21455,561505306,CASE-411555,Email,High,Resolved,Billing Platform,2023-08-31,2023-09-01,Yes,Raj Kowalski,Solutions Architect,,Raj Kowalski from Okonkwo & Tanaka S.r.l. opened this case after observing severe latency in the Billing Platform. Average response times increased from ~200ms to over 12s beginning around 2023-08-31 06:33 UTC. Affects approximately 373 concurrent users in their AMER region. Customer is critical and stated this is blocking their go-live scheduled for next Friday. Support engineer ran a distributed trace; bottleneck identified at the database read replica. Metrics attached to case for engineering review. The database index was rebuilt and query performance restored to baseline.
0012ECF731B5F1A,Becker & Williams AG,Reseller,Pharmaceuticals,Mid-Market,Berlin,67663815,37259,583175374,CASE-956114,Phone,Medium,Resolved,Identity & Access Module,2024-11-20,2024-12-07,No,Isabella Becker,Technical Account Manager,5.0,Ticket raised by Isabella Becker (Technical Account Manager) at Becker & Williams AG regarding intermittent authentication failures on the Identity & Access Module. Approximately 5% of login attempts return a 401 with error ERR-4403. Issue began after they applied their internal SSO policy update on 2024-11-19. Customer tone: patient but firm; asked for daily status updates. Support confirmed SAML assertions are malformed — attribute mapping mismatch in IdP config. Step-by-step remediation guide sent; customer to test in staging before production rollout. SSL certificate renewed and propagated across all edge nodes within the maintenance window.
001F7B9FCE7A55A,Sato & Okonkwo Sp. z o.o.,Prospect,Logistics,Mid-Market,Sydney,456611627,450,551556505,CASE-359951,Web,Low,Closed,API Gateway,2025-07-07,2025-07-31,Yes,Marcus Becker,IT Director,,New onboarding case for Sato & Okonkwo Sp. z o.o. (Mid-Market tier). Primary contact: Marcus Becker (IT Director). They are configuring the API Gateway for the first time and encountered confusion around webhook signature verification. Implementation engineer scheduled a 60-minute screenshare for 2025-07-04. Customer provided sandbox credentials; issue reproduced and root cause confirmed. Documentation gap identified — will file internal ticket to update the Quick-Start Guide. Customer confirmed resolution after applying the corrected configuration.
0019D000839AC4E,Kowalski & Kowalski Sp. z o.o.,Reseller,Retail,Enterprise,Copenhagen,188196439,4080,540300423,CASE-539399,Phone,High,New,Identity & Access Module,2025-09-14,,Yes,James Müller,Platform Architect,1.0,"Customer James Müller at Kowalski & Kowalski Sp. z o.o. (Tier: Enterprise, Industry: Retail) submitted a formal feature request for the Identity & Access Module. Request: ability to set custom session timeout policies per role group. Business justification: compliance with GDPR Article 30 audit requirements. Use case documented and forwarded to Product Management. Customer expects a roadmap commitment within 1 quarters. PM acknowledged receipt; item added to the backlog with High priority scoring."
00189E4D3FBF201,Kim & Kim SA,Customer,Telecommunications,Mid-Market,Helsinki,419114746,17765,576220651,CASE-552200,Phone,Low,Resolved,Identity & Access Module,2025-07-30,2025-08-16,No,Nadia Patel,Solutions Architect,1.0,Ticket raised by Nadia Patel (Solutions Architect) at Kim & Kim SA regarding intermittent authentication failures on the Identity & Access Module. Approximately 45% of login attempts return a 401 with error ERR-4403. Issue began after they applied their internal SSO policy update on 2025-07-30. Customer tone: escalating; looped in their VP of Engineering on the call. Support confirmed SAML assertions are malformed — attribute mapping mismatch in IdP config. Step-by-step remediation guide sent; customer to test in staging before production rollout. A hotfix (v2.4.7) was deployed to production at 03:14 UTC resolving the root cause.
0011FEBC3743D0A,Larsson & Rossi Sp. z o.o.,Prospect,Telecommunications,Strategic,Toronto,42621281,17572,557201053,CASE-502156,Email,Medium,Resolved,Workflow Automation,2023-06-06,2023-06-11,Yes,Maria Novak,Platform Architect,5.0,"Customer Maria Novak at Larsson & Rossi Sp. z o.o. (Tier: Strategic, Industry: Telecommunications) submitted a formal feature request for the Workflow Automation. Request: ability to export audit logs in CEF format. Business justification: compliance with PCI-DSS 4.0 audit requirements. Use case documented and forwarded to Product Management. Customer expects a roadmap commitment within 3 quarters. PM acknowledged receipt; item added to the backlog with High priority scoring."
0013D49D73E21E6,Nguyen & Larsson Ltd.,Customer,Logistics,Enterprise,Warsaw,347647423,32246,573457455,CASE-102823,Phone,Medium,Pending Customer,Data Sync Engine,2024-10-19,,Yes,Patrick Williams,Technical Account Manager,5.0,"Customer Patrick Williams at Nguyen & Larsson Ltd. (Tier: Enterprise, Industry: Logistics) submitted a formal feature request for the Data Sync Engine. Request: ability to configure per-user rate limits via API. Business justification: compliance with ISO 27001 audit requirements. Use case documented and forwarded to Product Management. Customer expects a roadmap commitment within 3 quarters. PM acknowledged receipt; item added to the backlog with Medium priority scoring."
001F126F7DA812F,García & Sato AB,Customer,Healthcare,SMB,Stockholm,128569161,33678,559895000,CASE-960637,Partner Portal,Low,Closed,API Gateway,2024-05-24,2024-05-29,Yes,Aisha Schmidt,IT Manager,5.0,New onboarding case for García & Sato AB (SMB tier). Primary contact: Aisha Schmidt (IT Manager). They are configuring the API Gateway for the first time and encountered CORS policy errors when calling the API from their SPA. Implementation engineer scheduled a 60-minute screenshare for 2024-05-23. Customer provided sandbox credentials; issue reproduced and root cause confirmed. Documentation gap identified — will file internal ticket to update the Quick-Start Guide. Customer confirmed resolution after applying the corrected configuration.
001B1262D90338B,Rossi & Nguyen SA,Partner,Telecommunications,Enterprise,Sydney,388322076,15524,555975718,CASE-855848,Chat,High,In Progress,Analytics Dashboard,2025-03-13,,Yes,Patrick Okonkwo,IT Manager,,"Customer Patrick Okonkwo at Rossi & Nguyen SA (Tier: Enterprise, Industry: Telecommunications) submitted a formal feature request for the Analytics Dashboard. Request: ability to configure per-user rate limits via API. Business justification: compliance with PCI-DSS 4.0 audit requirements. Use case documented and forwarded to Product Management. Customer expects a roadmap commitment within 4 quarters. PM acknowledged receipt; item added to the backlog with Medium priority scoring."
0012C94D84DC170,Kowalski & Müller Corp.,Customer,Financial Services,Enterprise,Vienna,322346166,45838,592561841,CASE-197157,Partner Portal,Medium,Closed,Mobile SDK,2025-09-25,2025-10-16,Yes,Clara Novak,IT Director,,Client in Vienna reported a critical failure in the Mobile SDK integration causing a dashboard not loading for all EU users. Error code ERR-5500 appears in logs since 2025-09-25 16:46 UTC. Contact Clara Novak (IT Director) was very concerned during the call and requested a post-mortem report within 48 hours. Initial triage confirmed the issue is environment-specific to their PROD-2 tenant. Reproduction steps provided; engineering queue updated. Root cause traced to a race condition in the async queue; a mutex lock was introduced.
00108360D2FCE2C,Nguyen & Johnson Inc.,Reseller,Healthcare,SMB,London,17866997,19360,571045153,CASE-937519,Email,High,Closed,Integration Hub,2024-07-18,2024-08-06,Yes,Daniel Patel,VP of Engineering,3.0,Client in London reported a critical failure in the Integration Hub integration causing a two-factor authentication codes not being delivered. Error code SYNC-FAIL-07 appears in logs since 2024-07-16 17:03 UTC. Contact Daniel Patel (VP of Engineering) was escalating during the call and looped in their VP of Engineering on the call. Initial triage confirmed the issue is environment-specific to their EU-WEST tenant. Reproduction steps provided; engineering queue updated. SSL certificate renewed and propagated across all edge nodes within the maintenance window.
0013AF337F13A91,Tanaka & García AG,Reseller,Technology,SMB,Brussels,400950857,4822,592891069,CASE-700094,Web,High,Escalated,Billing Platform,2024-08-29,,Yes,Maria Novak,Solutions Architect,4.0,New onboarding case for Tanaka & García AG (SMB tier). Primary contact: Maria Novak (Solutions Architect). They are configuring the Billing Platform for the first time and encountered missing permissions on the service account used for integration. Implementation engineer scheduled a 60-minute screenshare for 2024-08-26. Customer provided sandbox credentials; issue reproduced and root cause confirmed. Documentation gap identified — will file internal ticket to update the Quick-Start Guide. Customer confirmed resolution after applying the corrected configuration.
001324CBFF709CD,Schmidt & Larsson Ltd.,Customer,Energy,Mid-Market,Prague,397710994,35046,550427301,CASE-117242,Email,Medium,Pending Customer,Mobile SDK,2024-01-04,,No,Raj Nguyen,CTO,5.0,Raj Nguyen from Schmidt & Larsson Ltd. opened this case after observing severe latency in the Mobile SDK. Average response times increased from ~200ms to over 3s beginning around 2024-01-03 10:44 UTC. Affects approximately 120 concurrent users in their APAC region. Customer is distressed and mentioned potential contractual penalties if unresolved by EOD. Support engineer ran a distributed trace; bottleneck identified at the database read replica. Metrics attached to case for engineering review. The customer's IP range was added to the allowlist following security review approval.
001B4F62FF6CABA,Becker & Schmidt BV,Customer,Financial Services,SMB,Prague,347844392,41513,567570655,CASE-378902,Phone,Critical,Resolved,API Gateway,2025-03-16,2025-04-08,Yes,Omar Johnson,CTO,2.0,Omar Johnson from Becker & Schmidt BV opened this case after observing severe latency in the API Gateway. Average response times increased from ~200ms to over 12s beginning around 2025-03-15 01:25 UTC. Affects approximately 70 concurrent users in their EMEA region. Customer is frustrated and threatened to escalate to executive sponsor. Support engineer ran a distributed trace; bottleneck identified at the database read replica. Metrics attached to case for engineering review. A hotfix (v2.4.7) was deployed to production at 03:14 UTC resolving the root cause.
0013F96E5384BB4,Patel & García Sp. z o.o.,Prospect,Retail,Enterprise,Chicago,124659566,7357,587105145,CASE-780806,Email,Low,Closed,Analytics Dashboard,2025-01-17,2025-01-31,Yes,Tom Okonkwo,Senior Engineer,,"Tom Okonkwo (Senior Engineer) at Patel & García Sp. z o.o. contacted support regarding an unexpected charge of $10,411 on their July invoice. Customer claims usage reported by the Analytics Dashboard does not match their internal telemetry. Discrepancy of approximately 32% in API call counts. Finance team has been looped in. Raw usage logs pulled from billing service for 2025-01-16. Preliminary finding: a duplicate event emitter was introduced in v2.2.7 causing double-counting. Credit memo being processed; ETA 4 business days. SSL certificate renewed and propagated across all edge nodes within the maintenance window."
001529A7D2E495D,Williams & Kim SA,Customer,Automotive,SMB,Stockholm,299772217,1077,594640612,CASE-688313,Phone,Low,New,Billing Platform,2024-07-13,,Yes,Fatima Novak,Senior Engineer,5.0,Fatima Novak from Williams & Kim SA opened this case after observing severe latency in the Billing Platform. Average response times increased from ~200ms to over 11s beginning around 2024-07-12 01:20 UTC. Affects approximately 118 concurrent users in their APAC region. Customer is critical and stated this is blocking their go-live scheduled for next Friday. Support engineer ran a distributed trace; bottleneck identified at the database read replica. Metrics attached to case for engineering review. A stale CDN cache was purged globally; content now serves correctly in all regions.
0013E8E3B66A0F1,Tanaka & Dupont Sp. z o.o.,Reseller,Logistics,Strategic,New York,204449839,801,541505429,CASE-951042,Chat,Critical,Escalated,Mobile SDK,2023-11-18,,No,Zoe Larsson,Technical Account Manager,1.0,"Inbound escalation from Tanaka & Dupont Sp. z o.o. (New York) — Zoe Larsson reports the Mobile SDK has been failing to sync records since 2023-11-17 19:50 UTC. Approximately 36,004 records are stuck in a PENDING state. Error log snippet shared by customer shows AUTH-401 with stack trace pointing to a serialisation issue in the delta-sync processor. Customer is understanding and appreciated the quick response and transparency. Workaround: manual re-trigger via admin panel unblocks individual batches but is not scalable. Engineering has reproduced the issue in staging with a dataset of matching schema. A hotfix (v2.4.7) was deployed to production at 03:14 UTC resolving the root cause."
001A167C4251B17,Larsson & Rossi BV,Prospect,Financial Services,SMB,Lisbon,107362960,44633,510586267,CASE-171147,Chat,High,New,Reporting Suite,2023-11-12,,Yes,Ahmed García,Head of Operations,4.0,Ticket raised by Ahmed García (Head of Operations) at Larsson & Rossi BV regarding intermittent authentication failures on the Reporting Suite. Approximately 17% of login attempts return a 401 with error TIMEOUT-002. Issue began after they applied their internal SSO policy update on 2023-11-09. Customer tone: distressed; mentioned potential contractual penalties if unresolved by EOD. Support confirmed SAML assertions are malformed — attribute mapping mismatch in IdP config. Step-by-step remediation guide sent; customer to test in staging before production rollout. Root cause traced to a race condition in the async queue; a mutex lock was introduced.
001AA9CEF15E555,Rossi & García Ltd.,Prospect,Logistics,Strategic,Berlin,30894626,46517,560382136,CASE-377048,Web,High,Pending Customer,Security Manager,2023-05-07,,Yes,Tom Kim,Technical Account Manager,5.0,Ticket raised by Tom Kim (Technical Account Manager) at Rossi & García Ltd. regarding intermittent authentication failures on the Security Manager. Approximately 64% of login attempts return a 401 with error SSL-HANDSHAKE. Issue began after they applied their internal SSO policy update on 2023-05-05. Customer tone: critical; stated this is blocking their go-live scheduled for next Friday. Support confirmed SAML assertions are malformed — attribute mapping mismatch in IdP config. Step-by-step remediation guide sent; customer to test in staging before production rollout. A hotfix (v2.4.7) was deployed to production at 03:14 UTC resolving the root cause.
0016DD5FCBE883D,Sato & García AB,Partner,Media & Entertainment,Strategic,Copenhagen,105086902,21130,591506831,CASE-618936,Web,Low,New,Data Sync Engine,2023-06-13,,No,Fatima Nguyen,Senior Engineer,5.0,"Inbound escalation from Sato & García AB (Copenhagen) — Fatima Nguyen reports the Data Sync Engine has been failing to sync records since 2023-06-10 13:47 UTC. Approximately 25,027 records are stuck in a PENDING state. Error log snippet shared by customer shows SYNC-FAIL-07 with stack trace pointing to a serialisation issue in the delta-sync processor. Customer is frustrated and threatened to escalate to executive sponsor. Workaround: manual re-trigger via admin panel unblocks individual batches but is not scalable. Engineering has reproduced the issue in staging with a dataset of matching schema. A hotfix (v2.4.7) was deployed to production at 03:14 UTC resolving the root cause."
0015FA323211E04,Dupont & Sato Inc.,Reseller,Manufacturing,Mid-Market,New York,262959498,15862,539127109,CASE-298866,Email,Low,Escalated,Reporting Suite,2025-08-28,,Yes,Priya Schmidt,IT Director,5.0,Client in New York reported a critical failure in the Reporting Suite integration causing a dashboard not loading for all EU users. Error code SSL-HANDSHAKE appears in logs since 2025-08-28 17:16 UTC. Contact Priya Schmidt (IT Director) was patient but firm during the call and asked for daily status updates. Initial triage confirmed the issue is environment-specific to their PROD-2 tenant. Reproduction steps provided; engineering queue updated. A stale CDN cache was purged globally; content now serves correctly in all regions.
0014B8D1EDC2513,Ferreira & Nguyen Corp.,Partner,Financial Services,Mid-Market,Vienna,236345272,31034,541776998,CASE-752161,Email,High,Escalated,Integration Hub,2023-10-01,,Yes,Yuki Nguyen,Technical Account Manager,5.0,"Customer Yuki Nguyen at Ferreira & Nguyen Corp. (Tier: Mid-Market, Industry: Financial Services) submitted a formal feature request for the Integration Hub. Request: ability to configure per-user rate limits via API. Business justification: compliance with ISO 27001 audit requirements. Use case documented and forwarded to Product Management. Customer expects a roadmap commitment within 2 quarters. PM acknowledged receipt; item added to the backlog with High priority scoring."
00126FAE496913F,Williams & García Ltd.,Partner,Manufacturing,Enterprise,Sydney,114540947,19469,576389996,CASE-791895,Phone,High,Escalated,Security Manager,2023-07-12,,Yes,Luca Becker,IT Director,5.0,"Luca Becker (IT Director) at Williams & García Ltd. contacted support regarding an unexpected charge of $8,117 on their May invoice. Customer claims usage reported by the Security Manager does not match their internal telemetry. Discrepancy of approximately 25% in API call counts. Finance team has been looped in. Raw usage logs pulled from billing service for 2023-07-10. Preliminary finding: a duplicate event emitter was introduced in v2.5.4 causing double-counting. Credit memo being processed; ETA 7 business days. The third-party payment gateway's IP whitelist was updated to include the new NAT range."
0012BAA371C7086,Rossi & García S.r.l.,Reseller,Energy,Enterprise,Milan,423877703,18644,542998085,CASE-323812,Email,High,New,Reporting Suite,2024-10-24,,No,Clara Williams,Platform Architect,5.0,Client in Milan reported a critical failure in the Reporting Suite integration causing a email notifications sent to incorrect recipients. Error code ERR-5500 appears in logs since 2024-10-21 18:44 UTC. Contact Clara Williams (Platform Architect) was patient but firm during the call and asked for daily status updates. Initial triage confirmed the issue is environment-specific to their PROD-2 tenant. Reproduction steps provided; engineering queue updated. SSL certificate renewed and propagated across all edge nodes within the maintenance window.
0014D0B7D97365D,Nguyen & Nguyen SA,Customer,Telecommunications,Mid-Market,Lisbon,111812330,36612,558520544,CASE-154903,Email,Low,Pending Customer,Identity & Access Module,2023-06-04,,Yes,Patrick Müller,Solutions Architect,3.0,Client in Lisbon reported a critical failure in the Identity & Access Module integration causing a invoice generation failures affecting 200+ clients. Error code SSL-HANDSHAKE appears in logs since 2023-06-01 23:32 UTC. Contact Patrick Müller (Solutions Architect) was critical during the call and stated this is blocking their go-live scheduled for next Friday. Initial triage confirmed the issue is environment-specific to their AP-SOUTH tenant. Reproduction steps provided; engineering queue updated. The database index was rebuilt and query performance restored to baseline.
001C340AD1D2E4C,Andersen & Schmidt AB,Partner,Technology,Enterprise,Tokyo,230295586,29726,566404731,CASE-244409,Web,Critical,Escalated,API Gateway,2025-08-26,,No,Ahmed Kowalski,Solutions Architect,1.0,New onboarding case for Andersen & Schmidt AB (Enterprise tier). Primary contact: Ahmed Kowalski (Solutions Architect). They are configuring the API Gateway for the first time and encountered CORS policy errors when calling the API from their SPA. Implementation engineer scheduled a 60-minute screenshare for 2025-08-24. Customer provided sandbox credentials; issue reproduced and root cause confirmed. Documentation gap identified — will file internal ticket to update the Quick-Start Guide. Customer confirmed resolution after applying the corrected configuration.
00141A3E7660424,Becker & Rossi SA,Reseller,Retail,Strategic,Berlin,347151575,38427,538033490,CASE-209562,Partner Portal,High,Escalated,Identity & Access Module,2025-11-07,,No,Omar Andersen,Technical Account Manager,5.0,"Inbound escalation from Becker & Rossi SA (Berlin) — Omar Andersen reports the Identity & Access Module has been failing to sync records since 2025-11-05 20:54 UTC. Approximately 39,700 records are stuck in a PENDING state. Error log snippet shared by customer shows ERR-4403 with stack trace pointing to a serialisation issue in the delta-sync processor. Customer is understanding and appreciated the quick response and transparency. Workaround: manual re-trigger via admin panel unblocks individual batches but is not scalable. Engineering has reproduced the issue in staging with a dataset of matching schema. A stale CDN cache was purged globally; content now serves correctly in all regions."
001CB693C2B6601,García & Tanaka AB,Partner,Media & Entertainment,Strategic,Singapore,400630728,14587,589252562,CASE-369756,Chat,Critical,In Progress,API Gateway,2024-10-07,,Yes,Fatima Williams,IT Manager,,Ticket raised by Fatima Williams (IT Manager) at García & Tanaka AB regarding intermittent authentication failures on the API Gateway. Approximately 75% of login attempts return a 401 with error SSL-HANDSHAKE. Issue began after they applied their internal SSO policy update on 2024-10-05. Customer tone: patient but firm; asked for daily status updates. Support confirmed SAML assertions are malformed — attribute mapping mismatch in IdP config. Step-by-step remediation guide sent; customer to test in staging before production rollout. Workaround provided: client configured batch size to 500 records; permanent fix in sprint 43.
0013EE255E9826D,Andersen & Schmidt GmbH,Reseller,Automotive,Enterprise,Oslo,398489120,45820,531924339,CASE-244148,Email,Medium,Pending Customer,Data Sync Engine,2024-11-05,,No,Daniel Johnson,VP of Engineering,3.0,Daniel Johnson from Andersen & Schmidt GmbH opened this case after observing severe latency in the Data Sync Engine. Average response times increased from ~200ms to over 13s beginning around 2024-11-03 17:59 UTC. Affects approximately 92 concurrent users in their APAC region. Customer is patient but firm and asked for daily status updates. Support engineer ran a distributed trace; bottleneck identified at the database read replica. Metrics attached to case for engineering review. Root cause traced to a race condition in the async queue; a mutex lock was introduced.
001BA825B1B549C,Novak & Kowalski GmbH,Customer,Telecommunications,Strategic,Toronto,208769857,34230,516640542,CASE-503093,Phone,High,Escalated,Data Sync Engine,2025-11-17,,Yes,Wei Hassan,Senior Engineer,5.0,"Customer Wei Hassan at Novak & Kowalski GmbH (Tier: Strategic, Industry: Telecommunications) submitted a formal feature request for the Data Sync Engine. Request: ability to set custom session timeout policies per role group. Business justification: compliance with GDPR Article 30 audit requirements. Use case documented and forwarded to Product Management. Customer expects a roadmap commitment within 4 quarters. PM acknowledged receipt; item added to the backlog with Medium priority scoring."
001C91156FF4D54,Williams & Andersen Corp.,Partner,Media & Entertainment,SMB,Lisbon,2490342,40701,569696559,CASE-261654,Email,Low,Closed,Mobile SDK,2023-02-20,2023-03-20,Yes,Zoe Ferreira,IT Manager,,Zoe Ferreira from Williams & Andersen Corp. opened this case after observing severe latency in the Mobile SDK. Average response times increased from ~200ms to over 12s beginning around 2023-02-18 16:27 UTC. Affects approximately 460 concurrent users in their EMEA region. Customer is frustrated and threatened to escalate to executive sponsor. Support engineer ran a distributed trace; bottleneck identified at the database read replica. Metrics attached to case for engineering review. Root cause traced to a race condition in the async queue; a mutex lock was introduced.
0013D25566CC067,Ferreira & Hassan AB,Reseller,Energy,Strategic,Paris,173626751,21491,558113555,CASE-617506,Web,Critical,Closed,Analytics Dashboard,2023-01-16,2023-01-31,Yes,Elena Okonkwo,DevOps Lead,3.0,Ticket raised by Elena Okonkwo (DevOps Lead) at Ferreira & Hassan AB regarding intermittent authentication failures on the Analytics Dashboard. Approximately 60% of login attempts return a 401 with error ERR-3301. Issue began after they applied their internal SSO policy update on 2023-01-16. Customer tone: distressed; mentioned potential contractual penalties if unresolved by EOD. Support confirmed SAML assertions are malformed — attribute mapping mismatch in IdP config. Step-by-step remediation guide sent; customer to test in staging before production rollout. A hotfix (v2.4.7) was deployed to production at 03:14 UTC resolving the root cause.
0010CA30E21A7E1,Tanaka & Kim GmbH,Prospect,Financial Services,Strategic,Munich,137592133,21315,524295715,CASE-261382,Email,Medium,Pending Customer,Integration Hub,2025-07-03,,Yes,Ingrid Hassan,Senior Engineer,3.0,Client in Munich reported a critical failure in the Integration Hub integration causing a audit logs missing entries for the past 48 hours. Error code DB-CONN-ERR appears in logs since 2025-07-01 16:50 UTC. Contact Ingrid Hassan (Senior Engineer) was very concerned during the call and requested a post-mortem report within 48 hours. Initial triage confirmed the issue is environment-specific to their PROD-2 tenant. Reproduction steps provided; engineering queue updated. A stale CDN cache was purged globally; content now serves correctly in all regions.
001F2591DC964A0,Johnson & Okonkwo Sp. z o.o.,Customer,Manufacturing,Mid-Market,Munich,132114120,26762,536036342,CASE-147796,Partner Portal,Medium,Pending Customer,Identity & Access Module,2025-12-19,,Yes,James Hassan,CTO,1.0,"Customer James Hassan at Johnson & Okonkwo Sp. z o.o. (Tier: Mid-Market, Industry: Manufacturing) submitted a formal feature request for the Identity & Access Module. Request: ability to configure per-user rate limits via API. Business justification: compliance with PCI-DSS 4.0 audit requirements. Use case documented and forwarded to Product Management. Customer expects a roadmap commitment within 4 quarters. PM acknowledged receipt; item added to the backlog with High priority scoring."
001E813F39C2DD1,García & Andersen Corp.,Customer,Financial Services,SMB,Madrid,442705806,39816,573838030,CASE-725346,Chat,Low,Pending Customer,API Gateway,2025-12-31,,Yes,Tom Rossi,CTO,3.0,"Tom Rossi (CTO) at García & Andersen Corp. contacted support regarding an unexpected charge of $5,715 on their April invoice. Customer claims usage reported by the API Gateway does not match their internal telemetry. Discrepancy of approximately 40% in API call counts. Finance team has been looped in. Raw usage logs pulled from billing service for 2025-12-30. Preliminary finding: a duplicate event emitter was introduced in v3.1.3 causing double-counting. Credit memo being processed; ETA 4 business days. Root cause traced to a race condition in the async queue; a mutex lock was introduced."
0016ECEC7E08AC5,Kowalski & Kim S.r.l.,Partner,Technology,Enterprise,Singapore,308146996,16473,512528463,CASE-453141,Partner Portal,Critical,Pending Customer,Billing Platform,2024-10-12,,Yes,Elena Nguyen,CTO,5.0,"Elena Nguyen (CTO) at Kowalski & Kim S.r.l. contacted support regarding an unexpected charge of $7,281 on their March invoice. Customer claims usage reported by the Billing Platform does not match their internal telemetry. Discrepancy of approximately 15% in API call counts. Finance team has been looped in. Raw usage logs pulled from billing service for 2024-10-12. Preliminary finding: a duplicate event emitter was introduced in v4.9.4 causing double-counting. Credit memo being processed; ETA 4 business days. The database index was rebuilt and query performance restored to baseline."
0018CEFEE9786F8,Schmidt & Ferreira Ltd.,Customer,Financial Services,Mid-Market,Tokyo,303038232,48775,569058283,CASE-797290,Chat,Low,In Progress,Data Sync Engine,2024-12-25,,Yes,Tom Williams,DevOps Lead,5.0,Tom Williams from Schmidt & Ferreira Ltd. opened this case after observing severe latency in the Data Sync Engine. Average response times increased from ~200ms to over 10s beginning around 2024-12-24 10:33 UTC. Affects approximately 195 concurrent users in their AMER region. Customer is professional and requested SLA credit per the MSA terms. Support engineer ran a distributed trace; bottleneck identified at the database read replica. Metrics attached to case for engineering review. The third-party payment gateway's IP whitelist was updated to include the new NAT range.
001242B58954134,Patel & García GmbH,Partner,Automotive,SMB,London,450987879,39749,552949673,CASE-924922,Partner Portal,Low,Closed,Data Sync Engine,2025-11-17,2025-12-11,Yes,Zoe Hassan,Head of Operations,,"Zoe Hassan (Head of Operations) at Patel & García GmbH contacted support regarding an unexpected charge of $9,547 on their June invoice. Customer claims usage reported by the Data Sync Engine does not match their internal telemetry. Discrepancy of approximately 15% in API call counts. Finance team has been looped in. Raw usage logs pulled from billing service for 2025-11-14. Preliminary finding: a duplicate event emitter was introduced in v2.3.2 causing double-counting. Credit memo being processed; ETA 5 business days. A hotfix (v2.4.7) was deployed to production at 03:14 UTC resolving the root cause."
0018E30B87BE770,Kim & Hassan Ltd.,Customer,Automotive,SMB,Chicago,206631093,26411,534399883,CASE-984394,Partner Portal,High,In Progress,Integration Hub,2025-02-10,,Yes,Ingrid Kowalski,VP of Engineering,3.0,New onboarding case for Kim & Hassan Ltd. (SMB tier). Primary contact: Ingrid Kowalski (VP of Engineering). They are configuring the Integration Hub for the first time and encountered CORS policy errors when calling the API from their SPA. Implementation engineer scheduled a 60-minute screenshare for 2025-02-08. Customer provided sandbox credentials; issue reproduced and root cause confirmed. Documentation gap identified — will file internal ticket to update the Quick-Start Guide. Customer confirmed resolution after applying the corrected configuration.
001F7A395ADE772,Larsson & Okonkwo Corp.,Customer,Healthcare,Strategic,Helsinki,226205076,10021,541617209,CASE-240003,Chat,High,Resolved,Integration Hub,2025-10-22,2025-11-10,Yes,Ahmed Nguyen,DevOps Lead,5.0,"Inbound escalation from Larsson & Okonkwo Corp. (Helsinki) — Ahmed Nguyen reports the Integration Hub has been failing to sync records since 2025-10-21 09:49 UTC. Approximately 8,301 records are stuck in a PENDING state. Error log snippet shared by customer shows SYNC-FAIL-07 with stack trace pointing to a serialisation issue in the delta-sync processor. Customer is distressed and mentioned potential contractual penalties if unresolved by EOD. Workaround: manual re-trigger via admin panel unblocks individual batches but is not scalable. Engineering has reproduced the issue in staging with a dataset of matching schema. Data migration script re-run with corrected field mappings; record integrity confirmed."
001826EBD51B4DE,Müller & Becker BV,Reseller,Insurance,Enterprise,Helsinki,30365495,43991,584113583,CASE-394196,Chat,Low,Closed,Analytics Dashboard,2023-12-17,2024-01-11,Yes,Raj Müller,DevOps Lead,3.0,New onboarding case for Müller & Becker BV (Enterprise tier). Primary contact: Raj Müller (DevOps Lead). They are configuring the Analytics Dashboard for the first time and encountered CORS policy errors when calling the API from their SPA. Implementation engineer scheduled a 60-minute screenshare for 2023-12-16. Customer provided sandbox credentials; issue reproduced and root cause confirmed. Documentation gap identified — will file internal ticket to update the Quick-Start Guide. Customer confirmed resolution after applying the corrected configuration.
0016848859A85EA,Novak & Novak Corp.,Partner,Telecommunications,Strategic,Tokyo,248947166,33707,518899831,CASE-469877,Partner Portal,Critical,Closed,Reporting Suite,2024-10-04,2024-10-18,Yes,Marcus Rossi,CTO,4.0,New onboarding case for Novak & Novak Corp. (Strategic tier). Primary contact: Marcus Rossi (CTO). They are configuring the Reporting Suite for the first time and encountered SSL pinning failures in their mobile build pipeline. Implementation engineer scheduled a 60-minute screenshare for 2024-10-02. Customer provided sandbox credentials; issue reproduced and root cause confirmed. Documentation gap identified — will file internal ticket to update the Quick-Start Guide. Customer confirmed resolution after applying the corrected configuration.
00118BC21E57AFE,Hassan & Andersen S.r.l.,Customer,Pharmaceuticals,SMB,Berlin,462877148,10204,512267498,CASE-818534,Chat,Low,In Progress,Workflow Automation,2025-11-10,,Yes,Aisha García,Head of Operations,1.0,"Inbound escalation from Hassan & Andersen S.r.l. (Berlin) — Aisha García reports the Workflow Automation has been failing to sync records since 2025-11-07 05:25 UTC. Approximately 39,407 records are stuck in a PENDING state. Error log snippet shared by customer shows AUTH-401 with stack trace pointing to a serialisation issue in the delta-sync processor. Customer is escalating and looped in their VP of Engineering on the call. Workaround: manual re-trigger via admin panel unblocks individual batches but is not scalable. Engineering has reproduced the issue in staging with a dataset of matching schema. Pending further investigation; case escalated to Tier-3 Engineering with P1 SLA applied."
00160B641A19B85,Dupont & Tanaka Corp.,Customer,Manufacturing,Enterprise,London,274703359,8779,513563869,CASE-780374,Chat,Critical,Pending Customer,Security Manager,2023-02-27,,No,Aisha Novak,Head of Operations,4.0,"Aisha Novak (Head of Operations) at Dupont & Tanaka Corp. contacted support regarding an unexpected charge of $11,918 on their July invoice. Customer claims usage reported by the Security Manager does not match their internal telemetry. Discrepancy of approximately 7% in API call counts. Finance team has been looped in. Raw usage logs pulled from billing service for 2023-02-25. Preliminary finding: a duplicate event emitter was introduced in v2.0.7 causing double-counting. Credit memo being processed; ETA 6 business days. The database index was rebuilt and query performance restored to baseline."
0019715A2853C45,Andersen & Hassan AB,Customer,Telecommunications,Mid-Market,Zurich,130750471,46792,552437340,CASE-146387,Chat,Low,Pending Customer,Security Manager,2023-10-22,,Yes,Priya Johnson,DevOps Lead,4.0,"Priya Johnson (DevOps Lead) at Andersen & Hassan AB contacted support regarding an unexpected charge of $8,572 on their July invoice. Customer claims usage reported by the Security Manager does not match their internal telemetry. Discrepancy of approximately 31% in API call counts. Finance team has been looped in. Raw usage logs pulled from billing service for 2023-10-19. Preliminary finding: a duplicate event emitter was introduced in v4.3.3 causing double-counting. Credit memo being processed; ETA 4 business days. The third-party payment gateway's IP whitelist was updated to include the new NAT range."
001A7E8A56C8974,Dupont & Okonkwo BV,Prospect,Telecommunications,Enterprise,Toronto,236711547,44320,514393557,CASE-474841,Email,Critical,Closed,Reporting Suite,2025-06-24,2025-06-25,No,Yuki García,Senior Engineer,5.0,"Customer Yuki García at Dupont & Okonkwo BV (Tier: Enterprise, Industry: Telecommunications) submitted a formal feature request for the Reporting Suite. Request: ability to receive webhook retries with exponential backoff. Business justification: compliance with SOC 2 Type II audit requirements. Use case documented and forwarded to Product Management. Customer expects a roadmap commitment within 3 quarters. PM acknowledged receipt; item added to the backlog with Medium priority scoring."
001174FC8168521,Kim & Kowalski GmbH,Prospect,Financial Services,SMB,Vienna,457286830,3235,536635790,CASE-520055,Partner Portal,Low,In Progress,Workflow Automation,2025-11-08,,Yes,Fatima Rossi,VP of Engineering,3.0,New onboarding case for Kim & Kowalski GmbH (SMB tier). Primary contact: Fatima Rossi (VP of Engineering). They are configuring the Workflow Automation for the first time and encountered missing permissions on the service account used for integration. Implementation engineer scheduled a 60-minute screenshare for 2025-11-07. Customer provided sandbox credentials; issue reproduced and root cause confirmed. Documentation gap identified — will file internal ticket to update the Quick-Start Guide. Customer confirmed resolution after applying the corrected configuration.
001B7C2C1CF3F20,Tanaka & Johnson SA,Prospect,Pharmaceuticals,Enterprise,New York,141914263,27011,573488839,CASE-702412,Web,Critical,Resolved,API Gateway,2025-06-15,2025-06-28,Yes,Aisha Müller,DevOps Lead,4.0,Ticket raised by Aisha Müller (DevOps Lead) at Tanaka & Johnson SA regarding intermittent authentication failures on the API Gateway. Approximately 43% of login attempts return a 401 with error ERR-5021. Issue began after they applied their internal SSO policy update on 2025-06-12. Customer tone: professional; requested SLA credit per the MSA terms. Support confirmed SAML assertions are malformed — attribute mapping mismatch in IdP config. Step-by-step remediation guide sent; customer to test in staging before production rollout. Engineering identified a misconfigured load-balancer rule; it was corrected and verified.
0016B5DE15DC18D,García & Dupont BV,Partner,Retail,Mid-Market,Budapest,323384882,46101,599839973,CASE-254457,Chat,High,Pending Customer,Security Manager,2024-10-15,,Yes,Isabella Hassan,Technical Account Manager,5.0,"Inbound escalation from García & Dupont BV (Budapest) — Isabella Hassan reports the Security Manager has been failing to sync records since 2024-10-12 06:48 UTC. Approximately 37,171 records are stuck in a PENDING state. Error log snippet shared by customer shows ERR-4009 with stack trace pointing to a serialisation issue in the delta-sync processor. Customer is professional and requested SLA credit per the MSA terms. Workaround: manual re-trigger via admin panel unblocks individual batches but is not scalable. Engineering has reproduced the issue in staging with a dataset of matching schema. Workaround provided: client configured batch size to 500 records; permanent fix in sprint 43."
001D91A634825F9,Patel & Kim AG,Customer,Manufacturing,Enterprise,Berlin,295773745,22748,594131537,CASE-874757,Web,High,Escalated,Workflow Automation,2025-01-24,,No,Priya Johnson,IT Manager,4.0,New onboarding case for Patel & Kim AG (Enterprise tier). Primary contact: Priya Johnson (IT Manager). They are configuring the Workflow Automation for the first time and encountered CORS policy errors when calling the API from their SPA. Implementation engineer scheduled a 60-minute screenshare for 2025-01-22. Customer provided sandbox credentials; issue reproduced and root cause confirmed. Documentation gap identified — will file internal ticket to update the Quick-Start Guide. Customer confirmed resolution after applying the corrected configuration.
0016075D7A515F9,Dupont & Larsson Corp.,Customer,Retail,SMB,Lisbon,495268481,41108,575371572,CASE-380740,Partner Portal,Critical,Closed,Billing Platform,2025-02-26,2025-03-07,No,Omar Patel,Senior Engineer,,"Omar Patel (Senior Engineer) at Dupont & Larsson Corp. contacted support regarding an unexpected charge of $7,440 on their March invoice. Customer claims usage reported by the Billing Platform does not match their internal telemetry. Discrepancy of approximately 26% in API call counts. Finance team has been looped in. Raw usage logs pulled from billing service for 2025-02-23. Preliminary finding: a duplicate event emitter was introduced in v2.2.2 causing double-counting. Credit memo being processed; ETA 2 business days. The customer's IP range was added to the allowlist following security review approval."
0016D87330DD9E3,Kowalski & Nguyen GmbH,Partner,Healthcare,Strategic,Sydney,373085646,31916,570364220,CASE-401781,Phone,High,Resolved,Security Manager,2023-05-28,2023-06-23,Yes,Fatima Andersen,Technical Account Manager,5.0,Ticket raised by Fatima Andersen (Technical Account Manager) at Kowalski & Nguyen GmbH regarding intermittent authentication failures on the Security Manager. Approximately 41% of login attempts return a 401 with error ERR-4009. Issue began after they applied their internal SSO policy update on 2023-05-26. Customer tone: professional; requested SLA credit per the MSA terms. Support confirmed SAML assertions are malformed — attribute mapping mismatch in IdP config. Step-by-step remediation guide sent; customer to test in staging before production rollout. OAuth token refresh logic was patched; all active sessions re-authenticated successfully.
001771CAD3EB215,Nguyen & Patel AG,Reseller,Financial Services,Mid-Market,New York,247288659,8078,590501536,CASE-882504,Chat,Low,Pending Customer,Mobile SDK,2024-12-13,,No,Henrik Sato,Head of Operations,4.0,Henrik Sato from Nguyen & Patel AG opened this case after observing severe latency in the Mobile SDK. Average response times increased from ~200ms to over 3s beginning around 2024-12-13 18:46 UTC. Affects approximately 81 concurrent users in their APAC region. Customer is very concerned and requested a post-mortem report within 48 hours. Support engineer ran a distributed trace; bottleneck identified at the database read replica. Metrics attached to case for engineering review. Workaround provided: client configured batch size to 500 records; permanent fix in sprint 43.
0014454200BC8BE,Andersen & Williams Corp.,Reseller,Retail,SMB,Prague,227798644,36299,539622819,CASE-541425,Chat,Medium,In Progress,Analytics Dashboard,2023-03-07,,Yes,Zoe Johnson,Head of Operations,,Client in Prague reported a critical failure in the Analytics Dashboard integration causing a file attachments over 10 MB silently dropped. Error code SYNC-FAIL-07 appears in logs since 2023-03-06 04:08 UTC. Contact Zoe Johnson (Head of Operations) was distressed during the call and mentioned potential contractual penalties if unresolved by EOD. Initial triage confirmed the issue is environment-specific to their EU-WEST tenant. Reproduction steps provided; engineering queue updated. The third-party payment gateway's IP whitelist was updated to include the new NAT range.
001CCCFA22DEA92,Patel & García Ltd.,Reseller,Automotive,SMB,Milan,487960351,23635,568288208,CASE-422090,Email,Low,Escalated,Billing Platform,2025-04-06,,Yes,James Williams,Senior Engineer,,Client in Milan reported a critical failure in the Billing Platform integration causing a dashboard not loading for all EU users. Error code SYNC-FAIL-07 appears in logs since 2025-04-06 08:18 UTC. Contact James Williams (Senior Engineer) was professional during the call and requested SLA credit per the MSA terms. Initial triage confirmed the issue is environment-specific to their US-EAST tenant. Reproduction steps provided; engineering queue updated. Root cause traced to a race condition in the async queue; a mutex lock was introduced.
00187BB301AAC74,Kowalski & Ferreira AB,Customer,Healthcare,SMB,Amsterdam,14633560,14187,583494016,CASE-439084,Phone,High,Escalated,Mobile SDK,2024-11-16,,Yes,Yuki Patel,DevOps Lead,3.0,New onboarding case for Kowalski & Ferreira AB (SMB tier). Primary contact: Yuki Patel (DevOps Lead). They are configuring the Mobile SDK for the first time and encountered CORS policy errors when calling the API from their SPA. Implementation engineer scheduled a 60-minute screenshare for 2024-11-14. Customer provided sandbox credentials; issue reproduced and root cause confirmed. Documentation gap identified — will file internal ticket to update the Quick-Start Guide. Customer confirmed resolution after applying the corrected configuration.
001B6AC381E2437,Patel & Novak S.r.l.,Reseller,Media & Entertainment,Mid-Market,Chicago,405852729,15817,541329793,CASE-169315,Web,Medium,Escalated,Billing Platform,2024-08-13,,Yes,Isabella Tanaka,Platform Architect,4.0,"Isabella Tanaka (Platform Architect) at Patel & Novak S.r.l. contacted support regarding an unexpected charge of $12,180 on their March invoice. Customer claims usage reported by the Billing Platform does not match their internal telemetry. Discrepancy of approximately 28% in API call counts. Finance team has been looped in. Raw usage logs pulled from billing service for 2024-08-11. Preliminary finding: a duplicate event emitter was introduced in v4.7.4 causing double-counting. Credit memo being processed; ETA 6 business days. OAuth token refresh logic was patched; all active sessions re-authenticated successfully."
001E3480F33BB38,Okonkwo & García AG,Prospect,Logistics,Enterprise,Milan,7996870,38228,553249067,CASE-399279,Email,Low,New,Data Sync Engine,2024-06-17,,No,Wei Sato,IT Director,5.0,New onboarding case for Okonkwo & García AG (Enterprise tier). Primary contact: Wei Sato (IT Director). They are configuring the Data Sync Engine for the first time and encountered missing permissions on the service account used for integration. Implementation engineer scheduled a 60-minute screenshare for 2024-06-14. Customer provided sandbox credentials; issue reproduced and root cause confirmed. Documentation gap identified — will file internal ticket to update the Quick-Start Guide. Customer confirmed resolution after applying the corrected configuration.
0013A78432A777E,Novak & Kowalski Ltd.,Customer,Healthcare,Mid-Market,Budapest,174753521,6045,518713806,CASE-362322,Email,Low,Resolved,API Gateway,2025-12-18,2025-12-24,No,Maria Dupont,VP of Engineering,5.0,Ticket raised by Maria Dupont (VP of Engineering) at Novak & Kowalski Ltd. regarding intermittent authentication failures on the API Gateway. Approximately 26% of login attempts return a 401 with error ERR-4403. Issue began after they applied their internal SSO policy update on 2025-12-16. Customer tone: professional; requested SLA credit per the MSA terms. Support confirmed SAML assertions are malformed — attribute mapping mismatch in IdP config. Step-by-step remediation guide sent; customer to test in staging before production rollout. A hotfix (v2.4.7) was deployed to production at 03:14 UTC resolving the root cause.
001A7F4AF595E36,Hassan & Okonkwo AB,Customer,Pharmaceuticals,Enterprise,Brussels,218762801,42104,583540030,CASE-783354,Phone,High,Pending Customer,Integration Hub,2025-07-23,,No,Zoe Nguyen,DevOps Lead,5.0,Zoe Nguyen from Hassan & Okonkwo AB opened this case after observing severe latency in the Integration Hub. Average response times increased from ~200ms to over 6s beginning around 2025-07-23 01:39 UTC. Affects approximately 483 concurrent users in their AMER region. Customer is escalating and looped in their VP of Engineering on the call. Support engineer ran a distributed trace; bottleneck identified at the database read replica. Metrics attached to case for engineering review. Engineering identified a misconfigured load-balancer rule; it was corrected and verified.
001E8CE1045357F,Müller & Patel S.r.l.,Prospect,Technology,Mid-Market,Warsaw,489027624,45582,512532270,CASE-808082,Web,High,Closed,Identity & Access Module,2023-01-26,2023-02-05,Yes,Yuki García,IT Manager,3.0,New onboarding case for Müller & Patel S.r.l. (Mid-Market tier). Primary contact: Yuki García (IT Manager). They are configuring the Identity & Access Module for the first time and encountered CORS policy errors when calling the API from their SPA. Implementation engineer scheduled a 60-minute screenshare for 2023-01-23. Customer provided sandbox credentials; issue reproduced and root cause confirmed. Documentation gap identified — will file internal ticket to update the Quick-Start Guide. Customer confirmed resolution after applying the corrected configuration.
001E50EC31E0E61,Rossi & Andersen BV,Customer,Technology,Mid-Market,London,462164037,26342,566964001,CASE-361985,Email,High,New,API Gateway,2025-04-06,,Yes,Sophie Okonkwo,Technical Account Manager,1.0,"Sophie Okonkwo (Technical Account Manager) at Rossi & Andersen BV contacted support regarding an unexpected charge of $14,173 on their April invoice. Customer claims usage reported by the API Gateway does not match their internal telemetry. Discrepancy of approximately 22% in API call counts. Finance team has been looped in. Raw usage logs pulled from billing service for 2025-04-03. Preliminary finding: a duplicate event emitter was introduced in v2.0.5 causing double-counting. Credit memo being processed; ETA 3 business days. Data migration script re-run with corrected field mappings; record integrity confirmed."
0019643B8501911,Williams & Müller AG,Prospect,Manufacturing,Mid-Market,Milan,112746775,14665,587292779,CASE-205936,Email,High,Escalated,API Gateway,2025-02-01,,Yes,James Dupont,VP of Engineering,3.0,New onboarding case for Williams & Müller AG (Mid-Market tier). Primary contact: James Dupont (VP of Engineering). They are configuring the API Gateway for the first time and encountered confusion around webhook signature verification. Implementation engineer scheduled a 60-minute screenshare for 2025-01-29. Customer provided sandbox credentials; issue reproduced and root cause confirmed. Documentation gap identified — will file internal ticket to update the Quick-Start Guide. Customer confirmed resolution after applying the corrected configuration.
0015F375ECB113D,Becker & Kim BV,Reseller,Energy,Enterprise,Helsinki,160702832,19536,591793881,CASE-564223,Chat,Critical,In Progress,Identity & Access Module,2023-11-21,,Yes,Tom Okonkwo,IT Director,3.0,Tom Okonkwo from Becker & Kim BV opened this case after observing severe latency in the Identity & Access Module. Average response times increased from ~200ms to over 9s beginning around 2023-11-20 23:38 UTC. Affects approximately 108 concurrent users in their APAC region. Customer is professional and requested SLA credit per the MSA terms. Support engineer ran a distributed trace; bottleneck identified at the database read replica. Metrics attached to case for engineering review. The database index was rebuilt and query performance restored to baseline.
001DD53E41C1D54,Andersen & Sato S.r.l.,Partner,Financial Services,SMB,Chicago,191739528,26536,522363487,CASE-450862,Email,Low,Pending Customer,Identity & Access Module,2025-06-14,,No,Isabella Johnson,Senior Engineer,3.0,Isabella Johnson from Andersen & Sato S.r.l. opened this case after observing severe latency in the Identity & Access Module. Average response times increased from ~200ms to over 12s beginning around 2025-06-11 20:42 UTC. Affects approximately 443 concurrent users in their EMEA region. Customer is critical and stated this is blocking their go-live scheduled for next Friday. Support engineer ran a distributed trace; bottleneck identified at the database read replica. Metrics attached to case for engineering review. A stale CDN cache was purged globally; content now serves correctly in all regions.
0012DBE989BB333,Kim & Dupont SA,Partner,Energy,Mid-Market,Brussels,217567529,38126,559777340,CASE-266989,Web,Low,In Progress,Workflow Automation,2024-05-19,,Yes,Ingrid Becker,Solutions Architect,4.0,New onboarding case for Kim & Dupont SA (Mid-Market tier). Primary contact: Ingrid Becker (Solutions Architect). They are configuring the Workflow Automation for the first time and encountered missing permissions on the service account used for integration. Implementation engineer scheduled a 60-minute screenshare for 2024-05-19. Customer provided sandbox credentials; issue reproduced and root cause confirmed. Documentation gap identified — will file internal ticket to update the Quick-Start Guide. Customer confirmed resolution after applying the corrected configuration.
00109FEFB98BB42,Novak & Okonkwo Ltd.,Reseller,Logistics,Mid-Market,Chicago,265635927,38832,530231248,CASE-412276,Phone,Medium,Closed,Workflow Automation,2024-03-02,2024-03-08,No,Henrik Sato,IT Director,,Ticket raised by Henrik Sato (IT Director) at Novak & Okonkwo Ltd. regarding intermittent authentication failures on the Workflow Automation. Approximately 63% of login attempts return a 401 with error AUTH-401. Issue began after they applied their internal SSO policy update on 2024-02-28. Customer tone: patient but firm; asked for daily status updates. Support confirmed SAML assertions are malformed — attribute mapping mismatch in IdP config. Step-by-step remediation guide sent; customer to test in staging before production rollout. OAuth token refresh logic was patched; all active sessions re-authenticated successfully.
001CDD5B46082AF,Okonkwo & Hassan AB,Reseller,Automotive,Mid-Market,Chicago,421832134,6646,562787346,CASE-866224,Partner Portal,High,New,Workflow Automation,2024-07-09,,Yes,Ingrid Novak,Platform Architect,5.0,"Customer Ingrid Novak at Okonkwo & Hassan AB (Tier: Mid-Market, Industry: Automotive) submitted a formal feature request for the Workflow Automation. Request: ability to schedule reports at sub-hourly intervals. Business justification: compliance with PCI-DSS 4.0 audit requirements. Use case documented and forwarded to Product Management. Customer expects a roadmap commitment within 2 quarters. PM acknowledged receipt; item added to the backlog with High priority scoring."
00174AE06AA67F2,Ferreira & Rossi GmbH,Reseller,Healthcare,SMB,Budapest,70722031,24883,517909548,CASE-594435,Email,Critical,In Progress,Identity & Access Module,2025-10-21,,Yes,Marcus García,Platform Architect,3.0,Client in Budapest reported a critical failure in the Identity & Access Module integration causing a file attachments over 10 MB silently dropped. Error code SYNC-FAIL-07 appears in logs since 2025-10-21 03:25 UTC. Contact Marcus García (Platform Architect) was professional during the call and requested SLA credit per the MSA terms. Initial triage confirmed the issue is environment-specific to their EU-WEST tenant. Reproduction steps provided; engineering queue updated. The customer's IP range was added to the allowlist following security review approval.
001539288874F21,García & Sato SA,Prospect,Energy,SMB,Milan,450574254,9457,587598331,CASE-971731,Email,Low,Escalated,Security Manager,2024-03-01,,Yes,Fatima Nguyen,Solutions Architect,3.0,"Inbound escalation from García & Sato SA (Milan) — Fatima Nguyen reports the Security Manager has been failing to sync records since 2024-03-01 04:07 UTC. Approximately 13,942 records are stuck in a PENDING state. Error log snippet shared by customer shows ERR-4009 with stack trace pointing to a serialisation issue in the delta-sync processor. Customer is professional and requested SLA credit per the MSA terms. Workaround: manual re-trigger via admin panel unblocks individual batches but is not scalable. Engineering has reproduced the issue in staging with a dataset of matching schema. Data migration script re-run with corrected field mappings; record integrity confirmed."
001CFB16B5C0BD7,Hassan & Rossi AG,Reseller,Telecommunications,Mid-Market,London,386298273,19155,586122518,CASE-582517,Phone,Low,Closed,Security Manager,2024-09-07,2024-09-20,No,Raj Andersen,IT Director,5.0,"Customer Raj Andersen at Hassan & Rossi AG (Tier: Mid-Market, Industry: Telecommunications) submitted a formal feature request for the Security Manager. Request: ability to export audit logs in CEF format. Business justification: compliance with HIPAA §164.312 audit requirements. Use case documented and forwarded to Product Management. Customer expects a roadmap commitment within 2 quarters. PM acknowledged receipt; item added to the backlog with High priority scoring."
0013E46286EC137,Schmidt & Dupont AB,Customer,Retail,Enterprise,Copenhagen,409283502,49447,520912414,CASE-304144,Email,High,Escalated,API Gateway,2023-08-03,,Yes,Elena Sato,Platform Architect,3.0,"Elena Sato (Platform Architect) at Schmidt & Dupont AB contacted support regarding an unexpected charge of $3,729 on their June invoice. Customer claims usage reported by the API Gateway does not match their internal telemetry. Discrepancy of approximately 31% in API call counts. Finance team has been looped in. Raw usage logs pulled from billing service for 2023-07-31. Preliminary finding: a duplicate event emitter was introduced in v3.3.4 causing double-counting. Credit memo being processed; ETA 6 business days. Engineering identified a misconfigured load-balancer rule; it was corrected and verified."
001368A9581AE08,Müller & Rossi SA,Customer,Financial Services,SMB,Stockholm,152394619,37912,597839168,CASE-844884,Partner Portal,Critical,Pending Customer,Data Sync Engine,2023-05-08,,Yes,Clara García,Head of Operations,,Client in Stockholm reported a critical failure in the Data Sync Engine integration causing a search results returning stale cached data. Error code ERR-5500 appears in logs since 2023-05-08 13:31 UTC. Contact Clara García (Head of Operations) was understanding during the call and appreciated the quick response and transparency. Initial triage confirmed the issue is environment-specific to their EU-WEST tenant. Reproduction steps provided; engineering queue updated. The database index was rebuilt and query performance restored to baseline.
001DC386F4A02CF,Williams & Williams GmbH,Partner,Pharmaceuticals,Strategic,Helsinki,138914425,32905,554174627,CASE-417051,Partner Portal,Medium,New,Mobile SDK,2023-09-01,,Yes,Nadia Rossi,Platform Architect,,Ticket raised by Nadia Rossi (Platform Architect) at Williams & Williams GmbH regarding intermittent authentication failures on the Mobile SDK. Approximately 45% of login attempts return a 401 with error ERR-4009. Issue began after they applied their internal SSO policy update on 2023-08-29. Customer tone: escalating; looped in their VP of Engineering on the call. Support confirmed SAML assertions are malformed — attribute mapping mismatch in IdP config. Step-by-step remediation guide sent; customer to test in staging before production rollout. Engineering identified a misconfigured load-balancer rule; it was corrected and verified.
00149CE29B71AA9,Nguyen & Müller AG,Customer,Financial Services,Strategic,Budapest,425012252,32483,525570079,CASE-313152,Email,Critical,New,Security Manager,2023-07-16,,Yes,Carlos Novak,Senior Engineer,,New onboarding case for Nguyen & Müller AG (Strategic tier). Primary contact: Carlos Novak (Senior Engineer). They are configuring the Security Manager for the first time and encountered confusion around webhook signature verification. Implementation engineer scheduled a 60-minute screenshare for 2023-07-13. Customer provided sandbox credentials; issue reproduced and root cause confirmed. Documentation gap identified — will file internal ticket to update the Quick-Start Guide. Customer confirmed resolution after applying the corrected configuration.
001C53AB087E27A,Novak & Ferreira SA,Customer,Telecommunications,Enterprise,Stockholm,415290253,39827,538605389,CASE-557325,Chat,Medium,Pending Customer,Analytics Dashboard,2025-12-02,,No,Sophie Tanaka,Senior Engineer,4.0,Sophie Tanaka from Novak & Ferreira SA opened this case after observing severe latency in the Analytics Dashboard. Average response times increased from ~200ms to over 9s beginning around 2025-12-02 09:05 UTC. Affects approximately 106 concurrent users in their AMER region. Customer is understanding and appreciated the quick response and transparency. Support engineer ran a distributed trace; bottleneck identified at the database read replica. Metrics attached to case for engineering review. Engineering identified a misconfigured load-balancer rule; it was corrected and verified.
001D7311DE177B7,Dupont & Sato SA,Customer,Pharmaceuticals,Enterprise,Zurich,187519571,18619,516427033,CASE-179833,Email,Critical,In Progress,API Gateway,2025-10-19,,Yes,Zoe Nguyen,IT Director,2.0,Zoe Nguyen from Dupont & Sato SA opened this case after observing severe latency in the API Gateway. Average response times increased from ~200ms to over 3s beginning around 2025-10-17 19:07 UTC. Affects approximately 220 concurrent users in their AMER region. Customer is critical and stated this is blocking their go-live scheduled for next Friday. Support engineer ran a distributed trace; bottleneck identified at the database read replica. Metrics attached to case for engineering review. Pending further investigation; case escalated to Tier-3 Engineering with P1 SLA applied.
001D755A765021F,Patel & Okonkwo Inc.,Customer,Automotive,Mid-Market,Budapest,75087840,41494,558759172,CASE-396742,Chat,Critical,New,Mobile SDK,2023-05-17,,No,Elena Okonkwo,Solutions Architect,5.0,"Customer Elena Okonkwo at Patel & Okonkwo Inc. (Tier: Mid-Market, Industry: Automotive) submitted a formal feature request for the Mobile SDK. Request: ability to receive webhook retries with exponential backoff. Business justification: compliance with PCI-DSS 4.0 audit requirements. Use case documented and forwarded to Product Management. Customer expects a roadmap commitment within 3 quarters. PM acknowledged receipt; item added to the backlog with Medium priority scoring."
001663B93AFAE19,Okonkwo & Becker Sp. z o.o.,Partner,Energy,SMB,Budapest,196790915,23869,577761937,CASE-410634,Email,High,Pending Customer,Integration Hub,2024-03-28,,No,Sophie Sato,Senior Engineer,5.0,"Customer Sophie Sato at Okonkwo & Becker Sp. z o.o. (Tier: SMB, Industry: Energy) submitted a formal feature request for the Integration Hub. Request: ability to set custom session timeout policies per role group. Business justification: compliance with ISO 27001 audit requirements. Use case documented and forwarded to Product Management. Customer expects a roadmap commitment within 4 quarters. PM acknowledged receipt; item added to the backlog with High priority scoring."
001069499B00C67,Kowalski & Schmidt GmbH,Prospect,Energy,Mid-Market,Prague,60217008,14590,510683656,CASE-958166,Chat,Low,Closed,Workflow Automation,2025-04-09,2025-05-06,Yes,Omar Schmidt,VP of Engineering,3.0,Ticket raised by Omar Schmidt (VP of Engineering) at Kowalski & Schmidt GmbH regarding intermittent authentication failures on the Workflow Automation. Approximately 70% of login attempts return a 401 with error SYNC-FAIL-07. Issue began after they applied their internal SSO policy update on 2025-04-07. Customer tone: frustrated; threatened to escalate to executive sponsor. Support confirmed SAML assertions are malformed — attribute mapping mismatch in IdP config. Step-by-step remediation guide sent; customer to test in staging before production rollout. Engineering identified a misconfigured load-balancer rule; it was corrected and verified.
00162CF7CCAF317,Tanaka & Schmidt Sp. z o.o.,Customer,Financial Services,Strategic,Munich,65845041,23024,598530136,CASE-269174,Email,High,Resolved,Mobile SDK,2023-05-01,2023-05-07,Yes,Ahmed Novak,IT Manager,5.0,Ahmed Novak from Tanaka & Schmidt Sp. z o.o. opened this case after observing severe latency in the Mobile SDK. Average response times increased from ~200ms to over 5s beginning around 2023-04-29 03:31 UTC. Affects approximately 99 concurrent users in their AMER region. Customer is patient but firm and asked for daily status updates. Support engineer ran a distributed trace; bottleneck identified at the database read replica. Metrics attached to case for engineering review. The database index was rebuilt and query performance restored to baseline.
001B1440BD5E7E1,Sato & Williams SA,Customer,Financial Services,SMB,Stockholm,390423912,49247,584389476,CASE-380993,Chat,Critical,New,Reporting Suite,2024-10-31,,Yes,Elena Williams,CTO,3.0,Client in Stockholm reported a critical failure in the Reporting Suite integration causing a API response times exceeding 12 seconds. Error code ERR-4403 appears in logs since 2024-10-30 16:12 UTC. Contact Elena Williams (CTO) was very concerned during the call and requested a post-mortem report within 48 hours. Initial triage confirmed the issue is environment-specific to their US-EAST tenant. Reproduction steps provided; engineering queue updated. The third-party payment gateway's IP whitelist was updated to include the new NAT range.
0017A3E9B305C62,Sato & Tanaka GmbH,Prospect,Financial Services,SMB,Sydney,263231240,36482,515494184,CASE-727882,Chat,High,Closed,Identity & Access Module,2024-10-14,2024-10-17,Yes,Henrik Hassan,IT Manager,1.0,Ticket raised by Henrik Hassan (IT Manager) at Sato & Tanaka GmbH regarding intermittent authentication failures on the Identity & Access Module. Approximately 14% of login attempts return a 401 with error ERR-5021. Issue began after they applied their internal SSO policy update on 2024-10-11. Customer tone: frustrated; threatened to escalate to executive sponsor. Support confirmed SAML assertions are malformed — attribute mapping mismatch in IdP config. Step-by-step remediation guide sent; customer to test in staging before production rollout. A stale CDN cache was purged globally; content now serves correctly in all regions.
0014FAD23DD77B5,Hassan & Dupont SA,Reseller,Insurance,SMB,London,155031334,48032,594397189,CASE-235153,Partner Portal,Critical,Pending Customer,Workflow Automation,2024-05-11,,Yes,Daniel Tanaka,DevOps Lead,,"Inbound escalation from Hassan & Dupont SA (London) — Daniel Tanaka reports the Workflow Automation has been failing to sync records since 2024-05-09 02:39 UTC. Approximately 1,979 records are stuck in a PENDING state. Error log snippet shared by customer shows AUTH-401 with stack trace pointing to a serialisation issue in the delta-sync processor. Customer is escalating and looped in their VP of Engineering on the call. Workaround: manual re-trigger via admin panel unblocks individual batches but is not scalable. Engineering has reproduced the issue in staging with a dataset of matching schema. OAuth token refresh logic was patched; all active sessions re-authenticated successfully."
00192D0E66C5DF6,Tanaka & Dupont Ltd.,Reseller,Logistics,Strategic,New York,135029655,15709,564022294,CASE-725225,Partner Portal,Critical,Closed,Integration Hub,2023-02-21,2023-03-21,Yes,Raj Dupont,Technical Account Manager,3.0,"Customer Raj Dupont at Tanaka & Dupont Ltd. (Tier: Strategic, Industry: Logistics) submitted a formal feature request for the Integration Hub. Request: ability to receive webhook retries with exponential backoff. Business justification: compliance with GDPR Article 30 audit requirements. Use case documented and forwarded to Product Management. Customer expects a roadmap commitment within 3 quarters. PM acknowledged receipt; item added to the backlog with Medium priority scoring."
0013E128DBB2EEB,Becker & Williams AB,Prospect,Insurance,SMB,Warsaw,193390258,10051,579769314,CASE-737258,Partner Portal,Low,Closed,API Gateway,2024-07-23,2024-07-24,Yes,Nadia Schmidt,Technical Account Manager,4.0,"Customer Nadia Schmidt at Becker & Williams AB (Tier: SMB, Industry: Insurance) submitted a formal feature request for the API Gateway. Request: ability to export audit logs in CEF format. Business justification: compliance with ISO 27001 audit requirements. Use case documented and forwarded to Product Management. Customer expects a roadmap commitment within 4 quarters. PM acknowledged receipt; item added to the backlog with Medium priority scoring."
001ADBEBE3DF8CB,Nguyen & Okonkwo Inc.,Reseller,Telecommunications,Mid-Market,Budapest,356919012,36719,519276071,CASE-413357,Partner Portal,Critical,In Progress,Identity & Access Module,2025-07-15,,Yes,Maria Rossi,Solutions Architect,3.0,"Inbound escalation from Nguyen & Okonkwo Inc. (Budapest) — Maria Rossi reports the Identity & Access Module has been failing to sync records since 2025-07-13 11:28 UTC. Approximately 42,116 records are stuck in a PENDING state. Error log snippet shared by customer shows ERR-5021 with stack trace pointing to a serialisation issue in the delta-sync processor. Customer is escalating and looped in their VP of Engineering on the call. Workaround: manual re-trigger via admin panel unblocks individual batches but is not scalable. Engineering has reproduced the issue in staging with a dataset of matching schema. The customer's IP range was added to the allowlist following security review approval."
001D32B959AD2D2,Kowalski & Patel BV,Partner,Retail,Strategic,Vienna,129557476,48765,528903037,CASE-362702,Email,High,Closed,Mobile SDK,2023-11-26,2023-12-05,Yes,Fatima Ferreira,CTO,5.0,Fatima Ferreira (CTO) at Kowalski & Patel BV contacted support regarding an unexpected charge of $278 on their March invoice. Customer claims usage reported by the Mobile SDK does not match their internal telemetry. Discrepancy of approximately 22% in API call counts. Finance team has been looped in. Raw usage logs pulled from billing service for 2023-11-23. Preliminary finding: a duplicate event emitter was introduced in v2.7.2 causing double-counting. Credit memo being processed; ETA 4 business days. Engineering identified a misconfigured load-balancer rule; it was corrected and verified.
001D4FFD0681FC3,Ferreira & Kim Corp.,Reseller,Logistics,SMB,Chicago,8524237,10636,547252186,CASE-272535,Web,Low,Pending Customer,Identity & Access Module,2025-03-26,,Yes,Daniel Okonkwo,CTO,2.0,"Inbound escalation from Ferreira & Kim Corp. (Chicago) — Daniel Okonkwo reports the Identity & Access Module has been failing to sync records since 2025-03-26 10:34 UTC. Approximately 15,024 records are stuck in a PENDING state. Error log snippet shared by customer shows ERR-5500 with stack trace pointing to a serialisation issue in the delta-sync processor. Customer is escalating and looped in their VP of Engineering on the call. Workaround: manual re-trigger via admin panel unblocks individual batches but is not scalable. Engineering has reproduced the issue in staging with a dataset of matching schema. Data migration script re-run with corrected field mappings; record integrity confirmed."
001F8F8FE01FDA4,Tanaka & Hassan AB,Partner,Automotive,SMB,Copenhagen,325361055,28523,562654955,CASE-292750,Partner Portal,Critical,New,Workflow Automation,2024-01-07,,No,Henrik Novak,Platform Architect,1.0,Client in Copenhagen reported a critical failure in the Workflow Automation integration causing a webhook events not firing for payment completions. Error code ERR-3301 appears in logs since 2024-01-06 02:20 UTC. Contact Henrik Novak (Platform Architect) was very concerned during the call and requested a post-mortem report within 48 hours. Initial triage confirmed the issue is environment-specific to their US-EAST tenant. Reproduction steps provided; engineering queue updated. Data migration script re-run with corrected field mappings; record integrity confirmed.
001C790847B336B,Larsson & Johnson Corp.,Partner,Manufacturing,Enterprise,Milan,255427277,334,563179088,CASE-332040,Email,Medium,Resolved,Billing Platform,2023-06-28,2023-07-10,Yes,Yuki Dupont,IT Director,2.0,"Inbound escalation from Larsson & Johnson Corp. (Milan) — Yuki Dupont reports the Billing Platform has been failing to sync records since 2023-06-25 14:34 UTC. Approximately 15,614 records are stuck in a PENDING state. Error log snippet shared by customer shows SSL-HANDSHAKE with stack trace pointing to a serialisation issue in the delta-sync processor. Customer is very concerned and requested a post-mortem report within 48 hours. Workaround: manual re-trigger via admin panel unblocks individual batches but is not scalable. Engineering has reproduced the issue in staging with a dataset of matching schema. The database index was rebuilt and query performance restored to baseline."
0010C6E360A5F05,Dupont & Sato GmbH,Partner,Financial Services,SMB,Helsinki,114126809,24498,593080126,CASE-336656,Chat,Low,Closed,Integration Hub,2025-01-03,2025-01-10,Yes,Maria Becker,VP of Engineering,5.0,"Maria Becker (VP of Engineering) at Dupont & Sato GmbH contacted support regarding an unexpected charge of $1,212 on their March invoice. Customer claims usage reported by the Integration Hub does not match their internal telemetry. Discrepancy of approximately 8% in API call counts. Finance team has been looped in. Raw usage logs pulled from billing service for 2025-01-03. Preliminary finding: a duplicate event emitter was introduced in v4.0.2 causing double-counting. Credit memo being processed; ETA 7 business days. Data migration script re-run with corrected field mappings; record integrity confirmed."
001D5F40CF3EE1A,Andersen & Kowalski AG,Prospect,Logistics,Strategic,Tokyo,1819286,47660,570330473,CASE-707510,Partner Portal,High,Escalated,Data Sync Engine,2025-02-10,,Yes,Daniel Nguyen,Head of Operations,,"Customer Daniel Nguyen at Andersen & Kowalski AG (Tier: Strategic, Industry: Logistics) submitted a formal feature request for the Data Sync Engine. Request: ability to bulk-archive inactive records. Business justification: compliance with GDPR Article 30 audit requirements. Use case documented and forwarded to Product Management. Customer expects a roadmap commitment within 2 quarters. PM acknowledged receipt; item added to the backlog with High priority scoring."
0018C832946B878,Okonkwo & Nguyen SA,Reseller,Retail,Enterprise,Chicago,7398005,48512,525873894,CASE-744810,Web,Medium,In Progress,Mobile SDK,2025-08-17,,Yes,Luca Kim,Solutions Architect,5.0,"Customer Luca Kim at Okonkwo & Nguyen SA (Tier: Enterprise, Industry: Retail) submitted a formal feature request for the Mobile SDK. Request: ability to receive webhook retries with exponential backoff. Business justification: compliance with ISO 27001 audit requirements. Use case documented and forwarded to Product Management. Customer expects a roadmap commitment within 1 quarters. PM acknowledged receipt; item added to the backlog with Medium priority scoring."
00180D077804F30,Becker & Rossi Inc.,Customer,Energy,Strategic,Brussels,441467990,45904,596973489,CASE-436752,Chat,Critical,In Progress,Mobile SDK,2024-11-27,,No,Zoe Kowalski,CTO,5.0,New onboarding case for Becker & Rossi Inc. (Strategic tier). Primary contact: Zoe Kowalski (CTO). They are configuring the Mobile SDK for the first time and encountered CORS policy errors when calling the API from their SPA. Implementation engineer scheduled a 60-minute screenshare for 2024-11-27. Customer provided sandbox credentials; issue reproduced and root cause confirmed. Documentation gap identified — will file internal ticket to update the Quick-Start Guide. Customer confirmed resolution after applying the corrected configuration.
001BCC2E9BC545E,Kowalski & Novak Sp. z o.o.,Reseller,Insurance,Enterprise,Chicago,110288906,21984,543027552,CASE-242064,Email,High,Pending Customer,Analytics Dashboard,2023-09-28,,No,Sophie Nguyen,CTO,,"Inbound escalation from Kowalski & Novak Sp. z o.o. (Chicago) — Sophie Nguyen reports the Analytics Dashboard has been failing to sync records since 2023-09-27 02:43 UTC. Approximately 38,889 records are stuck in a PENDING state. Error log snippet shared by customer shows ERR-5500 with stack trace pointing to a serialisation issue in the delta-sync processor. Customer is critical and stated this is blocking their go-live scheduled for next Friday. Workaround: manual re-trigger via admin panel unblocks individual batches but is not scalable. Engineering has reproduced the issue in staging with a dataset of matching schema. Engineering identified a misconfigured load-balancer rule; it was corrected and verified."
0017DE003BEFA5C,Rossi & Kim Inc.,Customer,Energy,SMB,Milan,16025232,48929,542862031,CASE-575587,Web,High,New,Integration Hub,2025-01-22,,Yes,Isabella Rossi,Technical Account Manager,2.0,Ticket raised by Isabella Rossi (Technical Account Manager) at Rossi & Kim Inc. regarding intermittent authentication failures on the Integration Hub. Approximately 31% of login attempts return a 401 with error ERR-5500. Issue began after they applied their internal SSO policy update on 2025-01-19. Customer tone: very concerned; requested a post-mortem report within 48 hours. Support confirmed SAML assertions are malformed — attribute mapping mismatch in IdP config. Step-by-step remediation guide sent; customer to test in staging before production rollout. A stale CDN cache was purged globally; content now serves correctly in all regions.
00145031E4CEE6C,Dupont & Kowalski S.r.l.,Reseller,Logistics,Strategic,Budapest,184377490,37373,519607081,CASE-457383,Email,High,Pending Customer,Mobile SDK,2024-03-03,,Yes,Aisha Andersen,Platform Architect,,New onboarding case for Dupont & Kowalski S.r.l. (Strategic tier). Primary contact: Aisha Andersen (Platform Architect). They are configuring the Mobile SDK for the first time and encountered CORS policy errors when calling the API from their SPA. Implementation engineer scheduled a 60-minute screenshare for 2024-03-02. Customer provided sandbox credentials; issue reproduced and root cause confirmed. Documentation gap identified — will file internal ticket to update the Quick-Start Guide. Customer confirmed resolution after applying the corrected configuration.
0011EBBFF9D1A83,Patel & Becker Sp. z o.o.,Customer,Technology,Enterprise,New York,432939933,9479,575478354,CASE-291971,Web,Medium,Escalated,Mobile SDK,2024-12-24,,Yes,Omar Kim,Platform Architect,2.0,New onboarding case for Patel & Becker Sp. z o.o. (Enterprise tier). Primary contact: Omar Kim (Platform Architect). They are configuring the Mobile SDK for the first time and encountered confusion around webhook signature verification. Implementation engineer scheduled a 60-minute screenshare for 2024-12-23. Customer provided sandbox credentials; issue reproduced and root cause confirmed. Documentation gap identified — will file internal ticket to update the Quick-Start Guide. Customer confirmed resolution after applying the corrected configuration.
00121348FCEBC28,Hassan & Kim Corp.,Prospect,Logistics,Strategic,Brussels,380689322,24101,526148236,CASE-122733,Web,Low,Escalated,Workflow Automation,2025-03-01,,Yes,Marcus Ferreira,IT Manager,3.0,Marcus Ferreira from Hassan & Kim Corp. opened this case after observing severe latency in the Workflow Automation. Average response times increased from ~200ms to over 9s beginning around 2025-02-26 13:16 UTC. Affects approximately 306 concurrent users in their EMEA region. Customer is frustrated and threatened to escalate to executive sponsor. Support engineer ran a distributed trace; bottleneck identified at the database read replica. Metrics attached to case for engineering review. Data migration script re-run with corrected field mappings; record integrity confirmed.
001DF04F167A1DC,Becker & Tanaka Sp. z o.o.,Partner,Logistics,Strategic,Budapest,397620771,20953,512923920,CASE-743709,Chat,High,In Progress,Integration Hub,2024-11-14,,Yes,Zoe Müller,IT Manager,5.0,"Customer Zoe Müller at Becker & Tanaka Sp. z o.o. (Tier: Strategic, Industry: Logistics) submitted a formal feature request for the Integration Hub. Request: ability to bulk-archive inactive records. Business justification: compliance with SOC 2 Type II audit requirements. Use case documented and forwarded to Product Management. Customer expects a roadmap commitment within 1 quarters. PM acknowledged receipt; item added to the backlog with High priority scoring."
001F223B92C04DE,Kowalski & Ferreira S.r.l.,Reseller,Healthcare,SMB,Bratislava,388678907,37184,572228848,CASE-999646,Email,Medium,Escalated,Mobile SDK,2025-01-30,,Yes,Carlos Kim,CTO,5.0,Ticket raised by Carlos Kim (CTO) at Kowalski & Ferreira S.r.l. regarding intermittent authentication failures on the Mobile SDK. Approximately 11% of login attempts return a 401 with error SYNC-FAIL-07. Issue began after they applied their internal SSO policy update on 2025-01-30. Customer tone: understanding; appreciated the quick response and transparency. Support confirmed SAML assertions are malformed — attribute mapping mismatch in IdP config. Step-by-step remediation guide sent; customer to test in staging before production rollout. A hotfix (v2.4.7) was deployed to production at 03:14 UTC resolving the root cause.
0011D2B5762465C,García & Ferreira Inc.,Prospect,Retail,Mid-Market,Amsterdam,170503474,4206,562976745,CASE-611954,Chat,Low,Closed,Data Sync Engine,2024-08-22,2024-09-13,Yes,Ahmed Johnson,CTO,4.0,"Ahmed Johnson (CTO) at García & Ferreira Inc. contacted support regarding an unexpected charge of $3,429 on their June invoice. Customer claims usage reported by the Data Sync Engine does not match their internal telemetry. Discrepancy of approximately 19% in API call counts. Finance team has been looped in. Raw usage logs pulled from billing service for 2024-08-19. Preliminary finding: a duplicate event emitter was introduced in v4.2.8 causing double-counting. Credit memo being processed; ETA 5 business days. OAuth token refresh logic was patched; all active sessions re-authenticated successfully."
0016D9B884C15D1,Kim & Hassan SA,Partner,Healthcare,Enterprise,Munich,110339901,49341,538523451,CASE-543400,Chat,Low,Escalated,Analytics Dashboard,2023-11-07,,Yes,Nadia Hassan,IT Director,5.0,"Inbound escalation from Kim & Hassan SA (Munich) — Nadia Hassan reports the Analytics Dashboard has been failing to sync records since 2023-11-07 01:57 UTC. Approximately 45,807 records are stuck in a PENDING state. Error log snippet shared by customer shows DB-CONN-ERR with stack trace pointing to a serialisation issue in the delta-sync processor. Customer is patient but firm and asked for daily status updates. Workaround: manual re-trigger via admin panel unblocks individual batches but is not scalable. Engineering has reproduced the issue in staging with a dataset of matching schema. Data migration script re-run with corrected field mappings; record integrity confirmed."
001580BF5B4C6C1,Williams & Kim AB,Prospect,Telecommunications,Enterprise,Prague,492932432,27489,547571801,CASE-695863,Phone,Critical,Resolved,Identity & Access Module,2025-02-19,2025-02-19,Yes,Zoe Andersen,Technical Account Manager,1.0,Zoe Andersen from Williams & Kim AB opened this case after observing severe latency in the Identity & Access Module. Average response times increased from ~200ms to over 12s beginning around 2025-02-19 10:40 UTC. Affects approximately 199 concurrent users in their EMEA region. Customer is understanding and appreciated the quick response and transparency. Support engineer ran a distributed trace; bottleneck identified at the database read replica. Metrics attached to case for engineering review. Data migration script re-run with corrected field mappings; record integrity confirmed.
0016BFC78316730,Kowalski & Larsson S.r.l.,Partner,Logistics,Enterprise,Amsterdam,281778836,48096,578393472,CASE-705109,Phone,Medium,New,API Gateway,2023-06-08,,Yes,Omar Dupont,CTO,5.0,"Omar Dupont (CTO) at Kowalski & Larsson S.r.l. contacted support regarding an unexpected charge of $1,316 on their March invoice. Customer claims usage reported by the API Gateway does not match their internal telemetry. Discrepancy of approximately 23% in API call counts. Finance team has been looped in. Raw usage logs pulled from billing service for 2023-06-08. Preliminary finding: a duplicate event emitter was introduced in v2.4.3 causing double-counting. Credit memo being processed; ETA 2 business days. The third-party payment gateway's IP whitelist was updated to include the new NAT range."
001605F155B4C9A,Andersen & Hassan Ltd.,Prospect,Energy,SMB,Prague,271988018,3282,536452300,CASE-144106,Partner Portal,Critical,Escalated,Data Sync Engine,2024-03-13,,Yes,Henrik Dupont,Solutions Architect,4.0,Ticket raised by Henrik Dupont (Solutions Architect) at Andersen & Hassan Ltd. regarding intermittent authentication failures on the Data Sync Engine. Approximately 53% of login attempts return a 401 with error ERR-3301. Issue began after they applied their internal SSO policy update on 2024-03-11. Customer tone: critical; stated this is blocking their go-live scheduled for next Friday. Support confirmed SAML assertions are malformed — attribute mapping mismatch in IdP config. Step-by-step remediation guide sent; customer to test in staging before production rollout. SSL certificate renewed and propagated across all edge nodes within the maintenance window.
001FC15E55B05D8,Tanaka & Ferreira AG,Partner,Telecommunications,Strategic,London,260202089,45998,523801703,CASE-557107,Phone,Critical,Closed,Integration Hub,2024-06-21,2024-07-07,Yes,Clara Müller,IT Manager,5.0,"Clara Müller (IT Manager) at Tanaka & Ferreira AG contacted support regarding an unexpected charge of $6,577 on their June invoice. Customer claims usage reported by the Integration Hub does not match their internal telemetry. Discrepancy of approximately 38% in API call counts. Finance team has been looped in. Raw usage logs pulled from billing service for 2024-06-21. Preliminary finding: a duplicate event emitter was introduced in v3.1.1 causing double-counting. Credit memo being processed; ETA 6 business days. Data migration script re-run with corrected field mappings; record integrity confirmed."
00156AEFD6636E5,Rossi & Kowalski GmbH,Partner,Energy,Strategic,Brussels,201785770,12435,544303825,CASE-473856,Partner Portal,Critical,Escalated,Workflow Automation,2025-12-03,,Yes,Yuki Becker,Senior Engineer,4.0,New onboarding case for Rossi & Kowalski GmbH (Strategic tier). Primary contact: Yuki Becker (Senior Engineer). They are configuring the Workflow Automation for the first time and encountered difficulty mapping their existing data schema to our object model. Implementation engineer scheduled a 60-minute screenshare for 2025-12-02. Customer provided sandbox credentials; issue reproduced and root cause confirmed. Documentation gap identified — will file internal ticket to update the Quick-Start Guide. Customer confirmed resolution after applying the corrected configuration.
0013274AAD0576B,Sato & Hassan Inc.,Partner,Media & Entertainment,Mid-Market,Lisbon,51107786,30689,574689969,CASE-451431,Partner Portal,Critical,Pending Customer,Integration Hub,2025-01-26,,Yes,Priya Sato,DevOps Lead,5.0,Priya Sato from Sato & Hassan Inc. opened this case after observing severe latency in the Integration Hub. Average response times increased from ~200ms to over 11s beginning around 2025-01-25 11:15 UTC. Affects approximately 426 concurrent users in their APAC region. Customer is critical and stated this is blocking their go-live scheduled for next Friday. Support engineer ran a distributed trace; bottleneck identified at the database read replica. Metrics attached to case for engineering review. Root cause traced to a race condition in the async queue; a mutex lock was introduced.
001C87094BA1FD5,Okonkwo & García Inc.,Reseller,Pharmaceuticals,Strategic,Budapest,318610494,36721,596885711,CASE-332761,Web,Medium,Pending Customer,Security Manager,2024-03-02,,Yes,Ahmed Hassan,Solutions Architect,5.0,Ahmed Hassan from Okonkwo & García Inc. opened this case after observing severe latency in the Security Manager. Average response times increased from ~200ms to over 15s beginning around 2024-03-02 06:00 UTC. Affects approximately 388 concurrent users in their AMER region. Customer is critical and stated this is blocking their go-live scheduled for next Friday. Support engineer ran a distributed trace; bottleneck identified at the database read replica. Metrics attached to case for engineering review. A hotfix (v2.4.7) was deployed to production at 03:14 UTC resolving the root cause.
0016299084E1E3D,Novak & Ferreira Ltd.,Reseller,Logistics,Mid-Market,Madrid,67641956,47330,511070085,CASE-769944,Chat,High,Resolved,Integration Hub,2025-01-29,2025-02-27,Yes,Priya Schmidt,CTO,4.0,"Priya Schmidt (CTO) at Novak & Ferreira Ltd. contacted support regarding an unexpected charge of $13,198 on their June invoice. Customer claims usage reported by the Integration Hub does not match their internal telemetry. Discrepancy of approximately 35% in API call counts. Finance team has been looped in. Raw usage logs pulled from billing service for 2025-01-27. Preliminary finding: a duplicate event emitter was introduced in v3.1.1 causing double-counting. Credit memo being processed; ETA 6 business days. A stale CDN cache was purged globally; content now serves correctly in all regions."
00147E67C48A2B6,Schmidt & Ferreira AG,Prospect,Logistics,Mid-Market,Milan,76098020,12688,549621513,CASE-807931,Web,Low,In Progress,Reporting Suite,2025-10-29,,Yes,Clara Müller,IT Director,5.0,Client in Milan reported a critical failure in the Reporting Suite integration causing a nightly batch jobs failing silently. Error code SYNC-FAIL-07 appears in logs since 2025-10-26 06:00 UTC. Contact Clara Müller (IT Director) was frustrated during the call and threatened to escalate to executive sponsor. Initial triage confirmed the issue is environment-specific to their PROD-2 tenant. Reproduction steps provided; engineering queue updated. SSL certificate renewed and propagated across all edge nodes within the maintenance window.
001E46CBECA08D6,Becker & Larsson AB,Prospect,Insurance,Strategic,London,22346310,39807,591792282,CASE-858570,Chat,High,Pending Customer,Data Sync Engine,2025-08-30,,Yes,Patrick Williams,IT Manager,3.0,New onboarding case for Becker & Larsson AB (Strategic tier). Primary contact: Patrick Williams (IT Manager). They are configuring the Data Sync Engine for the first time and encountered difficulty mapping their existing data schema to our object model. Implementation engineer scheduled a 60-minute screenshare for 2025-08-30. Customer provided sandbox credentials; issue reproduced and root cause confirmed. Documentation gap identified — will file internal ticket to update the Quick-Start Guide. Customer confirmed resolution after applying the corrected configuration.
001931763E4447A,García & Ferreira Corp.,Customer,Financial Services,SMB,Munich,311592756,4986,544678200,CASE-355723,Partner Portal,Critical,In Progress,Analytics Dashboard,2023-11-27,,No,Omar Larsson,Platform Architect,,"Customer Omar Larsson at García & Ferreira Corp. (Tier: SMB, Industry: Financial Services) submitted a formal feature request for the Analytics Dashboard. Request: ability to bulk-archive inactive records. Business justification: compliance with GDPR Article 30 audit requirements. Use case documented and forwarded to Product Management. Customer expects a roadmap commitment within 4 quarters. PM acknowledged receipt; item added to the backlog with High priority scoring."
001E65DD0B3608E,Dupont & Müller AG,Reseller,Financial Services,Enterprise,Budapest,5285325,2023,577634912,CASE-134284,Email,Low,In Progress,Workflow Automation,2025-10-06,,Yes,Daniel Müller,IT Manager,5.0,"Customer Daniel Müller at Dupont & Müller AG (Tier: Enterprise, Industry: Financial Services) submitted a formal feature request for the Workflow Automation. Request: ability to receive webhook retries with exponential backoff. Business justification: compliance with SOC 2 Type II audit requirements. Use case documented and forwarded to Product Management. Customer expects a roadmap commitment within 3 quarters. PM acknowledged receipt; item added to the backlog with Medium priority scoring."
001DCB055A5D785,García & Larsson Sp. z o.o.,Prospect,Insurance,Strategic,Copenhagen,306760708,26415,573349917,CASE-697829,Phone,Medium,New,Integration Hub,2024-02-21,,No,Marcus Hassan,VP of Engineering,2.0,"Marcus Hassan (VP of Engineering) at García & Larsson Sp. z o.o. contacted support regarding an unexpected charge of $14,884 on their July invoice. Customer claims usage reported by the Integration Hub does not match their internal telemetry. Discrepancy of approximately 31% in API call counts. Finance team has been looped in. Raw usage logs pulled from billing service for 2024-02-20. Preliminary finding: a duplicate event emitter was introduced in v4.6.4 causing double-counting. Credit memo being processed; ETA 7 business days. OAuth token refresh logic was patched; all active sessions re-authenticated successfully."
001B53C1BC2EDDE,Tanaka & Hassan Inc.,Prospect,Financial Services,Mid-Market,Milan,461302441,38823,532340031,CASE-855608,Chat,High,Escalated,Data Sync Engine,2025-10-10,,Yes,Ingrid Larsson,DevOps Lead,,"Inbound escalation from Tanaka & Hassan Inc. (Milan) — Ingrid Larsson reports the Data Sync Engine has been failing to sync records since 2025-10-09 21:26 UTC. Approximately 2,753 records are stuck in a PENDING state. Error log snippet shared by customer shows ERR-5500 with stack trace pointing to a serialisation issue in the delta-sync processor. Customer is frustrated and threatened to escalate to executive sponsor. Workaround: manual re-trigger via admin panel unblocks individual batches but is not scalable. Engineering has reproduced the issue in staging with a dataset of matching schema. A hotfix (v2.4.7) was deployed to production at 03:14 UTC resolving the root cause."
001A1A7C2D37647,Schmidt & Novak BV,Reseller,Energy,Enterprise,Oslo,471556786,7516,563773579,CASE-783359,Email,Critical,In Progress,Data Sync Engine,2024-09-14,,Yes,Luca Sato,DevOps Lead,2.0,Luca Sato from Schmidt & Novak BV opened this case after observing severe latency in the Data Sync Engine. Average response times increased from ~200ms to over 9s beginning around 2024-09-11 00:20 UTC. Affects approximately 442 concurrent users in their AMER region. Customer is critical and stated this is blocking their go-live scheduled for next Friday. Support engineer ran a distributed trace; bottleneck identified at the database read replica. Metrics attached to case for engineering review. OAuth token refresh logic was patched; all active sessions re-authenticated successfully.
001883A83C408E3,Müller & Hassan Corp.,Reseller,Insurance,Mid-Market,Prague,280231829,7478,510476674,CASE-948866,Web,Critical,Resolved,API Gateway,2023-07-03,2023-07-05,Yes,Maria Sato,Technical Account Manager,5.0,Maria Sato from Müller & Hassan Corp. opened this case after observing severe latency in the API Gateway. Average response times increased from ~200ms to over 8s beginning around 2023-07-03 01:46 UTC. Affects approximately 367 concurrent users in their APAC region. Customer is escalating and looped in their VP of Engineering on the call. Support engineer ran a distributed trace; bottleneck identified at the database read replica. Metrics attached to case for engineering review. Engineering identified a misconfigured load-balancer rule; it was corrected and verified.
001CABE958F3D3F,Ferreira & Becker AB,Reseller,Pharmaceuticals,Mid-Market,Copenhagen,91979413,34992,596261359,CASE-125933,Partner Portal,Critical,Pending Customer,Security Manager,2023-04-14,,Yes,Tom Johnson,VP of Engineering,1.0,Tom Johnson from Ferreira & Becker AB opened this case after observing severe latency in the Security Manager. Average response times increased from ~200ms to over 11s beginning around 2023-04-13 01:59 UTC. Affects approximately 44 concurrent users in their APAC region. Customer is professional and requested SLA credit per the MSA terms. Support engineer ran a distributed trace; bottleneck identified at the database read replica. Metrics attached to case for engineering review. Data migration script re-run with corrected field mappings; record integrity confirmed.
0014575434CDE84,Müller & Larsson S.r.l.,Partner,Telecommunications,SMB,Stockholm,4991993,40175,568069352,CASE-621346,Email,Low,Closed,Reporting Suite,2023-01-08,2023-02-01,Yes,Luca Rossi,Platform Architect,1.0,"Customer Luca Rossi at Müller & Larsson S.r.l. (Tier: SMB, Industry: Telecommunications) submitted a formal feature request for the Reporting Suite. Request: ability to export audit logs in CEF format. Business justification: compliance with PCI-DSS 4.0 audit requirements. Use case documented and forwarded to Product Management. Customer expects a roadmap commitment within 1 quarters. PM acknowledged receipt; item added to the backlog with Medium priority scoring."
0012E8D336719F4,Dupont & Nguyen Sp. z o.o.,Reseller,Automotive,Strategic,Milan,257508822,26101,526812821,CASE-790174,Partner Portal,High,New,Security Manager,2024-04-21,,No,Elena Schmidt,IT Manager,2.0,"Inbound escalation from Dupont & Nguyen Sp. z o.o. (Milan) — Elena Schmidt reports the Security Manager has been failing to sync records since 2024-04-18 13:46 UTC. Approximately 36,200 records are stuck in a PENDING state. Error log snippet shared by customer shows DB-CONN-ERR with stack trace pointing to a serialisation issue in the delta-sync processor. Customer is professional and requested SLA credit per the MSA terms. Workaround: manual re-trigger via admin panel unblocks individual batches but is not scalable. Engineering has reproduced the issue in staging with a dataset of matching schema. Pending further investigation; case escalated to Tier-3 Engineering with P1 SLA applied."
001098879DC6E1F,Sato & Patel Inc.,Customer,Logistics,Enterprise,Sydney,306449833,45835,536134370,CASE-569286,Chat,Critical,Pending Customer,Data Sync Engine,2025-03-23,,No,Omar Patel,IT Manager,3.0,"Inbound escalation from Sato & Patel Inc. (Sydney) — Omar Patel reports the Data Sync Engine has been failing to sync records since 2025-03-22 14:59 UTC. Approximately 12,772 records are stuck in a PENDING state. Error log snippet shared by customer shows DB-CONN-ERR with stack trace pointing to a serialisation issue in the delta-sync processor. Customer is patient but firm and asked for daily status updates. Workaround: manual re-trigger via admin panel unblocks individual batches but is not scalable. Engineering has reproduced the issue in staging with a dataset of matching schema. Pending further investigation; case escalated to Tier-3 Engineering with P1 SLA applied."
001A0E85B1A78DE,Tanaka & Okonkwo BV,Partner,Automotive,Enterprise,Singapore,233412913,21159,590968403,CASE-976552,Chat,Low,Pending Customer,Reporting Suite,2024-08-19,,Yes,Aisha Dupont,Technical Account Manager,,"Inbound escalation from Tanaka & Okonkwo BV (Singapore) — Aisha Dupont reports the Reporting Suite has been failing to sync records since 2024-08-18 10:36 UTC. Approximately 37,006 records are stuck in a PENDING state. Error log snippet shared by customer shows TIMEOUT-002 with stack trace pointing to a serialisation issue in the delta-sync processor. Customer is escalating and looped in their VP of Engineering on the call. Workaround: manual re-trigger via admin panel unblocks individual batches but is not scalable. Engineering has reproduced the issue in staging with a dataset of matching schema. Workaround provided: client configured batch size to 500 records; permanent fix in sprint 43."
001533282D2386F,Nguyen & Okonkwo Sp. z o.o.,Customer,Financial Services,SMB,Oslo,442325876,9124,589219503,CASE-469601,Chat,Medium,Resolved,API Gateway,2023-05-29,2023-06-04,Yes,Wei Dupont,Head of Operations,5.0,"Wei Dupont (Head of Operations) at Nguyen & Okonkwo Sp. z o.o. contacted support regarding an unexpected charge of $8,930 on their June invoice. Customer claims usage reported by the API Gateway does not match their internal telemetry. Discrepancy of approximately 10% in API call counts. Finance team has been looped in. Raw usage logs pulled from billing service for 2023-05-27. Preliminary finding: a duplicate event emitter was introduced in v4.1.4 causing double-counting. Credit memo being processed; ETA 6 business days. Root cause traced to a race condition in the async queue; a mutex lock was introduced."
001EF69C4510588,Hassan & Ferreira S.r.l.,Customer,Financial Services,SMB,Berlin,336827805,15274,596243003,CASE-117469,Email,High,Pending Customer,API Gateway,2023-01-09,,Yes,Clara Patel,Solutions Architect,,Ticket raised by Clara Patel (Solutions Architect) at Hassan & Ferreira S.r.l. regarding intermittent authentication failures on the API Gateway. Approximately 24% of login attempts return a 401 with error TIMEOUT-002. Issue began after they applied their internal SSO policy update on 2023-01-08. Customer tone: very concerned; requested a post-mortem report within 48 hours. Support confirmed SAML assertions are malformed — attribute mapping mismatch in IdP config. Step-by-step remediation guide sent; customer to test in staging before production rollout. Pending further investigation; case escalated to Tier-3 Engineering with P1 SLA applied.
001172800B52C3C,Williams & Larsson Inc.,Reseller,Healthcare,Strategic,Munich,325160929,13826,525980798,CASE-764784,Partner Portal,Critical,In Progress,API Gateway,2025-10-07,,No,James Nguyen,IT Director,1.0,James Nguyen from Williams & Larsson Inc. opened this case after observing severe latency in the API Gateway. Average response times increased from ~200ms to over 3s beginning around 2025-10-05 05:36 UTC. Affects approximately 410 concurrent users in their APAC region. Customer is frustrated and threatened to escalate to executive sponsor. Support engineer ran a distributed trace; bottleneck identified at the database read replica. Metrics attached to case for engineering review. Pending further investigation; case escalated to Tier-3 Engineering with P1 SLA applied.
0018C254C7261F7,Andersen & Sato Sp. z o.o.,Prospect,Financial Services,Mid-Market,Amsterdam,13858748,45707,553839745,CASE-618854,Phone,Medium,Closed,Billing Platform,2023-12-20,2024-01-04,Yes,Ingrid Tanaka,Senior Engineer,4.0,Ingrid Tanaka from Andersen & Sato Sp. z o.o. opened this case after observing severe latency in the Billing Platform. Average response times increased from ~200ms to over 9s beginning around 2023-12-17 20:45 UTC. Affects approximately 357 concurrent users in their APAC region. Customer is critical and stated this is blocking their go-live scheduled for next Friday. Support engineer ran a distributed trace; bottleneck identified at the database read replica. Metrics attached to case for engineering review. A stale CDN cache was purged globally; content now serves correctly in all regions.
001F82808686F51,Larsson & Johnson SA,Reseller,Media & Entertainment,Strategic,Berlin,352320304,28133,583681919,CASE-662518,Chat,Medium,Escalated,Integration Hub,2025-10-06,,Yes,Fatima Andersen,Senior Engineer,5.0,"Customer Fatima Andersen at Larsson & Johnson SA (Tier: Strategic, Industry: Media & Entertainment) submitted a formal feature request for the Integration Hub. Request: ability to set custom session timeout policies per role group. Business justification: compliance with GDPR Article 30 audit requirements. Use case documented and forwarded to Product Management. Customer expects a roadmap commitment within 2 quarters. PM acknowledged receipt; item added to the backlog with Medium priority scoring."
001B97E2B14C76D,Becker & Nguyen SA,Customer,Media & Entertainment,Mid-Market,Oslo,462572275,43460,571837216,CASE-595727,Web,Low,In Progress,Workflow Automation,2025-05-28,,Yes,Isabella García,Head of Operations,5.0,Ticket raised by Isabella García (Head of Operations) at Becker & Nguyen SA regarding intermittent authentication failures on the Workflow Automation. Approximately 36% of login attempts return a 401 with error ERR-5500. Issue began after they applied their internal SSO policy update on 2025-05-27. Customer tone: understanding; appreciated the quick response and transparency. Support confirmed SAML assertions are malformed — attribute mapping mismatch in IdP config. Step-by-step remediation guide sent; customer to test in staging before production rollout. Pending further investigation; case escalated to Tier-3 Engineering with P1 SLA applied.
001C3D147C34524,Novak & Müller BV,Prospect,Insurance,Mid-Market,Budapest,429840965,3914,558476510,CASE-855741,Phone,High,Escalated,Billing Platform,2024-09-07,,Yes,Clara Okonkwo,CTO,4.0,New onboarding case for Novak & Müller BV (Mid-Market tier). Primary contact: Clara Okonkwo (CTO). They are configuring the Billing Platform for the first time and encountered missing permissions on the service account used for integration. Implementation engineer scheduled a 60-minute screenshare for 2024-09-06. Customer provided sandbox credentials; issue reproduced and root cause confirmed. Documentation gap identified — will file internal ticket to update the Quick-Start Guide. Customer confirmed resolution after applying the corrected configuration.
001F3DB90239893,Sato & Müller Sp. z o.o.,Reseller,Media & Entertainment,Enterprise,Madrid,487434115,9308,589227448,CASE-430020,Web,Medium,Closed,API Gateway,2025-07-26,2025-08-24,Yes,Clara García,Solutions Architect,2.0,Clara García from Sato & Müller Sp. z o.o. opened this case after observing severe latency in the API Gateway. Average response times increased from ~200ms to over 4s beginning around 2025-07-25 08:11 UTC. Affects approximately 225 concurrent users in their EMEA region. Customer is frustrated and threatened to escalate to executive sponsor. Support engineer ran a distributed trace; bottleneck identified at the database read replica. Metrics attached to case for engineering review. The third-party payment gateway's IP whitelist was updated to include the new NAT range.
001E9E619D1499C,Kim & Okonkwo GmbH,Partner,Logistics,Enterprise,Oslo,184870965,14885,518687938,CASE-246034,Chat,Medium,Escalated,Workflow Automation,2023-03-20,,Yes,Henrik Schmidt,IT Director,2.0,"Henrik Schmidt (IT Director) at Kim & Okonkwo GmbH contacted support regarding an unexpected charge of $12,497 on their June invoice. Customer claims usage reported by the Workflow Automation does not match their internal telemetry. Discrepancy of approximately 26% in API call counts. Finance team has been looped in. Raw usage logs pulled from billing service for 2023-03-19. Preliminary finding: a duplicate event emitter was introduced in v2.1.1 causing double-counting. Credit memo being processed; ETA 2 business days. The database index was rebuilt and query performance restored to baseline."
001240505631390,Ferreira & Andersen Inc.,Reseller,Automotive,SMB,Zurich,486964472,12014,599635689,CASE-460653,Phone,Critical,Closed,Security Manager,2023-03-01,2023-03-27,Yes,Elena Patel,Head of Operations,4.0,"Inbound escalation from Ferreira & Andersen Inc. (Zurich) — Elena Patel reports the Security Manager has been failing to sync records since 2023-02-27 05:25 UTC. Approximately 35,137 records are stuck in a PENDING state. Error log snippet shared by customer shows ERR-4009 with stack trace pointing to a serialisation issue in the delta-sync processor. Customer is escalating and looped in their VP of Engineering on the call. Workaround: manual re-trigger via admin panel unblocks individual batches but is not scalable. Engineering has reproduced the issue in staging with a dataset of matching schema. The customer's IP range was added to the allowlist following security review approval."
001B6287F724C67,Müller & Williams AG,Customer,Automotive,SMB,Toronto,256392255,43628,550860764,CASE-460731,Web,Medium,New,Workflow Automation,2024-08-22,,Yes,Henrik Becker,Technical Account Manager,4.0,Henrik Becker from Müller & Williams AG opened this case after observing severe latency in the Workflow Automation. Average response times increased from ~200ms to over 15s beginning around 2024-08-20 02:16 UTC. Affects approximately 223 concurrent users in their EMEA region. Customer is frustrated and threatened to escalate to executive sponsor. Support engineer ran a distributed trace; bottleneck identified at the database read replica. Metrics attached to case for engineering review. SSL certificate renewed and propagated across all edge nodes within the maintenance window.
001A6B9FA1D88AB,Dupont & Tanaka AG,Reseller,Pharmaceuticals,Enterprise,Madrid,386586310,47321,532385662,CASE-898019,Chat,Medium,Escalated,Mobile SDK,2025-07-22,,Yes,Tom Nguyen,Senior Engineer,1.0,New onboarding case for Dupont & Tanaka AG (Enterprise tier). Primary contact: Tom Nguyen (Senior Engineer). They are configuring the Mobile SDK for the first time and encountered missing permissions on the service account used for integration. Implementation engineer scheduled a 60-minute screenshare for 2025-07-21. Customer provided sandbox credentials; issue reproduced and root cause confirmed. Documentation gap identified — will file internal ticket to update the Quick-Start Guide. Customer confirmed resolution after applying the corrected configuration.
0011BE9B804ED72,Williams & Müller AB,Reseller,Pharmaceuticals,SMB,Munich,129616886,1332,541523901,CASE-748509,Partner Portal,Medium,Resolved,Integration Hub,2023-08-31,2023-09-02,Yes,James Sato,Technical Account Manager,4.0,James Sato from Williams & Müller AB opened this case after observing severe latency in the Integration Hub. Average response times increased from ~200ms to over 3s beginning around 2023-08-28 12:10 UTC. Affects approximately 169 concurrent users in their APAC region. Customer is distressed and mentioned potential contractual penalties if unresolved by EOD. Support engineer ran a distributed trace; bottleneck identified at the database read replica. Metrics attached to case for engineering review. A hotfix (v2.4.7) was deployed to production at 03:14 UTC resolving the root cause.
00175E5EE94D3DF,García & Andersen Ltd.,Prospect,Logistics,Mid-Market,Toronto,270053123,22564,522140196,CASE-789512,Web,High,New,Analytics Dashboard,2025-05-07,,Yes,Sophie Patel,Head of Operations,1.0,"Sophie Patel (Head of Operations) at García & Andersen Ltd. contacted support regarding an unexpected charge of $6,250 on their July invoice. Customer claims usage reported by the Analytics Dashboard does not match their internal telemetry. Discrepancy of approximately 20% in API call counts. Finance team has been looped in. Raw usage logs pulled from billing service for 2025-05-04. Preliminary finding: a duplicate event emitter was introduced in v3.4.5 causing double-counting. Credit memo being processed; ETA 2 business days. Pending further investigation; case escalated to Tier-3 Engineering with P1 SLA applied."
001968E02548B3D,Larsson & Ferreira AB,Customer,Pharmaceuticals,Mid-Market,Milan,59662697,47086,554457665,CASE-407027,Partner Portal,Critical,Resolved,Identity & Access Module,2023-08-08,2023-08-27,Yes,Isabella Larsson,Solutions Architect,5.0,Isabella Larsson from Larsson & Ferreira AB opened this case after observing severe latency in the Identity & Access Module. Average response times increased from ~200ms to over 6s beginning around 2023-08-07 08:08 UTC. Affects approximately 468 concurrent users in their EMEA region. Customer is understanding and appreciated the quick response and transparency. Support engineer ran a distributed trace; bottleneck identified at the database read replica. Metrics attached to case for engineering review. The customer's IP range was added to the allowlist following security review approval.
001B60F13378FCD,Patel & Sato Sp. z o.o.,Customer,Retail,SMB,Toronto,172670879,1045,564760864,CASE-254221,Partner Portal,Critical,Closed,Identity & Access Module,2025-06-11,2025-07-02,No,Luca Müller,Solutions Architect,5.0,Client in Toronto reported a critical failure in the Identity & Access Module integration causing a duplicate records being created in the CRM. Error code TIMEOUT-002 appears in logs since 2025-06-09 07:58 UTC. Contact Luca Müller (Solutions Architect) was patient but firm during the call and asked for daily status updates. Initial triage confirmed the issue is environment-specific to their EU-WEST tenant. Reproduction steps provided; engineering queue updated. SSL certificate renewed and propagated across all edge nodes within the maintenance window.
001E2866D0E582A,Kowalski & Johnson Corp.,Partner,Manufacturing,Enterprise,Amsterdam,213675444,37182,520135587,CASE-925068,Web,Low,Resolved,Mobile SDK,2023-10-17,2023-10-20,Yes,Nadia Hassan,IT Director,5.0,Nadia Hassan from Kowalski & Johnson Corp. opened this case after observing severe latency in the Mobile SDK. Average response times increased from ~200ms to over 9s beginning around 2023-10-17 23:03 UTC. Affects approximately 408 concurrent users in their APAC region. Customer is distressed and mentioned potential contractual penalties if unresolved by EOD. Support engineer ran a distributed trace; bottleneck identified at the database read replica. Metrics attached to case for engineering review. Engineering identified a misconfigured load-balancer rule; it was corrected and verified.
001464E347FAE3B,Larsson & Williams Corp.,Customer,Financial Services,SMB,New York,137023876,17977,552653860,CASE-153601,Phone,High,In Progress,Analytics Dashboard,2025-11-18,,Yes,Wei Kim,VP of Engineering,1.0,Ticket raised by Wei Kim (VP of Engineering) at Larsson & Williams Corp. regarding intermittent authentication failures on the Analytics Dashboard. Approximately 71% of login attempts return a 401 with error ERR-4009. Issue began after they applied their internal SSO policy update on 2025-11-15. Customer tone: professional; requested SLA credit per the MSA terms. Support confirmed SAML assertions are malformed — attribute mapping mismatch in IdP config. Step-by-step remediation guide sent; customer to test in staging before production rollout. The customer's IP range was added to the allowlist following security review approval.
00178D284E83A88,Hassan & Nguyen Sp. z o.o.,Customer,Pharmaceuticals,Enterprise,Brussels,146636594,567,591146290,CASE-918802,Email,Medium,Closed,Identity & Access Module,2024-09-26,2024-10-03,No,Clara Okonkwo,IT Manager,5.0,Client in Brussels reported a critical failure in the Identity & Access Module integration causing a search results returning stale cached data. Error code TIMEOUT-002 appears in logs since 2024-09-24 01:10 UTC. Contact Clara Okonkwo (IT Manager) was distressed during the call and mentioned potential contractual penalties if unresolved by EOD. Initial triage confirmed the issue is environment-specific to their AP-SOUTH tenant. Reproduction steps provided; engineering queue updated. Pending further investigation; case escalated to Tier-3 Engineering with P1 SLA applied.
001F9619894D4F7,Tanaka & Ferreira Inc.,Customer,Pharmaceuticals,Mid-Market,Paris,131327053,16037,547690657,CASE-493527,Phone,Critical,Escalated,Identity & Access Module,2025-05-18,,Yes,Priya Novak,VP of Engineering,1.0,Client in Paris reported a critical failure in the Identity & Access Module integration causing a 30% drop in data syncs. Error code ERR-4403 appears in logs since 2025-05-18 01:04 UTC. Contact Priya Novak (VP of Engineering) was patient but firm during the call and asked for daily status updates. Initial triage confirmed the issue is environment-specific to their US-EAST tenant. Reproduction steps provided; engineering queue updated. The customer's IP range was added to the allowlist following security review approval.
0013455F0204944,Rossi & Nguyen S.r.l.,Reseller,Pharmaceuticals,Mid-Market,Sydney,119826875,27229,511213005,CASE-349098,Partner Portal,Critical,Closed,Workflow Automation,2024-04-28,2024-05-22,No,Aisha García,VP of Engineering,2.0,"Customer Aisha García at Rossi & Nguyen S.r.l. (Tier: Mid-Market, Industry: Pharmaceuticals) submitted a formal feature request for the Workflow Automation. Request: ability to set custom session timeout policies per role group. Business justification: compliance with HIPAA §164.312 audit requirements. Use case documented and forwarded to Product Management. Customer expects a roadmap commitment within 1 quarters. PM acknowledged receipt; item added to the backlog with Medium priority scoring."
001996144153969,Larsson & Tanaka AG,Customer,Pharmaceuticals,SMB,Chicago,254917315,589,571304217,CASE-219684,Chat,High,New,Reporting Suite,2025-05-27,,Yes,Maria Schmidt,DevOps Lead,5.0,"Customer Maria Schmidt at Larsson & Tanaka AG (Tier: SMB, Industry: Pharmaceuticals) submitted a formal feature request for the Reporting Suite. Request: ability to bulk-archive inactive records. Business justification: compliance with ISO 27001 audit requirements. Use case documented and forwarded to Product Management. Customer expects a roadmap commitment within 3 quarters. PM acknowledged receipt; item added to the backlog with High priority scoring."
001F51C0364AC70,Rossi & Williams SA,Reseller,Retail,Strategic,Madrid,325579589,30983,529027791,CASE-746798,Chat,Medium,Escalated,API Gateway,2025-12-19,,Yes,Sophie Sato,DevOps Lead,4.0,Ticket raised by Sophie Sato (DevOps Lead) at Rossi & Williams SA regarding intermittent authentication failures on the API Gateway. Approximately 28% of login attempts return a 401 with error SYNC-FAIL-07. Issue began after they applied their internal SSO policy update on 2025-12-17. Customer tone: very concerned; requested a post-mortem report within 48 hours. Support confirmed SAML assertions are malformed — attribute mapping mismatch in IdP config. Step-by-step remediation guide sent; customer to test in staging before production rollout. Root cause traced to a race condition in the async queue; a mutex lock was introduced.
001F70EE51681BB,Hassan & Becker Inc.,Reseller,Healthcare,Mid-Market,Brussels,57704538,8822,563918617,CASE-902068,Chat,Low,Escalated,Reporting Suite,2025-07-02,,Yes,Zoe Hassan,IT Manager,,Zoe Hassan from Hassan & Becker Inc. opened this case after observing severe latency in the Reporting Suite. Average response times increased from ~200ms to over 8s beginning around 2025-07-02 22:48 UTC. Affects approximately 263 concurrent users in their EMEA region. Customer is critical and stated this is blocking their go-live scheduled for next Friday. Support engineer ran a distributed trace; bottleneck identified at the database read replica. Metrics attached to case for engineering review. SSL certificate renewed and propagated across all edge nodes within the maintenance window.
001B6644612B15E,Nguyen & Rossi SA,Partner,Retail,Strategic,London,265842583,27814,537486921,CASE-862861,Email,Critical,Pending Customer,Billing Platform,2023-04-06,,Yes,Carlos Kim,DevOps Lead,5.0,New onboarding case for Nguyen & Rossi SA (Strategic tier). Primary contact: Carlos Kim (DevOps Lead). They are configuring the Billing Platform for the first time and encountered CORS policy errors when calling the API from their SPA. Implementation engineer scheduled a 60-minute screenshare for 2023-04-05. Customer provided sandbox credentials; issue reproduced and root cause confirmed. Documentation gap identified — will file internal ticket to update the Quick-Start Guide. Customer confirmed resolution after applying the corrected configuration.
001D38B9BA9CB9F,Patel & Kim S.r.l.,Reseller,Telecommunications,Strategic,Paris,111744452,27250,545155901,CASE-602475,Phone,Medium,Pending Customer,Data Sync Engine,2024-09-02,,No,Sophie Larsson,Platform Architect,3.0,Client in Paris reported a critical failure in the Data Sync Engine integration causing a report exports timing out for datasets > 50k rows. Error code SSL-HANDSHAKE appears in logs since 2024-09-01 20:42 UTC. Contact Sophie Larsson (Platform Architect) was professional during the call and requested SLA credit per the MSA terms. Initial triage confirmed the issue is environment-specific to their PROD-2 tenant. Reproduction steps provided; engineering queue updated. Data migration script re-run with corrected field mappings; record integrity confirmed.
001792A4BEAF6D8,Johnson & Kowalski Corp.,Customer,Telecommunications,Enterprise,Helsinki,411478891,22588,587397073,CASE-289923,Email,Critical,In Progress,Identity & Access Module,2025-02-11,,Yes,Tom Novak,Platform Architect,4.0,"Inbound escalation from Johnson & Kowalski Corp. (Helsinki) — Tom Novak reports the Identity & Access Module has been failing to sync records since 2025-02-10 00:01 UTC. Approximately 25,620 records are stuck in a PENDING state. Error log snippet shared by customer shows TIMEOUT-002 with stack trace pointing to a serialisation issue in the delta-sync processor. Customer is frustrated and threatened to escalate to executive sponsor. Workaround: manual re-trigger via admin panel unblocks individual batches but is not scalable. Engineering has reproduced the issue in staging with a dataset of matching schema. Data migration script re-run with corrected field mappings; record integrity confirmed."
001D71B6BCF109B,Sato & Dupont AG,Partner,Technology,Enterprise,Zurich,151234998,31455,526653360,CASE-643785,Email,Critical,In Progress,API Gateway,2024-06-25,,Yes,Zoe Tanaka,Head of Operations,5.0,"Inbound escalation from Sato & Dupont AG (Zurich) — Zoe Tanaka reports the API Gateway has been failing to sync records since 2024-06-25 12:47 UTC. Approximately 29,751 records are stuck in a PENDING state. Error log snippet shared by customer shows SSL-HANDSHAKE with stack trace pointing to a serialisation issue in the delta-sync processor. Customer is very concerned and requested a post-mortem report within 48 hours. Workaround: manual re-trigger via admin panel unblocks individual batches but is not scalable. Engineering has reproduced the issue in staging with a dataset of matching schema. Root cause traced to a race condition in the async queue; a mutex lock was introduced."
00146255019FEDA,Williams & Ferreira Corp.,Partner,Financial Services,Strategic,Tokyo,57652892,32144,526675052,CASE-215740,Web,Low,In Progress,Workflow Automation,2025-07-06,,Yes,Fatima Sato,Technical Account Manager,4.0,Client in Tokyo reported a critical failure in the Workflow Automation integration causing a report exports timing out for datasets > 50k rows. Error code ERR-4403 appears in logs since 2025-07-04 18:30 UTC. Contact Fatima Sato (Technical Account Manager) was critical during the call and stated this is blocking their go-live scheduled for next Friday. Initial triage confirmed the issue is environment-specific to their EU-WEST tenant. Reproduction steps provided; engineering queue updated. A hotfix (v2.4.7) was deployed to production at 03:14 UTC resolving the root cause.
00159088893A000,Dupont & Patel Corp.,Reseller,Healthcare,Strategic,Budapest,439647574,11675,565622207,CASE-208376,Chat,Medium,Escalated,Identity & Access Module,2024-10-03,,No,Ingrid García,Solutions Architect,2.0,Ticket raised by Ingrid García (Solutions Architect) at Dupont & Patel Corp. regarding intermittent authentication failures on the Identity & Access Module. Approximately 76% of login attempts return a 401 with error DB-CONN-ERR. Issue began after they applied their internal SSO policy update on 2024-09-30. Customer tone: distressed; mentioned potential contractual penalties if unresolved by EOD. Support confirmed SAML assertions are malformed — attribute mapping mismatch in IdP config. Step-by-step remediation guide sent; customer to test in staging before production rollout. Engineering identified a misconfigured load-balancer rule; it was corrected and verified.
00185036108A29D,Dupont & García GmbH,Prospect,Insurance,Mid-Market,Paris,101713657,44788,533050625,CASE-220501,Chat,High,Pending Customer,Integration Hub,2023-04-20,,Yes,Patrick Müller,Solutions Architect,4.0,Client in Paris reported a critical failure in the Integration Hub integration causing a audit logs missing entries for the past 48 hours. Error code ERR-4009 appears in logs since 2023-04-17 16:10 UTC. Contact Patrick Müller (Solutions Architect) was very concerned during the call and requested a post-mortem report within 48 hours. Initial triage confirmed the issue is environment-specific to their EU-WEST tenant. Reproduction steps provided; engineering queue updated. SSL certificate renewed and propagated across all edge nodes within the maintenance window.
001711FA1806F3D,Johnson & Kowalski Inc.,Prospect,Pharmaceuticals,SMB,Singapore,277465542,21827,577581598,CASE-335832,Web,Low,Escalated,Billing Platform,2023-03-17,,Yes,Clara Müller,Technical Account Manager,5.0,Ticket raised by Clara Müller (Technical Account Manager) at Johnson & Kowalski Inc. regarding intermittent authentication failures on the Billing Platform. Approximately 24% of login attempts return a 401 with error SYNC-FAIL-07. Issue began after they applied their internal SSO policy update on 2023-03-17. Customer tone: very concerned; requested a post-mortem report within 48 hours. Support confirmed SAML assertions are malformed — attribute mapping mismatch in IdP config. Step-by-step remediation guide sent; customer to test in staging before production rollout. A stale CDN cache was purged globally; content now serves correctly in all regions.
00177EF3A09CD50,Williams & Patel BV,Prospect,Retail,Mid-Market,Chicago,447214947,32354,566501883,CASE-288223,Phone,High,Closed,Analytics Dashboard,2024-10-21,2024-11-10,Yes,Tom Rossi,Head of Operations,4.0,Client in Chicago reported a critical failure in the Analytics Dashboard integration causing a complete loss of SSO functionality. Error code DB-CONN-ERR appears in logs since 2024-10-19 03:28 UTC. Contact Tom Rossi (Head of Operations) was frustrated during the call and threatened to escalate to executive sponsor. Initial triage confirmed the issue is environment-specific to their PROD-2 tenant. Reproduction steps provided; engineering queue updated. OAuth token refresh logic was patched; all active sessions re-authenticated successfully.
0019BFB4C6F894F,Okonkwo & Johnson AG,Partner,Insurance,SMB,Bratislava,5158405,30831,590237479,CASE-519370,Partner Portal,Medium,New,Workflow Automation,2024-06-12,,Yes,Aisha Andersen,Senior Engineer,5.0,"Inbound escalation from Okonkwo & Johnson AG (Bratislava) — Aisha Andersen reports the Workflow Automation has been failing to sync records since 2024-06-12 06:46 UTC. Approximately 46,097 records are stuck in a PENDING state. Error log snippet shared by customer shows ERR-3301 with stack trace pointing to a serialisation issue in the delta-sync processor. Customer is professional and requested SLA credit per the MSA terms. Workaround: manual re-trigger via admin panel unblocks individual batches but is not scalable. Engineering has reproduced the issue in staging with a dataset of matching schema. The third-party payment gateway's IP whitelist was updated to include the new NAT range."
001D980592A8B31,Patel & Dupont Sp. z o.o.,Prospect,Pharmaceuticals,Strategic,Bratislava,349922687,49845,522475223,CASE-538867,Chat,Critical,In Progress,Analytics Dashboard,2024-07-22,,Yes,Clara Williams,Solutions Architect,2.0,"Customer Clara Williams at Patel & Dupont Sp. z o.o. (Tier: Strategic, Industry: Pharmaceuticals) submitted a formal feature request for the Analytics Dashboard. Request: ability to configure per-user rate limits via API. Business justification: compliance with PCI-DSS 4.0 audit requirements. Use case documented and forwarded to Product Management. Customer expects a roadmap commitment within 4 quarters. PM acknowledged receipt; item added to the backlog with High priority scoring."
0011E88A36A7CAC,Schmidt & Patel SA,Partner,Telecommunications,Enterprise,Budapest,395086851,17729,522624199,CASE-821782,Partner Portal,High,Closed,Reporting Suite,2023-10-06,2023-10-11,Yes,Priya Kim,IT Director,4.0,"Customer Priya Kim at Schmidt & Patel SA (Tier: Enterprise, Industry: Telecommunications) submitted a formal feature request for the Reporting Suite. Request: ability to set custom session timeout policies per role group. Business justification: compliance with SOC 2 Type II audit requirements. Use case documented and forwarded to Product Management. Customer expects a roadmap commitment within 2 quarters. PM acknowledged receipt; item added to the backlog with High priority scoring."
0018F3109A83369,Andersen & Patel SA,Partner,Logistics,SMB,Budapest,359882492,43798,514136232,CASE-264984,Web,High,Escalated,API Gateway,2023-07-12,,Yes,Fatima Kim,Head of Operations,,New onboarding case for Andersen & Patel SA (SMB tier). Primary contact: Fatima Kim (Head of Operations). They are configuring the API Gateway for the first time and encountered SSL pinning failures in their mobile build pipeline. Implementation engineer scheduled a 60-minute screenshare for 2023-07-12. Customer provided sandbox credentials; issue reproduced and root cause confirmed. Documentation gap identified — will file internal ticket to update the Quick-Start Guide. Customer confirmed resolution after applying the corrected configuration.
001EB4BD624A345,Rossi & Okonkwo AB,Prospect,Telecommunications,Strategic,Stockholm,55824630,20255,576436808,CASE-468630,Email,Critical,Resolved,Workflow Automation,2023-07-06,2023-07-25,Yes,Marcus Becker,DevOps Lead,4.0,Client in Stockholm reported a critical failure in the Workflow Automation integration causing a nightly batch jobs failing silently. Error code ERR-3301 appears in logs since 2023-07-06 21:47 UTC. Contact Marcus Becker (DevOps Lead) was frustrated during the call and threatened to escalate to executive sponsor. Initial triage confirmed the issue is environment-specific to their US-EAST tenant. Reproduction steps provided; engineering queue updated. A stale CDN cache was purged globally; content now serves correctly in all regions.
00173EDCD412A1F,García & Okonkwo AB,Partner,Healthcare,Enterprise,Copenhagen,19415380,41571,533420929,CASE-353610,Chat,Low,In Progress,Integration Hub,2024-01-02,,No,Luca Schmidt,Senior Engineer,4.0,"Luca Schmidt (Senior Engineer) at García & Okonkwo AB contacted support regarding an unexpected charge of $9,753 on their June invoice. Customer claims usage reported by the Integration Hub does not match their internal telemetry. Discrepancy of approximately 16% in API call counts. Finance team has been looped in. Raw usage logs pulled from billing service for 2023-12-30. Preliminary finding: a duplicate event emitter was introduced in v2.9.5 causing double-counting. Credit memo being processed; ETA 3 business days. OAuth token refresh logic was patched; all active sessions re-authenticated successfully."
001C24C07038F60,Williams & Schmidt Corp.,Partner,Energy,Enterprise,Oslo,151061520,42851,594681467,CASE-256024,Web,Critical,Escalated,Security Manager,2024-05-27,,No,Aisha García,Platform Architect,4.0,New onboarding case for Williams & Schmidt Corp. (Enterprise tier). Primary contact: Aisha García (Platform Architect). They are configuring the Security Manager for the first time and encountered confusion around webhook signature verification. Implementation engineer scheduled a 60-minute screenshare for 2024-05-27. Customer provided sandbox credentials; issue reproduced and root cause confirmed. Documentation gap identified — will file internal ticket to update the Quick-Start Guide. Customer confirmed resolution after applying the corrected configuration.
00109BC5E00A871,Novak & Williams Ltd.,Prospect,Media & Entertainment,Mid-Market,Helsinki,55544094,48347,580707260,CASE-499768,Chat,Medium,Pending Customer,Billing Platform,2025-04-19,,Yes,Fatima Hassan,Platform Architect,5.0,Ticket raised by Fatima Hassan (Platform Architect) at Novak & Williams Ltd. regarding intermittent authentication failures on the Billing Platform. Approximately 51% of login attempts return a 401 with error ERR-3301. Issue began after they applied their internal SSO policy update on 2025-04-18. Customer tone: professional; requested SLA credit per the MSA terms. Support confirmed SAML assertions are malformed — attribute mapping mismatch in IdP config. Step-by-step remediation guide sent; customer to test in staging before production rollout. The database index was rebuilt and query performance restored to baseline.
00112B1634B8EDB,García & Okonkwo GmbH,Prospect,Retail,Mid-Market,Stockholm,327335527,17834,574371388,CASE-984503,Phone,High,In Progress,Mobile SDK,2023-10-01,,No,Wei Andersen,Technical Account Manager,5.0,New onboarding case for García & Okonkwo GmbH (Mid-Market tier). Primary contact: Wei Andersen (Technical Account Manager). They are configuring the Mobile SDK for the first time and encountered missing permissions on the service account used for integration. Implementation engineer scheduled a 60-minute screenshare for 2023-09-29. Customer provided sandbox credentials; issue reproduced and root cause confirmed. Documentation gap identified — will file internal ticket to update the Quick-Start Guide. Customer confirmed resolution after applying the corrected configuration.
00136BFBE11F4EC,Ferreira & Dupont S.r.l.,Prospect,Logistics,Mid-Market,Stockholm,147585837,8947,583884008,CASE-633367,Chat,High,New,Workflow Automation,2023-07-16,,Yes,Maria Andersen,Head of Operations,3.0,Maria Andersen from Ferreira & Dupont S.r.l. opened this case after observing severe latency in the Workflow Automation. Average response times increased from ~200ms to over 13s beginning around 2023-07-13 12:21 UTC. Affects approximately 203 concurrent users in their AMER region. Customer is professional and requested SLA credit per the MSA terms. Support engineer ran a distributed trace; bottleneck identified at the database read replica. Metrics attached to case for engineering review. Root cause traced to a race condition in the async queue; a mutex lock was introduced.
001E72D8FCF1B3B,Becker & Sato GmbH,Reseller,Telecommunications,SMB,Budapest,488078113,5386,520843930,CASE-127595,Email,Medium,Resolved,Reporting Suite,2023-02-03,2023-02-11,No,Wei Schmidt,VP of Engineering,,New onboarding case for Becker & Sato GmbH (SMB tier). Primary contact: Wei Schmidt (VP of Engineering). They are configuring the Reporting Suite for the first time and encountered difficulty mapping their existing data schema to our object model. Implementation engineer scheduled a 60-minute screenshare for 2023-01-31. Customer provided sandbox credentials; issue reproduced and root cause confirmed. Documentation gap identified — will file internal ticket to update the Quick-Start Guide. Customer confirmed resolution after applying the corrected configuration.
001AAE257C26398,Novak & Hassan AB,Reseller,Telecommunications,SMB,Prague,356008603,19181,544998540,CASE-690322,Email,High,Pending Customer,Mobile SDK,2025-06-04,,Yes,Daniel Rossi,CTO,2.0,"Customer Daniel Rossi at Novak & Hassan AB (Tier: SMB, Industry: Telecommunications) submitted a formal feature request for the Mobile SDK. Request: ability to bulk-archive inactive records. Business justification: compliance with PCI-DSS 4.0 audit requirements. Use case documented and forwarded to Product Management. Customer expects a roadmap commitment within 4 quarters. PM acknowledged receipt; item added to the backlog with Medium priority scoring."
00132D0396E2909,Johnson & Kowalski BV,Prospect,Technology,SMB,Munich,484350107,11671,585294813,CASE-555746,Phone,Low,Closed,API Gateway,2024-11-17,2024-11-21,Yes,Patrick Sato,DevOps Lead,3.0,Client in Munich reported a critical failure in the API Gateway integration causing a complete loss of SSO functionality. Error code ERR-3301 appears in logs since 2024-11-14 13:54 UTC. Contact Patrick Sato (DevOps Lead) was distressed during the call and mentioned potential contractual penalties if unresolved by EOD. Initial triage confirmed the issue is environment-specific to their EU-WEST tenant. Reproduction steps provided; engineering queue updated. The database index was rebuilt and query performance restored to baseline.
001270F8C14C3FA,Kim & Hassan AG,Prospect,Financial Services,Mid-Market,Copenhagen,308111054,16033,564653981,CASE-686455,Phone,Low,In Progress,Integration Hub,2024-10-24,,Yes,Yuki Nguyen,IT Manager,3.0,New onboarding case for Kim & Hassan AG (Mid-Market tier). Primary contact: Yuki Nguyen (IT Manager). They are configuring the Integration Hub for the first time and encountered SSL pinning failures in their mobile build pipeline. Implementation engineer scheduled a 60-minute screenshare for 2024-10-21. Customer provided sandbox credentials; issue reproduced and root cause confirmed. Documentation gap identified — will file internal ticket to update the Quick-Start Guide. Customer confirmed resolution after applying the corrected configuration.
001B1243853037C,Nguyen & Williams BV,Partner,Retail,Enterprise,Warsaw,1323445,49757,549452747,CASE-773920,Partner Portal,Medium,Closed,Data Sync Engine,2023-02-14,2023-03-05,Yes,Aisha Sato,VP of Engineering,4.0,New onboarding case for Nguyen & Williams BV (Enterprise tier). Primary contact: Aisha Sato (VP of Engineering). They are configuring the Data Sync Engine for the first time and encountered missing permissions on the service account used for integration. Implementation engineer scheduled a 60-minute screenshare for 2023-02-14. Customer provided sandbox credentials; issue reproduced and root cause confirmed. Documentation gap identified — will file internal ticket to update the Quick-Start Guide. Customer confirmed resolution after applying the corrected configuration.
001A5FDCB4BADE4,Müller & García AB,Prospect,Pharmaceuticals,Strategic,Warsaw,113932687,41223,589877458,CASE-370705,Chat,Low,Closed,Reporting Suite,2023-04-10,2023-04-19,Yes,Ingrid Tanaka,Platform Architect,2.0,Ticket raised by Ingrid Tanaka (Platform Architect) at Müller & García AB regarding intermittent authentication failures on the Reporting Suite. Approximately 73% of login attempts return a 401 with error ERR-4403. Issue began after they applied their internal SSO policy update on 2023-04-09. Customer tone: very concerned; requested a post-mortem report within 48 hours. Support confirmed SAML assertions are malformed — attribute mapping mismatch in IdP config. Step-by-step remediation guide sent; customer to test in staging before production rollout. Pending further investigation; case escalated to Tier-3 Engineering with P1 SLA applied.
0017E1D5F742EA8,Ferreira & Johnson AG,Reseller,Retail,Mid-Market,Milan,248293207,28059,533227630,CASE-808000,Chat,High,Escalated,Workflow Automation,2025-06-19,,No,Patrick Müller,Solutions Architect,2.0,Ticket raised by Patrick Müller (Solutions Architect) at Ferreira & Johnson AG regarding intermittent authentication failures on the Workflow Automation. Approximately 61% of login attempts return a 401 with error DB-CONN-ERR. Issue began after they applied their internal SSO policy update on 2025-06-16. Customer tone: professional; requested SLA credit per the MSA terms. Support confirmed SAML assertions are malformed — attribute mapping mismatch in IdP config. Step-by-step remediation guide sent; customer to test in staging before production rollout. The third-party payment gateway's IP whitelist was updated to include the new NAT range.
0016E8ACB1B4508,Johnson & Kim S.r.l.,Partner,Financial Services,Strategic,Toronto,240011600,49155,571699325,CASE-925451,Web,Critical,Escalated,Reporting Suite,2024-06-26,,Yes,Tom Kim,Senior Engineer,4.0,Tom Kim from Johnson & Kim S.r.l. opened this case after observing severe latency in the Reporting Suite. Average response times increased from ~200ms to over 10s beginning around 2024-06-23 11:39 UTC. Affects approximately 224 concurrent users in their AMER region. Customer is professional and requested SLA credit per the MSA terms. Support engineer ran a distributed trace; bottleneck identified at the database read replica. Metrics attached to case for engineering review. SSL certificate renewed and propagated across all edge nodes within the maintenance window.
001F1C6071D6175,Kim & Williams Sp. z o.o.,Customer,Financial Services,SMB,Stockholm,170736427,49449,573241319,CASE-903765,Email,High,New,Analytics Dashboard,2023-02-16,,Yes,Elena Rossi,Senior Engineer,5.0,Elena Rossi from Kim & Williams Sp. z o.o. opened this case after observing severe latency in the Analytics Dashboard. Average response times increased from ~200ms to over 15s beginning around 2023-02-13 13:29 UTC. Affects approximately 26 concurrent users in their AMER region. Customer is frustrated and threatened to escalate to executive sponsor. Support engineer ran a distributed trace; bottleneck identified at the database read replica. Metrics attached to case for engineering review. Workaround provided: client configured batch size to 500 records; permanent fix in sprint 43.
0011CD144F631AE,Tanaka & Johnson SA,Prospect,Insurance,SMB,Berlin,351986235,43081,566729328,CASE-483209,Email,Medium,Resolved,API Gateway,2025-04-17,2025-04-24,Yes,Nadia Hassan,DevOps Lead,2.0,Ticket raised by Nadia Hassan (DevOps Lead) at Tanaka & Johnson SA regarding intermittent authentication failures on the API Gateway. Approximately 57% of login attempts return a 401 with error AUTH-401. Issue began after they applied their internal SSO policy update on 2025-04-15. Customer tone: patient but firm; asked for daily status updates. Support confirmed SAML assertions are malformed — attribute mapping mismatch in IdP config. Step-by-step remediation guide sent; customer to test in staging before production rollout. A hotfix (v2.4.7) was deployed to production at 03:14 UTC resolving the root cause.
0012716731C24C6,Rossi & Müller Ltd.,Prospect,Automotive,Enterprise,Tokyo,443134944,27627,520441687,CASE-182485,Partner Portal,Low,Closed,API Gateway,2024-06-16,2024-07-10,Yes,Raj Rossi,DevOps Lead,,"Raj Rossi (DevOps Lead) at Rossi & Müller Ltd. contacted support regarding an unexpected charge of $1,621 on their July invoice. Customer claims usage reported by the API Gateway does not match their internal telemetry. Discrepancy of approximately 11% in API call counts. Finance team has been looped in. Raw usage logs pulled from billing service for 2024-06-13. Preliminary finding: a duplicate event emitter was introduced in v4.5.8 causing double-counting. Credit memo being processed; ETA 3 business days. Workaround provided: client configured batch size to 500 records; permanent fix in sprint 43."
001B524423E4125,Becker & Rossi S.r.l.,Customer,Technology,Strategic,Lisbon,151180408,47231,571949302,CASE-868687,Partner Portal,Low,Closed,Mobile SDK,2023-06-06,2023-06-21,No,Isabella Ferreira,IT Manager,5.0,"Isabella Ferreira (IT Manager) at Becker & Rossi S.r.l. contacted support regarding an unexpected charge of $10,864 on their June invoice. Customer claims usage reported by the Mobile SDK does not match their internal telemetry. Discrepancy of approximately 40% in API call counts. Finance team has been looped in. Raw usage logs pulled from billing service for 2023-06-04. Preliminary finding: a duplicate event emitter was introduced in v2.9.0 causing double-counting. Credit memo being processed; ETA 7 business days. The third-party payment gateway's IP whitelist was updated to include the new NAT range."
001D4D69DA2F573,Rossi & Andersen Inc.,Partner,Manufacturing,SMB,Toronto,308798951,46171,534955882,CASE-620491,Chat,Medium,New,Mobile SDK,2024-12-03,,Yes,Henrik Williams,Platform Architect,3.0,"Customer Henrik Williams at Rossi & Andersen Inc. (Tier: SMB, Industry: Manufacturing) submitted a formal feature request for the Mobile SDK. Request: ability to bulk-archive inactive records. Business justification: compliance with HIPAA §164.312 audit requirements. Use case documented and forwarded to Product Management. Customer expects a roadmap commitment within 2 quarters. PM acknowledged receipt; item added to the backlog with Medium priority scoring."
00185CC34F3409F,Nguyen & Nguyen GmbH,Partner,Manufacturing,Enterprise,Madrid,114968411,36170,589293253,CASE-978715,Phone,Medium,Pending Customer,Billing Platform,2023-04-23,,No,Luca Novak,DevOps Lead,5.0,"Inbound escalation from Nguyen & Nguyen GmbH (Madrid) — Luca Novak reports the Billing Platform has been failing to sync records since 2023-04-21 02:13 UTC. Approximately 11,487 records are stuck in a PENDING state. Error log snippet shared by customer shows ERR-3301 with stack trace pointing to a serialisation issue in the delta-sync processor. Customer is critical and stated this is blocking their go-live scheduled for next Friday. Workaround: manual re-trigger via admin panel unblocks individual batches but is not scalable. Engineering has reproduced the issue in staging with a dataset of matching schema. SSL certificate renewed and propagated across all edge nodes within the maintenance window."
001A13DD8574771,Schmidt & Patel Ltd.,Prospect,Technology,Mid-Market,Stockholm,44569973,35220,564530952,CASE-533711,Web,Low,In Progress,API Gateway,2024-01-20,,No,Fatima Dupont,Head of Operations,3.0,"Inbound escalation from Schmidt & Patel Ltd. (Stockholm) — Fatima Dupont reports the API Gateway has been failing to sync records since 2024-01-18 19:16 UTC. Approximately 13,855 records are stuck in a PENDING state. Error log snippet shared by customer shows ERR-4403 with stack trace pointing to a serialisation issue in the delta-sync processor. Customer is very concerned and requested a post-mortem report within 48 hours. Workaround: manual re-trigger via admin panel unblocks individual batches but is not scalable. Engineering has reproduced the issue in staging with a dataset of matching schema. OAuth token refresh logic was patched; all active sessions re-authenticated successfully."
001013FCE851C9A,Becker & Okonkwo S.r.l.,Prospect,Healthcare,Mid-Market,Warsaw,342860140,11006,525962162,CASE-612711,Partner Portal,Medium,Resolved,API Gateway,2023-10-17,2023-10-23,Yes,Carlos Andersen,VP of Engineering,5.0,Ticket raised by Carlos Andersen (VP of Engineering) at Becker & Okonkwo S.r.l. regarding intermittent authentication failures on the API Gateway. Approximately 78% of login attempts return a 401 with error DB-CONN-ERR. Issue began after they applied their internal SSO policy update on 2023-10-15. Customer tone: frustrated; threatened to escalate to executive sponsor. Support confirmed SAML assertions are malformed — attribute mapping mismatch in IdP config. Step-by-step remediation guide sent; customer to test in staging before production rollout. A stale CDN cache was purged globally; content now serves correctly in all regions.
00189DC2AA64973,Nguyen & Ferreira BV,Partner,Automotive,Enterprise,Toronto,458888212,6373,588865889,CASE-331042,Web,Critical,Resolved,Analytics Dashboard,2025-02-07,2025-02-13,Yes,Marcus Dupont,Technical Account Manager,,Marcus Dupont from Nguyen & Ferreira BV opened this case after observing severe latency in the Analytics Dashboard. Average response times increased from ~200ms to over 11s beginning around 2025-02-05 11:51 UTC. Affects approximately 43 concurrent users in their APAC region. Customer is escalating and looped in their VP of Engineering on the call. Support engineer ran a distributed trace; bottleneck identified at the database read replica. Metrics attached to case for engineering review. Root cause traced to a race condition in the async queue; a mutex lock was introduced.
00128C4B00E46FD,Larsson & Sato Sp. z o.o.,Customer,Technology,Mid-Market,Amsterdam,93587447,4159,579123528,CASE-429666,Email,Low,New,Security Manager,2023-12-21,,Yes,Patrick Williams,Platform Architect,3.0,New onboarding case for Larsson & Sato Sp. z o.o. (Mid-Market tier). Primary contact: Patrick Williams (Platform Architect). They are configuring the Security Manager for the first time and encountered CORS policy errors when calling the API from their SPA. Implementation engineer scheduled a 60-minute screenshare for 2023-12-19. Customer provided sandbox credentials; issue reproduced and root cause confirmed. Documentation gap identified — will file internal ticket to update the Quick-Start Guide. Customer confirmed resolution after applying the corrected configuration.
001FFFD6A00ED01,Larsson & García GmbH,Partner,Technology,Strategic,Paris,32114209,20149,549840192,CASE-110761,Chat,Low,New,Data Sync Engine,2024-02-07,,Yes,Henrik Larsson,VP of Engineering,5.0,Ticket raised by Henrik Larsson (VP of Engineering) at Larsson & García GmbH regarding intermittent authentication failures on the Data Sync Engine. Approximately 11% of login attempts return a 401 with error SSL-HANDSHAKE. Issue began after they applied their internal SSO policy update on 2024-02-06. Customer tone: very concerned; requested a post-mortem report within 48 hours. Support confirmed SAML assertions are malformed — attribute mapping mismatch in IdP config. Step-by-step remediation guide sent; customer to test in staging before production rollout. Workaround provided: client configured batch size to 500 records; permanent fix in sprint 43.
001011EB0EE276A,Johnson & Kim BV,Partner,Logistics,SMB,Budapest,321353317,38742,523190988,CASE-248225,Chat,Medium,Resolved,Workflow Automation,2024-10-16,2024-11-10,Yes,Patrick Becker,DevOps Lead,1.0,Client in Budapest reported a critical failure in the Workflow Automation integration causing a duplicate records being created in the CRM. Error code ERR-3301 appears in logs since 2024-10-13 13:47 UTC. Contact Patrick Becker (DevOps Lead) was frustrated during the call and threatened to escalate to executive sponsor. Initial triage confirmed the issue is environment-specific to their EU-WEST tenant. Reproduction steps provided; engineering queue updated. Data migration script re-run with corrected field mappings; record integrity confirmed.
00173813E5F03F9,Rossi & Schmidt GmbH,Prospect,Healthcare,Enterprise,Chicago,72439423,48510,526575607,CASE-524146,Partner Portal,High,In Progress,Mobile SDK,2023-08-03,,No,Patrick Williams,Head of Operations,5.0,"Customer Patrick Williams at Rossi & Schmidt GmbH (Tier: Enterprise, Industry: Healthcare) submitted a formal feature request for the Mobile SDK. Request: ability to configure per-user rate limits via API. Business justification: compliance with SOC 2 Type II audit requirements. Use case documented and forwarded to Product Management. Customer expects a roadmap commitment within 1 quarters. PM acknowledged receipt; item added to the backlog with Medium priority scoring."
0012DB8D484D1A9,Andersen & Kowalski Corp.,Prospect,Automotive,Strategic,Warsaw,305820134,15109,528676706,CASE-794208,Web,Low,New,Analytics Dashboard,2025-02-19,,Yes,Marcus García,VP of Engineering,1.0,"Customer Marcus García at Andersen & Kowalski Corp. (Tier: Strategic, Industry: Automotive) submitted a formal feature request for the Analytics Dashboard. Request: ability to receive webhook retries with exponential backoff. Business justification: compliance with HIPAA §164.312 audit requirements. Use case documented and forwarded to Product Management. Customer expects a roadmap commitment within 1 quarters. PM acknowledged receipt; item added to the backlog with High priority scoring."
001007E11011DC0,Tanaka & Andersen Ltd.,Partner,Manufacturing,Enterprise,Madrid,328023586,22924,521861130,CASE-409583,Web,High,New,API Gateway,2025-08-06,,Yes,Clara Kowalski,Head of Operations,3.0,"Inbound escalation from Tanaka & Andersen Ltd. (Madrid) — Clara Kowalski reports the API Gateway has been failing to sync records since 2025-08-04 17:21 UTC. Approximately 46,800 records are stuck in a PENDING state. Error log snippet shared by customer shows ERR-5500 with stack trace pointing to a serialisation issue in the delta-sync processor. Customer is frustrated and threatened to escalate to executive sponsor. Workaround: manual re-trigger via admin panel unblocks individual batches but is not scalable. Engineering has reproduced the issue in staging with a dataset of matching schema. Pending further investigation; case escalated to Tier-3 Engineering with P1 SLA applied."
001222333183E4C,Andersen & Schmidt AB,Prospect,Energy,Enterprise,Helsinki,242712092,26167,591468439,CASE-457632,Phone,Critical,Pending Customer,Mobile SDK,2023-03-31,,Yes,Yuki Patel,Senior Engineer,,New onboarding case for Andersen & Schmidt AB (Enterprise tier). Primary contact: Yuki Patel (Senior Engineer). They are configuring the Mobile SDK for the first time and encountered SSL pinning failures in their mobile build pipeline. Implementation engineer scheduled a 60-minute screenshare for 2023-03-29. Customer provided sandbox credentials; issue reproduced and root cause confirmed. Documentation gap identified — will file internal ticket to update the Quick-Start Guide. Customer confirmed resolution after applying the corrected configuration.
001CD06FC9BB45A,Okonkwo & Larsson AB,Reseller,Insurance,SMB,Chicago,285494232,33345,578511494,CASE-564306,Chat,Medium,Resolved,Mobile SDK,2025-03-14,2025-03-30,No,Sophie Nguyen,IT Director,5.0,Sophie Nguyen from Okonkwo & Larsson AB opened this case after observing severe latency in the Mobile SDK. Average response times increased from ~200ms to over 4s beginning around 2025-03-12 06:02 UTC. Affects approximately 115 concurrent users in their APAC region. Customer is escalating and looped in their VP of Engineering on the call. Support engineer ran a distributed trace; bottleneck identified at the database read replica. Metrics attached to case for engineering review. Pending further investigation; case escalated to Tier-3 Engineering with P1 SLA applied.
001B584301F92EE,Novak & Nguyen GmbH,Prospect,Energy,Mid-Market,Berlin,357738812,49374,570024384,CASE-183510,Partner Portal,Critical,Resolved,Analytics Dashboard,2023-02-17,2023-03-15,Yes,Nadia García,DevOps Lead,5.0,"Inbound escalation from Novak & Nguyen GmbH (Berlin) — Nadia García reports the Analytics Dashboard has been failing to sync records since 2023-02-17 03:51 UTC. Approximately 14,086 records are stuck in a PENDING state. Error log snippet shared by customer shows TIMEOUT-002 with stack trace pointing to a serialisation issue in the delta-sync processor. Customer is frustrated and threatened to escalate to executive sponsor. Workaround: manual re-trigger via admin panel unblocks individual batches but is not scalable. Engineering has reproduced the issue in staging with a dataset of matching schema. Engineering identified a misconfigured load-balancer rule; it was corrected and verified."
001003259B30BE0,Kim & Kim AG,Prospect,Media & Entertainment,SMB,New York,247246644,36930,516412872,CASE-479256,Email,Medium,New,Integration Hub,2024-10-22,,No,Patrick Sato,Technical Account Manager,1.0,"Customer Patrick Sato at Kim & Kim AG (Tier: SMB, Industry: Media & Entertainment) submitted a formal feature request for the Integration Hub. Request: ability to receive webhook retries with exponential backoff. Business justification: compliance with SOC 2 Type II audit requirements. Use case documented and forwarded to Product Management. Customer expects a roadmap commitment within 3 quarters. PM acknowledged receipt; item added to the backlog with High priority scoring."
0019471E2BC27DE,Kowalski & Schmidt S.r.l.,Reseller,Energy,Strategic,Chicago,437884702,41087,580963668,CASE-884559,Chat,Medium,Resolved,Identity & Access Module,2023-04-26,2023-05-12,No,Ahmed Nguyen,DevOps Lead,5.0,New onboarding case for Kowalski & Schmidt S.r.l. (Strategic tier). Primary contact: Ahmed Nguyen (DevOps Lead). They are configuring the Identity & Access Module for the first time and encountered confusion around webhook signature verification. Implementation engineer scheduled a 60-minute screenshare for 2023-04-24. Customer provided sandbox credentials; issue reproduced and root cause confirmed. Documentation gap identified — will file internal ticket to update the Quick-Start Guide. Customer confirmed resolution after applying the corrected configuration.
001058764FC2A8B,Schmidt & Dupont S.r.l.,Partner,Manufacturing,SMB,Bratislava,22905992,28635,578444765,CASE-639218,Web,Low,Escalated,Integration Hub,2024-01-16,,Yes,Yuki Novak,Platform Architect,5.0,Yuki Novak from Schmidt & Dupont S.r.l. opened this case after observing severe latency in the Integration Hub. Average response times increased from ~200ms to over 10s beginning around 2024-01-15 16:57 UTC. Affects approximately 474 concurrent users in their APAC region. Customer is professional and requested SLA credit per the MSA terms. Support engineer ran a distributed trace; bottleneck identified at the database read replica. Metrics attached to case for engineering review. Pending further investigation; case escalated to Tier-3 Engineering with P1 SLA applied.
001D40F6A623CEF,Kowalski & Andersen SA,Reseller,Pharmaceuticals,Enterprise,Brussels,180203018,9614,520650098,CASE-342274,Web,High,Resolved,Security Manager,2025-03-28,2025-04-23,Yes,Aisha Johnson,Technical Account Manager,4.0,Ticket raised by Aisha Johnson (Technical Account Manager) at Kowalski & Andersen SA regarding intermittent authentication failures on the Security Manager. Approximately 49% of login attempts return a 401 with error TIMEOUT-002. Issue began after they applied their internal SSO policy update on 2025-03-26. Customer tone: critical; stated this is blocking their go-live scheduled for next Friday. Support confirmed SAML assertions are malformed — attribute mapping mismatch in IdP config. Step-by-step remediation guide sent; customer to test in staging before production rollout. Data migration script re-run with corrected field mappings; record integrity confirmed.
0016819DE8CEB2A,Hassan & Nguyen Inc.,Customer,Manufacturing,Strategic,Tokyo,424579131,40452,593056431,CASE-616968,Chat,Medium,New,Billing Platform,2025-07-25,,Yes,Luca Kim,IT Manager,2.0,"Inbound escalation from Hassan & Nguyen Inc. (Tokyo) — Luca Kim reports the Billing Platform has been failing to sync records since 2025-07-23 02:43 UTC. Approximately 40,681 records are stuck in a PENDING state. Error log snippet shared by customer shows AUTH-401 with stack trace pointing to a serialisation issue in the delta-sync processor. Customer is understanding and appreciated the quick response and transparency. Workaround: manual re-trigger via admin panel unblocks individual batches but is not scalable. Engineering has reproduced the issue in staging with a dataset of matching schema. The third-party payment gateway's IP whitelist was updated to include the new NAT range."
001B0AA141E9DF4,Williams & Becker Ltd.,Partner,Healthcare,SMB,Copenhagen,188921509,48270,577688256,CASE-957920,Email,Critical,Resolved,Mobile SDK,2024-09-28,2024-09-29,Yes,Wei Hassan,CTO,4.0,New onboarding case for Williams & Becker Ltd. (SMB tier). Primary contact: Wei Hassan (CTO). They are configuring the Mobile SDK for the first time and encountered confusion around webhook signature verification. Implementation engineer scheduled a 60-minute screenshare for 2024-09-28. Customer provided sandbox credentials; issue reproduced and root cause confirmed. Documentation gap identified — will file internal ticket to update the Quick-Start Guide. Customer confirmed resolution after applying the corrected configuration.
0013E5DB4FAB827,Tanaka & Hassan SA,Prospect,Healthcare,SMB,Berlin,415121851,43448,590557801,CASE-275524,Chat,Low,In Progress,Security Manager,2025-08-31,,No,Tom Tanaka,Head of Operations,5.0,New onboarding case for Tanaka & Hassan SA (SMB tier). Primary contact: Tom Tanaka (Head of Operations). They are configuring the Security Manager for the first time and encountered CORS policy errors when calling the API from their SPA. Implementation engineer scheduled a 60-minute screenshare for 2025-08-30. Customer provided sandbox credentials; issue reproduced and root cause confirmed. Documentation gap identified — will file internal ticket to update the Quick-Start Guide. Customer confirmed resolution after applying the corrected configuration.
0019B6C8FE49484,Andersen & Schmidt Ltd.,Customer,Automotive,SMB,Bratislava,450669128,21875,539416977,CASE-559940,Email,Medium,New,Mobile SDK,2023-04-11,,No,Marcus Müller,Platform Architect,4.0,Ticket raised by Marcus Müller (Platform Architect) at Andersen & Schmidt Ltd. regarding intermittent authentication failures on the Mobile SDK. Approximately 18% of login attempts return a 401 with error TIMEOUT-002. Issue began after they applied their internal SSO policy update on 2023-04-11. Customer tone: distressed; mentioned potential contractual penalties if unresolved by EOD. Support confirmed SAML assertions are malformed — attribute mapping mismatch in IdP config. Step-by-step remediation guide sent; customer to test in staging before production rollout. The third-party payment gateway's IP whitelist was updated to include the new NAT range.
001875B0CF2928A,Williams & Becker Sp. z o.o.,Partner,Technology,Strategic,Vienna,266665893,8925,516452895,CASE-759686,Web,High,Pending Customer,API Gateway,2024-12-07,,No,Omar Müller,DevOps Lead,3.0,"Customer Omar Müller at Williams & Becker Sp. z o.o. (Tier: Strategic, Industry: Technology) submitted a formal feature request for the API Gateway. Request: ability to receive webhook retries with exponential backoff. Business justification: compliance with PCI-DSS 4.0 audit requirements. Use case documented and forwarded to Product Management. Customer expects a roadmap commitment within 1 quarters. PM acknowledged receipt; item added to the backlog with High priority scoring."
001F7E555139177,Hassan & Larsson GmbH,Prospect,Media & Entertainment,Mid-Market,Singapore,388472374,42543,598095052,CASE-328073,Partner Portal,High,Escalated,Integration Hub,2024-12-15,,Yes,Henrik Tanaka,IT Director,5.0,Client in Singapore reported a critical failure in the Integration Hub integration causing a webhook events not firing for payment completions. Error code TIMEOUT-002 appears in logs since 2024-12-12 14:47 UTC. Contact Henrik Tanaka (IT Director) was distressed during the call and mentioned potential contractual penalties if unresolved by EOD. Initial triage confirmed the issue is environment-specific to their AP-SOUTH tenant. Reproduction steps provided; engineering queue updated. The customer's IP range was added to the allowlist following security review approval.
0011246ED8A1188,Nguyen & Kowalski S.r.l.,Customer,Healthcare,Mid-Market,Milan,239842975,36787,591807088,CASE-914493,Phone,Low,Pending Customer,Mobile SDK,2024-01-09,,Yes,Clara Larsson,DevOps Lead,,Ticket raised by Clara Larsson (DevOps Lead) at Nguyen & Kowalski S.r.l. regarding intermittent authentication failures on the Mobile SDK. Approximately 69% of login attempts return a 401 with error ERR-4403. Issue began after they applied their internal SSO policy update on 2024-01-06. Customer tone: very concerned; requested a post-mortem report within 48 hours. Support confirmed SAML assertions are malformed — attribute mapping mismatch in IdP config. Step-by-step remediation guide sent; customer to test in staging before production rollout. SSL certificate renewed and propagated across all edge nodes within the maintenance window.
0012968EB7F7EA0,Patel & Okonkwo Ltd.,Partner,Logistics,SMB,Brussels,279680106,49773,542821225,CASE-642480,Web,Low,Escalated,Data Sync Engine,2023-11-10,,Yes,Fatima Williams,VP of Engineering,4.0,"Inbound escalation from Patel & Okonkwo Ltd. (Brussels) — Fatima Williams reports the Data Sync Engine has been failing to sync records since 2023-11-08 09:06 UTC. Approximately 28,967 records are stuck in a PENDING state. Error log snippet shared by customer shows TIMEOUT-002 with stack trace pointing to a serialisation issue in the delta-sync processor. Customer is distressed and mentioned potential contractual penalties if unresolved by EOD. Workaround: manual re-trigger via admin panel unblocks individual batches but is not scalable. Engineering has reproduced the issue in staging with a dataset of matching schema. Root cause traced to a race condition in the async queue; a mutex lock was introduced."
00168223D49274F,Andersen & García SA,Reseller,Logistics,Enterprise,New York,353354494,32294,523669886,CASE-452621,Chat,High,Resolved,Reporting Suite,2023-02-08,2023-02-21,Yes,Nadia Williams,Platform Architect,,New onboarding case for Andersen & García SA (Enterprise tier). Primary contact: Nadia Williams (Platform Architect). They are configuring the Reporting Suite for the first time and encountered SSL pinning failures in their mobile build pipeline. Implementation engineer scheduled a 60-minute screenshare for 2023-02-06. Customer provided sandbox credentials; issue reproduced and root cause confirmed. Documentation gap identified — will file internal ticket to update the Quick-Start Guide. Customer confirmed resolution after applying the corrected configuration.
001644CBB47C029,García & Larsson Corp.,Customer,Insurance,Enterprise,Vienna,59442971,8075,554697978,CASE-774705,Web,Low,New,Reporting Suite,2025-04-09,,No,Sophie Larsson,Solutions Architect,2.0,"Inbound escalation from García & Larsson Corp. (Vienna) — Sophie Larsson reports the Reporting Suite has been failing to sync records since 2025-04-08 09:55 UTC. Approximately 40,775 records are stuck in a PENDING state. Error log snippet shared by customer shows ERR-3301 with stack trace pointing to a serialisation issue in the delta-sync processor. Customer is understanding and appreciated the quick response and transparency. Workaround: manual re-trigger via admin panel unblocks individual batches but is not scalable. Engineering has reproduced the issue in staging with a dataset of matching schema. OAuth token refresh logic was patched; all active sessions re-authenticated successfully."
001BA4B1943083C,Hassan & Okonkwo AB,Prospect,Healthcare,SMB,Sydney,348477062,47931,595077934,CASE-611493,Web,Critical,Escalated,Integration Hub,2025-09-17,,No,Elena Ferreira,DevOps Lead,5.0,Client in Sydney reported a critical failure in the Integration Hub integration causing a email notifications sent to incorrect recipients. Error code TIMEOUT-002 appears in logs since 2025-09-16 05:22 UTC. Contact Elena Ferreira (DevOps Lead) was critical during the call and stated this is blocking their go-live scheduled for next Friday. Initial triage confirmed the issue is environment-specific to their PROD-2 tenant. Reproduction steps provided; engineering queue updated. OAuth token refresh logic was patched; all active sessions re-authenticated successfully.
0013C6D5573AB7F,Novak & Schmidt Corp.,Prospect,Automotive,SMB,Singapore,447640654,31978,558603644,CASE-625950,Phone,Low,Resolved,Analytics Dashboard,2024-05-01,2024-05-24,No,Elena Larsson,Senior Engineer,,"Inbound escalation from Novak & Schmidt Corp. (Singapore) — Elena Larsson reports the Analytics Dashboard has been failing to sync records since 2024-04-30 17:23 UTC. Approximately 35,293 records are stuck in a PENDING state. Error log snippet shared by customer shows ERR-3301 with stack trace pointing to a serialisation issue in the delta-sync processor. Customer is patient but firm and asked for daily status updates. Workaround: manual re-trigger via admin panel unblocks individual batches but is not scalable. Engineering has reproduced the issue in staging with a dataset of matching schema. Pending further investigation; case escalated to Tier-3 Engineering with P1 SLA applied."
001AE7C5DEBA7EA,Ferreira & Schmidt SA,Reseller,Healthcare,Mid-Market,Tokyo,433681691,38866,569671635,CASE-764376,Phone,Medium,Escalated,Mobile SDK,2023-12-10,,No,Nadia Kim,CTO,5.0,"Inbound escalation from Ferreira & Schmidt SA (Tokyo) — Nadia Kim reports the Mobile SDK has been failing to sync records since 2023-12-09 06:47 UTC. Approximately 47,709 records are stuck in a PENDING state. Error log snippet shared by customer shows ERR-4009 with stack trace pointing to a serialisation issue in the delta-sync processor. Customer is distressed and mentioned potential contractual penalties if unresolved by EOD. Workaround: manual re-trigger via admin panel unblocks individual batches but is not scalable. Engineering has reproduced the issue in staging with a dataset of matching schema. A stale CDN cache was purged globally; content now serves correctly in all regions."
0018B90FE7E434A,Kim & Larsson AB,Partner,Pharmaceuticals,SMB,London,327176884,25457,523525516,CASE-120232,Phone,Low,New,Workflow Automation,2024-11-27,,Yes,Carlos Kowalski,CTO,5.0,Client in London reported a critical failure in the Workflow Automation integration causing a search results returning stale cached data. Error code ERR-5021 appears in logs since 2024-11-27 16:45 UTC. Contact Carlos Kowalski (CTO) was frustrated during the call and threatened to escalate to executive sponsor. Initial triage confirmed the issue is environment-specific to their EU-WEST tenant. Reproduction steps provided; engineering queue updated. SSL certificate renewed and propagated across all edge nodes within the maintenance window.
0016B59FDEFE064,Patel & Hassan BV,Partner,Financial Services,Strategic,Chicago,59470955,49113,559011649,CASE-706392,Email,Low,Pending Customer,Reporting Suite,2024-07-06,,No,Ingrid Williams,Senior Engineer,4.0,"Customer Ingrid Williams at Patel & Hassan BV (Tier: Strategic, Industry: Financial Services) submitted a formal feature request for the Reporting Suite. Request: ability to set custom session timeout policies per role group. Business justification: compliance with SOC 2 Type II audit requirements. Use case documented and forwarded to Product Management. Customer expects a roadmap commitment within 3 quarters. PM acknowledged receipt; item added to the backlog with High priority scoring."
001AFEEB5194D32,Tanaka & Tanaka S.r.l.,Partner,Telecommunications,Mid-Market,Budapest,124240118,22646,524290225,CASE-889872,Email,Critical,New,Workflow Automation,2024-12-30,,Yes,Maria Ferreira,Head of Operations,3.0,Maria Ferreira from Tanaka & Tanaka S.r.l. opened this case after observing severe latency in the Workflow Automation. Average response times increased from ~200ms to over 3s beginning around 2024-12-27 01:31 UTC. Affects approximately 319 concurrent users in their APAC region. Customer is escalating and looped in their VP of Engineering on the call. Support engineer ran a distributed trace; bottleneck identified at the database read replica. Metrics attached to case for engineering review. A stale CDN cache was purged globally; content now serves correctly in all regions.
001E633ADE3E2DF,Okonkwo & Kowalski Corp.,Prospect,Telecommunications,SMB,Madrid,279758800,1474,536308984,CASE-837771,Phone,Critical,New,Security Manager,2024-04-09,,No,Zoe Johnson,IT Manager,5.0,"Inbound escalation from Okonkwo & Kowalski Corp. (Madrid) — Zoe Johnson reports the Security Manager has been failing to sync records since 2024-04-06 12:54 UTC. Approximately 24,368 records are stuck in a PENDING state. Error log snippet shared by customer shows AUTH-401 with stack trace pointing to a serialisation issue in the delta-sync processor. Customer is escalating and looped in their VP of Engineering on the call. Workaround: manual re-trigger via admin panel unblocks individual batches but is not scalable. Engineering has reproduced the issue in staging with a dataset of matching schema. The third-party payment gateway's IP whitelist was updated to include the new NAT range."
001D8DC87864501,Johnson & Kowalski Corp.,Partner,Manufacturing,Strategic,Oslo,476358733,33209,580207946,CASE-509301,Chat,Critical,New,API Gateway,2025-11-17,,Yes,Zoe Becker,DevOps Lead,1.0,"Customer Zoe Becker at Johnson & Kowalski Corp. (Tier: Strategic, Industry: Manufacturing) submitted a formal feature request for the API Gateway. Request: ability to set custom session timeout policies per role group. Business justification: compliance with SOC 2 Type II audit requirements. Use case documented and forwarded to Product Management. Customer expects a roadmap commitment within 2 quarters. PM acknowledged receipt; item added to the backlog with High priority scoring."
001D4E7CF4EF678,Kowalski & Novak Corp.,Prospect,Technology,Mid-Market,Paris,212195949,49700,552744749,CASE-573437,Web,Medium,Resolved,Workflow Automation,2023-11-22,2023-12-02,No,Sophie Sato,IT Director,3.0,New onboarding case for Kowalski & Novak Corp. (Mid-Market tier). Primary contact: Sophie Sato (IT Director). They are configuring the Workflow Automation for the first time and encountered confusion around webhook signature verification. Implementation engineer scheduled a 60-minute screenshare for 2023-11-19. Customer provided sandbox credentials; issue reproduced and root cause confirmed. Documentation gap identified — will file internal ticket to update the Quick-Start Guide. Customer confirmed resolution after applying the corrected configuration.
0017B6E8D8B04A9,Okonkwo & Rossi Ltd.,Customer,Logistics,SMB,Madrid,369410549,22169,529378957,CASE-160753,Email,Critical,Resolved,Billing Platform,2024-08-09,2024-08-15,Yes,Sophie Novak,IT Manager,4.0,"Inbound escalation from Okonkwo & Rossi Ltd. (Madrid) — Sophie Novak reports the Billing Platform has been failing to sync records since 2024-08-09 03:33 UTC. Approximately 34,119 records are stuck in a PENDING state. Error log snippet shared by customer shows ERR-3301 with stack trace pointing to a serialisation issue in the delta-sync processor. Customer is professional and requested SLA credit per the MSA terms. Workaround: manual re-trigger via admin panel unblocks individual batches but is not scalable. Engineering has reproduced the issue in staging with a dataset of matching schema. Engineering identified a misconfigured load-balancer rule; it was corrected and verified."
001AC37A5C326EE,Rossi & Andersen S.r.l.,Prospect,Technology,Strategic,Oslo,32532413,6396,524937373,CASE-293550,Chat,High,Escalated,Data Sync Engine,2024-06-16,,Yes,Yuki Schmidt,Platform Architect,4.0,Yuki Schmidt from Rossi & Andersen S.r.l. opened this case after observing severe latency in the Data Sync Engine. Average response times increased from ~200ms to over 6s beginning around 2024-06-13 21:08 UTC. Affects approximately 10 concurrent users in their AMER region. Customer is frustrated and threatened to escalate to executive sponsor. Support engineer ran a distributed trace; bottleneck identified at the database read replica. Metrics attached to case for engineering review. SSL certificate renewed and propagated across all edge nodes within the maintenance window.
001DBB80DF22711,Kowalski & Becker AG,Reseller,Energy,SMB,New York,78014073,48536,591027259,CASE-491303,Phone,Low,Pending Customer,Reporting Suite,2025-09-15,,No,James Becker,Head of Operations,5.0,James Becker from Kowalski & Becker AG opened this case after observing severe latency in the Reporting Suite. Average response times increased from ~200ms to over 14s beginning around 2025-09-15 23:36 UTC. Affects approximately 439 concurrent users in their EMEA region. Customer is distressed and mentioned potential contractual penalties if unresolved by EOD. Support engineer ran a distributed trace; bottleneck identified at the database read replica. Metrics attached to case for engineering review. Pending further investigation; case escalated to Tier-3 Engineering with P1 SLA applied.
0013F4944D2954A,Nguyen & Novak GmbH,Partner,Manufacturing,Enterprise,Budapest,24506777,14833,531721163,CASE-505927,Web,Medium,Pending Customer,Reporting Suite,2023-10-29,,No,Marcus Hassan,DevOps Lead,3.0,Client in Budapest reported a critical failure in the Reporting Suite integration causing a webhook events not firing for payment completions. Error code ERR-3301 appears in logs since 2023-10-29 09:34 UTC. Contact Marcus Hassan (DevOps Lead) was professional during the call and requested SLA credit per the MSA terms. Initial triage confirmed the issue is environment-specific to their EU-WEST tenant. Reproduction steps provided; engineering queue updated. Data migration script re-run with corrected field mappings; record integrity confirmed.
0012D0E58911387,Andersen & Sato GmbH,Customer,Healthcare,Strategic,Singapore,123694725,19563,527540698,CASE-452628,Phone,Low,Pending Customer,API Gateway,2024-10-23,,Yes,James Nguyen,Technical Account Manager,,"Customer James Nguyen at Andersen & Sato GmbH (Tier: Strategic, Industry: Healthcare) submitted a formal feature request for the API Gateway. Request: ability to receive webhook retries with exponential backoff. Business justification: compliance with ISO 27001 audit requirements. Use case documented and forwarded to Product Management. Customer expects a roadmap commitment within 3 quarters. PM acknowledged receipt; item added to the backlog with High priority scoring."
001798134DD3772,Dupont & Okonkwo Ltd.,Reseller,Energy,Mid-Market,Amsterdam,391677829,9089,555758595,CASE-280221,Chat,Critical,Closed,Security Manager,2025-03-12,2025-03-19,Yes,Tom Patel,VP of Engineering,1.0,"Tom Patel (VP of Engineering) at Dupont & Okonkwo Ltd. contacted support regarding an unexpected charge of $2,052 on their June invoice. Customer claims usage reported by the Security Manager does not match their internal telemetry. Discrepancy of approximately 6% in API call counts. Finance team has been looped in. Raw usage logs pulled from billing service for 2025-03-09. Preliminary finding: a duplicate event emitter was introduced in v4.8.7 causing double-counting. Credit memo being processed; ETA 4 business days. A stale CDN cache was purged globally; content now serves correctly in all regions."
0014830ED109419,Kim & García Corp.,Reseller,Financial Services,Mid-Market,Helsinki,128980235,21392,521336167,CASE-603335,Web,Medium,Escalated,Security Manager,2024-04-19,,Yes,Priya Hassan,VP of Engineering,4.0,Client in Helsinki reported a critical failure in the Security Manager integration causing a audit logs missing entries for the past 48 hours. Error code TIMEOUT-002 appears in logs since 2024-04-18 11:34 UTC. Contact Priya Hassan (VP of Engineering) was escalating during the call and looped in their VP of Engineering on the call. Initial triage confirmed the issue is environment-specific to their EU-WEST tenant. Reproduction steps provided; engineering queue updated. A hotfix (v2.4.7) was deployed to production at 03:14 UTC resolving the root cause.
0012B605F1D16B1,García & Rossi Corp.,Reseller,Media & Entertainment,Enterprise,Madrid,304509256,37902,511601813,CASE-331260,Web,Low,Closed,Billing Platform,2023-04-07,2023-04-23,Yes,Aisha Johnson,Senior Engineer,4.0,Ticket raised by Aisha Johnson (Senior Engineer) at García & Rossi Corp. regarding intermittent authentication failures on the Billing Platform. Approximately 15% of login attempts return a 401 with error SYNC-FAIL-07. Issue began after they applied their internal SSO policy update on 2023-04-07. Customer tone: distressed; mentioned potential contractual penalties if unresolved by EOD. Support confirmed SAML assertions are malformed — attribute mapping mismatch in IdP config. Step-by-step remediation guide sent; customer to test in staging before production rollout. Workaround provided: client configured batch size to 500 records; permanent fix in sprint 43.
001D04DB148384A,Rossi & Tanaka SA,Reseller,Retail,Enterprise,Munich,136526996,35456,541119594,CASE-897721,Partner Portal,Medium,New,Workflow Automation,2025-04-21,,Yes,Raj Kim,IT Manager,2.0,Client in Munich reported a critical failure in the Workflow Automation integration causing a duplicate records being created in the CRM. Error code DB-CONN-ERR appears in logs since 2025-04-18 01:57 UTC. Contact Raj Kim (IT Manager) was distressed during the call and mentioned potential contractual penalties if unresolved by EOD. Initial triage confirmed the issue is environment-specific to their AP-SOUTH tenant. Reproduction steps provided; engineering queue updated. Engineering identified a misconfigured load-balancer rule; it was corrected and verified.
00193CDB7EF6166,Nguyen & Andersen Ltd.,Reseller,Pharmaceuticals,Strategic,New York,363597780,41626,599697229,CASE-982937,Email,Critical,Closed,Mobile SDK,2025-07-25,2025-08-24,No,Maria Schmidt,DevOps Lead,2.0,Ticket raised by Maria Schmidt (DevOps Lead) at Nguyen & Andersen Ltd. regarding intermittent authentication failures on the Mobile SDK. Approximately 34% of login attempts return a 401 with error ERR-4009. Issue began after they applied their internal SSO policy update on 2025-07-22. Customer tone: frustrated; threatened to escalate to executive sponsor. Support confirmed SAML assertions are malformed — attribute mapping mismatch in IdP config. Step-by-step remediation guide sent; customer to test in staging before production rollout. The database index was rebuilt and query performance restored to baseline.
0018C4D85406E8D,Schmidt & Kim S.r.l.,Prospect,Insurance,Strategic,Vienna,376797928,28766,539154312,CASE-984680,Phone,Critical,New,Reporting Suite,2024-11-13,,Yes,Daniel Dupont,DevOps Lead,4.0,Daniel Dupont (DevOps Lead) at Schmidt & Kim S.r.l. contacted support regarding an unexpected charge of $520 on their May invoice. Customer claims usage reported by the Reporting Suite does not match their internal telemetry. Discrepancy of approximately 23% in API call counts. Finance team has been looped in. Raw usage logs pulled from billing service for 2024-11-10. Preliminary finding: a duplicate event emitter was introduced in v2.7.0 causing double-counting. Credit memo being processed; ETA 5 business days. Data migration script re-run with corrected field mappings; record integrity confirmed.
0019DE45B67FA6B,Dupont & Müller Sp. z o.o.,Reseller,Insurance,SMB,New York,194878048,19010,557122944,CASE-538648,Web,Low,Escalated,Security Manager,2024-09-04,,Yes,Sophie Dupont,Technical Account Manager,5.0,"Inbound escalation from Dupont & Müller Sp. z o.o. (New York) — Sophie Dupont reports the Security Manager has been failing to sync records since 2024-09-01 13:53 UTC. Approximately 10,441 records are stuck in a PENDING state. Error log snippet shared by customer shows ERR-5500 with stack trace pointing to a serialisation issue in the delta-sync processor. Customer is distressed and mentioned potential contractual penalties if unresolved by EOD. Workaround: manual re-trigger via admin panel unblocks individual batches but is not scalable. Engineering has reproduced the issue in staging with a dataset of matching schema. Root cause traced to a race condition in the async queue; a mutex lock was introduced."
001AE0DF01DDAA0,Sato & Schmidt Corp.,Reseller,Insurance,Mid-Market,Sydney,284195864,22873,565950318,CASE-111961,Chat,Low,Closed,Billing Platform,2025-11-04,2025-12-04,Yes,James García,Head of Operations,5.0,Ticket raised by James García (Head of Operations) at Sato & Schmidt Corp. regarding intermittent authentication failures on the Billing Platform. Approximately 13% of login attempts return a 401 with error ERR-4009. Issue began after they applied their internal SSO policy update on 2025-11-02. Customer tone: professional; requested SLA credit per the MSA terms. Support confirmed SAML assertions are malformed — attribute mapping mismatch in IdP config. Step-by-step remediation guide sent; customer to test in staging before production rollout. The customer's IP range was added to the allowlist following security review approval.
00136948DBC6477,Ferreira & Müller Ltd.,Partner,Energy,Strategic,Milan,202496884,14612,576706533,CASE-591190,Partner Portal,High,Pending Customer,API Gateway,2025-06-25,,No,Clara Larsson,Technical Account Manager,,"Clara Larsson (Technical Account Manager) at Ferreira & Müller Ltd. contacted support regarding an unexpected charge of $11,178 on their March invoice. Customer claims usage reported by the API Gateway does not match their internal telemetry. Discrepancy of approximately 8% in API call counts. Finance team has been looped in. Raw usage logs pulled from billing service for 2025-06-22. Preliminary finding: a duplicate event emitter was introduced in v3.3.5 causing double-counting. Credit memo being processed; ETA 2 business days. The database index was rebuilt and query performance restored to baseline."
001C05F529BD2F9,Kim & García Inc.,Customer,Insurance,Strategic,Oslo,423443430,9388,538947425,CASE-746743,Partner Portal,High,In Progress,Analytics Dashboard,2024-01-19,,Yes,Henrik Patel,Platform Architect,3.0,Henrik Patel from Kim & García Inc. opened this case after observing severe latency in the Analytics Dashboard. Average response times increased from ~200ms to over 3s beginning around 2024-01-19 13:34 UTC. Affects approximately 413 concurrent users in their APAC region. Customer is professional and requested SLA credit per the MSA terms. Support engineer ran a distributed trace; bottleneck identified at the database read replica. Metrics attached to case for engineering review. Workaround provided: client configured batch size to 500 records; permanent fix in sprint 43.
001155701A9C998,García & Okonkwo Sp. z o.o.,Prospect,Energy,SMB,Munich,49003044,8958,577893811,CASE-460326,Email,Low,In Progress,Identity & Access Module,2023-01-05,,Yes,Henrik Tanaka,Head of Operations,,"Inbound escalation from García & Okonkwo Sp. z o.o. (Munich) — Henrik Tanaka reports the Identity & Access Module has been failing to sync records since 2023-01-02 19:22 UTC. Approximately 17,860 records are stuck in a PENDING state. Error log snippet shared by customer shows ERR-3301 with stack trace pointing to a serialisation issue in the delta-sync processor. Customer is professional and requested SLA credit per the MSA terms. Workaround: manual re-trigger via admin panel unblocks individual batches but is not scalable. Engineering has reproduced the issue in staging with a dataset of matching schema. The customer's IP range was added to the allowlist following security review approval."
001EB7E802B3684,Hassan & Schmidt SA,Partner,Logistics,SMB,Oslo,284723371,433,553484326,CASE-359607,Chat,Low,Escalated,Integration Hub,2025-09-07,,Yes,Sophie Sato,IT Director,1.0,Ticket raised by Sophie Sato (IT Director) at Hassan & Schmidt SA regarding intermittent authentication failures on the Integration Hub. Approximately 47% of login attempts return a 401 with error ERR-5021. Issue began after they applied their internal SSO policy update on 2025-09-05. Customer tone: critical; stated this is blocking their go-live scheduled for next Friday. Support confirmed SAML assertions are malformed — attribute mapping mismatch in IdP config. Step-by-step remediation guide sent; customer to test in staging before production rollout. SSL certificate renewed and propagated across all edge nodes within the maintenance window.
001D4D7026F5C12,Sato & Tanaka Inc.,Reseller,Energy,Strategic,Oslo,18851674,6106,593407203,CASE-851914,Web,Low,New,Integration Hub,2025-03-23,,No,Maria Johnson,VP of Engineering,2.0,Maria Johnson from Sato & Tanaka Inc. opened this case after observing severe latency in the Integration Hub. Average response times increased from ~200ms to over 11s beginning around 2025-03-23 21:11 UTC. Affects approximately 425 concurrent users in their APAC region. Customer is patient but firm and asked for daily status updates. Support engineer ran a distributed trace; bottleneck identified at the database read replica. Metrics attached to case for engineering review. Data migration script re-run with corrected field mappings; record integrity confirmed.
001EC3B7FA34798,Kim & Sato BV,Reseller,Telecommunications,Mid-Market,Helsinki,492119926,43691,587502343,CASE-511358,Web,Medium,New,Integration Hub,2025-10-14,,Yes,Tom Patel,IT Manager,4.0,Tom Patel from Kim & Sato BV opened this case after observing severe latency in the Integration Hub. Average response times increased from ~200ms to over 6s beginning around 2025-10-13 22:04 UTC. Affects approximately 109 concurrent users in their EMEA region. Customer is frustrated and threatened to escalate to executive sponsor. Support engineer ran a distributed trace; bottleneck identified at the database read replica. Metrics attached to case for engineering review. The customer's IP range was added to the allowlist following security review approval.
001843C2A8EEFD4,Patel & Hassan Sp. z o.o.,Partner,Pharmaceuticals,Enterprise,Oslo,11882857,9652,531368924,CASE-866113,Phone,Critical,New,Reporting Suite,2023-01-10,,No,Patrick Müller,DevOps Lead,3.0,Ticket raised by Patrick Müller (DevOps Lead) at Patel & Hassan Sp. z o.o. regarding intermittent authentication failures on the Reporting Suite. Approximately 51% of login attempts return a 401 with error ERR-3301. Issue began after they applied their internal SSO policy update on 2023-01-10. Customer tone: understanding; appreciated the quick response and transparency. Support confirmed SAML assertions are malformed — attribute mapping mismatch in IdP config. Step-by-step remediation guide sent; customer to test in staging before production rollout. Engineering identified a misconfigured load-balancer rule; it was corrected and verified.
001674B8D132D54,Becker & Tanaka Sp. z o.o.,Customer,Technology,Strategic,Prague,191363900,11224,564459350,CASE-814023,Partner Portal,Low,New,Security Manager,2023-10-09,,Yes,Tom Nguyen,Senior Engineer,3.0,"Customer Tom Nguyen at Becker & Tanaka Sp. z o.o. (Tier: Strategic, Industry: Technology) submitted a formal feature request for the Security Manager. Request: ability to configure per-user rate limits via API. Business justification: compliance with ISO 27001 audit requirements. Use case documented and forwarded to Product Management. Customer expects a roadmap commitment within 2 quarters. PM acknowledged receipt; item added to the backlog with Medium priority scoring."
0015223983F5CE7,Kowalski & Tanaka Ltd.,Customer,Telecommunications,SMB,Berlin,229338362,3219,521801031,CASE-372226,Web,Low,Resolved,Billing Platform,2024-01-22,2024-02-03,Yes,Elena Hassan,Head of Operations,2.0,Elena Hassan from Kowalski & Tanaka Ltd. opened this case after observing severe latency in the Billing Platform. Average response times increased from ~200ms to over 9s beginning around 2024-01-21 00:36 UTC. Affects approximately 258 concurrent users in their EMEA region. Customer is patient but firm and asked for daily status updates. Support engineer ran a distributed trace; bottleneck identified at the database read replica. Metrics attached to case for engineering review. A stale CDN cache was purged globally; content now serves correctly in all regions.
0014F40911B8055,Dupont & Sato AB,Partner,Automotive,SMB,Chicago,15376040,40473,527331075,CASE-467418,Phone,High,Pending Customer,Integration Hub,2023-07-24,,Yes,Elena Müller,Solutions Architect,,"Elena Müller (Solutions Architect) at Dupont & Sato AB contacted support regarding an unexpected charge of $14,099 on their July invoice. Customer claims usage reported by the Integration Hub does not match their internal telemetry. Discrepancy of approximately 14% in API call counts. Finance team has been looped in. Raw usage logs pulled from billing service for 2023-07-21. Preliminary finding: a duplicate event emitter was introduced in v4.5.2 causing double-counting. Credit memo being processed; ETA 3 business days. OAuth token refresh logic was patched; all active sessions re-authenticated successfully."
001FC0D79B67F3A,Patel & Sato AG,Prospect,Manufacturing,Strategic,Toronto,491460712,21159,526762848,CASE-181081,Chat,High,Closed,API Gateway,2024-07-04,2024-08-03,No,Daniel Hassan,Senior Engineer,,"Daniel Hassan (Senior Engineer) at Patel & Sato AG contacted support regarding an unexpected charge of $4,827 on their July invoice. Customer claims usage reported by the API Gateway does not match their internal telemetry. Discrepancy of approximately 15% in API call counts. Finance team has been looped in. Raw usage logs pulled from billing service for 2024-07-03. Preliminary finding: a duplicate event emitter was introduced in v2.7.5 causing double-counting. Credit memo being processed; ETA 5 business days. A stale CDN cache was purged globally; content now serves correctly in all regions."
001D9E5EF428DAE,Nguyen & Tanaka BV,Partner,Healthcare,SMB,Toronto,372605564,4603,533866225,CASE-414970,Partner Portal,Low,Resolved,Analytics Dashboard,2024-09-04,2024-09-20,No,Ingrid Patel,Technical Account Manager,2.0,Client in Toronto reported a critical failure in the Analytics Dashboard integration causing a API response times exceeding 12 seconds. Error code SYNC-FAIL-07 appears in logs since 2024-09-01 07:37 UTC. Contact Ingrid Patel (Technical Account Manager) was professional during the call and requested SLA credit per the MSA terms. Initial triage confirmed the issue is environment-specific to their PROD-2 tenant. Reproduction steps provided; engineering queue updated. The database index was rebuilt and query performance restored to baseline.
00190FB167506FB,Williams & Ferreira S.r.l.,Prospect,Technology,SMB,New York,256347406,7239,555306327,CASE-525827,Web,High,Pending Customer,Identity & Access Module,2024-09-18,,Yes,Daniel Kim,Solutions Architect,1.0,Daniel Kim from Williams & Ferreira S.r.l. opened this case after observing severe latency in the Identity & Access Module. Average response times increased from ~200ms to over 15s beginning around 2024-09-17 20:56 UTC. Affects approximately 422 concurrent users in their EMEA region. Customer is frustrated and threatened to escalate to executive sponsor. Support engineer ran a distributed trace; bottleneck identified at the database read replica. Metrics attached to case for engineering review. A stale CDN cache was purged globally; content now serves correctly in all regions.
00160215A3EA332,Schmidt & Müller Corp.,Reseller,Automotive,Enterprise,Oslo,375773691,23231,574817663,CASE-339132,Chat,Low,New,Billing Platform,2023-09-14,,Yes,Ingrid Müller,DevOps Lead,3.0,Client in Oslo reported a critical failure in the Billing Platform integration causing a duplicate records being created in the CRM. Error code AUTH-401 appears in logs since 2023-09-12 15:37 UTC. Contact Ingrid Müller (DevOps Lead) was patient but firm during the call and asked for daily status updates. Initial triage confirmed the issue is environment-specific to their US-EAST tenant. Reproduction steps provided; engineering queue updated. The database index was rebuilt and query performance restored to baseline.
001973F5EB712C2,Rossi & Andersen GmbH,Reseller,Technology,Mid-Market,Warsaw,130276094,7135,525253695,CASE-888678,Chat,High,In Progress,API Gateway,2024-03-28,,Yes,Maria Williams,VP of Engineering,4.0,"Customer Maria Williams at Rossi & Andersen GmbH (Tier: Mid-Market, Industry: Technology) submitted a formal feature request for the API Gateway. Request: ability to bulk-archive inactive records. Business justification: compliance with ISO 27001 audit requirements. Use case documented and forwarded to Product Management. Customer expects a roadmap commitment within 3 quarters. PM acknowledged receipt; item added to the backlog with Medium priority scoring."
001F42E15CF53C9,García & Okonkwo Corp.,Prospect,Energy,Enterprise,Copenhagen,88323442,10359,587203186,CASE-664872,Email,Medium,Pending Customer,API Gateway,2023-05-15,,No,Clara Johnson,Head of Operations,5.0,"Customer Clara Johnson at García & Okonkwo Corp. (Tier: Enterprise, Industry: Energy) submitted a formal feature request for the API Gateway. Request: ability to schedule reports at sub-hourly intervals. Business justification: compliance with HIPAA §164.312 audit requirements. Use case documented and forwarded to Product Management. Customer expects a roadmap commitment within 4 quarters. PM acknowledged receipt; item added to the backlog with High priority scoring."
001B3C34FDEFE67,Johnson & Nguyen BV,Partner,Retail,Enterprise,Warsaw,325368047,36891,512133958,CASE-702563,Phone,Critical,In Progress,Analytics Dashboard,2023-12-07,,No,Fatima Ferreira,CTO,3.0,Client in Warsaw reported a critical failure in the Analytics Dashboard integration causing a duplicate records being created in the CRM. Error code ERR-4403 appears in logs since 2023-12-04 05:47 UTC. Contact Fatima Ferreira (CTO) was distressed during the call and mentioned potential contractual penalties if unresolved by EOD. Initial triage confirmed the issue is environment-specific to their AP-SOUTH tenant. Reproduction steps provided; engineering queue updated. A stale CDN cache was purged globally; content now serves correctly in all regions.
00111EE47AC8670,Patel & Johnson AG,Partner,Telecommunications,Strategic,Milan,389258097,46234,518209448,CASE-870396,Chat,Low,Resolved,Identity & Access Module,2024-10-27,2024-11-11,Yes,Maria Kim,IT Manager,3.0,"Maria Kim (IT Manager) at Patel & Johnson AG contacted support regarding an unexpected charge of $9,553 on their April invoice. Customer claims usage reported by the Identity & Access Module does not match their internal telemetry. Discrepancy of approximately 17% in API call counts. Finance team has been looped in. Raw usage logs pulled from billing service for 2024-10-25. Preliminary finding: a duplicate event emitter was introduced in v3.3.9 causing double-counting. Credit memo being processed; ETA 5 business days. Data migration script re-run with corrected field mappings; record integrity confirmed."
001D3BB22BCA04E,Johnson & Okonkwo Sp. z o.o.,Customer,Technology,SMB,Munich,479354852,14514,543054244,CASE-120650,Chat,High,Resolved,Identity & Access Module,2024-01-11,2024-02-06,Yes,Isabella Novak,Platform Architect,3.0,Isabella Novak from Johnson & Okonkwo Sp. z o.o. opened this case after observing severe latency in the Identity & Access Module. Average response times increased from ~200ms to over 13s beginning around 2024-01-09 05:32 UTC. Affects approximately 469 concurrent users in their AMER region. Customer is escalating and looped in their VP of Engineering on the call. Support engineer ran a distributed trace; bottleneck identified at the database read replica. Metrics attached to case for engineering review. OAuth token refresh logic was patched; all active sessions re-authenticated successfully.
001488BBED2B6F5,Andersen & Schmidt Corp.,Reseller,Manufacturing,Mid-Market,Berlin,84940416,3612,542444118,CASE-341331,Web,Critical,Closed,Mobile SDK,2024-09-27,2024-10-03,Yes,Fatima Kowalski,Head of Operations,,Ticket raised by Fatima Kowalski (Head of Operations) at Andersen & Schmidt Corp. regarding intermittent authentication failures on the Mobile SDK. Approximately 11% of login attempts return a 401 with error ERR-5500. Issue began after they applied their internal SSO policy update on 2024-09-27. Customer tone: professional; requested SLA credit per the MSA terms. Support confirmed SAML assertions are malformed — attribute mapping mismatch in IdP config. Step-by-step remediation guide sent; customer to test in staging before production rollout. OAuth token refresh logic was patched; all active sessions re-authenticated successfully.
0012352E98AA5DE,Kowalski & Müller Corp.,Prospect,Logistics,Enterprise,Milan,82042890,9991,596923464,CASE-957546,Web,Medium,New,API Gateway,2025-09-25,,No,Daniel Novak,DevOps Lead,3.0,"Customer Daniel Novak at Kowalski & Müller Corp. (Tier: Enterprise, Industry: Logistics) submitted a formal feature request for the API Gateway. Request: ability to export audit logs in CEF format. Business justification: compliance with ISO 27001 audit requirements. Use case documented and forwarded to Product Management. Customer expects a roadmap commitment within 2 quarters. PM acknowledged receipt; item added to the backlog with Medium priority scoring."
001E4A82CA4F37E,Sato & Rossi Ltd.,Partner,Healthcare,Mid-Market,Warsaw,392000222,45137,551615599,CASE-740931,Web,Critical,Closed,Workflow Automation,2024-04-21,2024-05-02,No,Marcus Rossi,Senior Engineer,,Client in Warsaw reported a critical failure in the Workflow Automation integration causing a API response times exceeding 12 seconds. Error code SYNC-FAIL-07 appears in logs since 2024-04-21 15:49 UTC. Contact Marcus Rossi (Senior Engineer) was critical during the call and stated this is blocking their go-live scheduled for next Friday. Initial triage confirmed the issue is environment-specific to their AP-SOUTH tenant. Reproduction steps provided; engineering queue updated. The third-party payment gateway's IP whitelist was updated to include the new NAT range.
001FA2DBED62954,Andersen & Becker Ltd.,Customer,Healthcare,Strategic,Brussels,400458378,26913,528002338,CASE-986440,Phone,Medium,Pending Customer,Mobile SDK,2024-04-17,,No,Henrik Tanaka,CTO,2.0,New onboarding case for Andersen & Becker Ltd. (Strategic tier). Primary contact: Henrik Tanaka (CTO). They are configuring the Mobile SDK for the first time and encountered difficulty mapping their existing data schema to our object model. Implementation engineer scheduled a 60-minute screenshare for 2024-04-16. Customer provided sandbox credentials; issue reproduced and root cause confirmed. Documentation gap identified — will file internal ticket to update the Quick-Start Guide. Customer confirmed resolution after applying the corrected configuration.
001171BAB2302C4,Müller & Okonkwo Corp.,Prospect,Financial Services,Enterprise,Milan,358938978,42748,566375057,CASE-724580,Chat,Low,Resolved,Reporting Suite,2025-06-11,2025-06-23,Yes,Fatima Tanaka,Head of Operations,3.0,"Customer Fatima Tanaka at Müller & Okonkwo Corp. (Tier: Enterprise, Industry: Financial Services) submitted a formal feature request for the Reporting Suite. Request: ability to configure per-user rate limits via API. Business justification: compliance with SOC 2 Type II audit requirements. Use case documented and forwarded to Product Management. Customer expects a roadmap commitment within 4 quarters. PM acknowledged receipt; item added to the backlog with High priority scoring."
001309AFA1D4865,Müller & García Corp.,Customer,Financial Services,Enterprise,Helsinki,289308089,38931,537799718,CASE-140123,Web,Low,Resolved,Data Sync Engine,2023-04-01,2023-04-27,Yes,Ingrid Dupont,IT Director,4.0,"Inbound escalation from Müller & García Corp. (Helsinki) — Ingrid Dupont reports the Data Sync Engine has been failing to sync records since 2023-04-01 09:48 UTC. Approximately 36,863 records are stuck in a PENDING state. Error log snippet shared by customer shows DB-CONN-ERR with stack trace pointing to a serialisation issue in the delta-sync processor. Customer is escalating and looped in their VP of Engineering on the call. Workaround: manual re-trigger via admin panel unblocks individual batches but is not scalable. Engineering has reproduced the issue in staging with a dataset of matching schema. Engineering identified a misconfigured load-balancer rule; it was corrected and verified."
001A42411C07831,Becker & Williams GmbH,Reseller,Pharmaceuticals,Strategic,Budapest,179853206,26241,584733013,CASE-662354,Email,Low,Closed,Integration Hub,2024-12-22,2024-12-23,No,Zoe Larsson,Senior Engineer,1.0,"Customer Zoe Larsson at Becker & Williams GmbH (Tier: Strategic, Industry: Pharmaceuticals) submitted a formal feature request for the Integration Hub. Request: ability to receive webhook retries with exponential backoff. Business justification: compliance with ISO 27001 audit requirements. Use case documented and forwarded to Product Management. Customer expects a roadmap commitment within 1 quarters. PM acknowledged receipt; item added to the backlog with Medium priority scoring."
001E5924C58EA5F,Tanaka & García Sp. z o.o.,Customer,Media & Entertainment,Strategic,Milan,250740908,33811,539967614,CASE-862473,Phone,High,Escalated,Analytics Dashboard,2023-01-04,,Yes,Fatima Ferreira,Platform Architect,4.0,Ticket raised by Fatima Ferreira (Platform Architect) at Tanaka & García Sp. z o.o. regarding intermittent authentication failures on the Analytics Dashboard. Approximately 71% of login attempts return a 401 with error SSL-HANDSHAKE. Issue began after they applied their internal SSO policy update on 2023-01-04. Customer tone: distressed; mentioned potential contractual penalties if unresolved by EOD. Support confirmed SAML assertions are malformed — attribute mapping mismatch in IdP config. Step-by-step remediation guide sent; customer to test in staging before production rollout. Data migration script re-run with corrected field mappings; record integrity confirmed.
001E2C2C14CC750,Becker & Ferreira AG,Customer,Insurance,SMB,Tokyo,233921547,24842,580713307,CASE-640123,Chat,Low,Escalated,Data Sync Engine,2024-06-06,,Yes,Aisha García,DevOps Lead,,"Inbound escalation from Becker & Ferreira AG (Tokyo) — Aisha García reports the Data Sync Engine has been failing to sync records since 2024-06-04 09:38 UTC. Approximately 32,705 records are stuck in a PENDING state. Error log snippet shared by customer shows ERR-4403 with stack trace pointing to a serialisation issue in the delta-sync processor. Customer is critical and stated this is blocking their go-live scheduled for next Friday. Workaround: manual re-trigger via admin panel unblocks individual batches but is not scalable. Engineering has reproduced the issue in staging with a dataset of matching schema. Engineering identified a misconfigured load-balancer rule; it was corrected and verified."
001B07117C07BD4,García & Kim Ltd.,Reseller,Technology,SMB,Budapest,112979326,38582,529669560,CASE-117047,Phone,High,Closed,Mobile SDK,2023-04-04,2023-04-05,Yes,Elena Nguyen,VP of Engineering,5.0,"Elena Nguyen (VP of Engineering) at García & Kim Ltd. contacted support regarding an unexpected charge of $13,878 on their May invoice. Customer claims usage reported by the Mobile SDK does not match their internal telemetry. Discrepancy of approximately 32% in API call counts. Finance team has been looped in. Raw usage logs pulled from billing service for 2023-04-02. Preliminary finding: a duplicate event emitter was introduced in v3.3.3 causing double-counting. Credit memo being processed; ETA 5 business days. Workaround provided: client configured batch size to 500 records; permanent fix in sprint 43."
001A4A769976D6E,Kowalski & Dupont Corp.,Prospect,Telecommunications,Mid-Market,Brussels,152526437,35891,574489808,CASE-806003,Email,Critical,New,API Gateway,2024-02-14,,Yes,Patrick Novak,IT Director,1.0,New onboarding case for Kowalski & Dupont Corp. (Mid-Market tier). Primary contact: Patrick Novak (IT Director). They are configuring the API Gateway for the first time and encountered difficulty mapping their existing data schema to our object model. Implementation engineer scheduled a 60-minute screenshare for 2024-02-14. Customer provided sandbox credentials; issue reproduced and root cause confirmed. Documentation gap identified — will file internal ticket to update the Quick-Start Guide. Customer confirmed resolution after applying the corrected configuration.
0014E7C582F233A,Okonkwo & Kim Corp.,Customer,Financial Services,Mid-Market,Sydney,357952938,36945,588671608,CASE-677305,Email,Low,Closed,Workflow Automation,2024-08-17,2024-09-09,No,Zoe Müller,CTO,5.0,"Zoe Müller (CTO) at Okonkwo & Kim Corp. contacted support regarding an unexpected charge of $7,707 on their April invoice. Customer claims usage reported by the Workflow Automation does not match their internal telemetry. Discrepancy of approximately 38% in API call counts. Finance team has been looped in. Raw usage logs pulled from billing service for 2024-08-15. Preliminary finding: a duplicate event emitter was introduced in v4.7.2 causing double-counting. Credit memo being processed; ETA 4 business days. Root cause traced to a race condition in the async queue; a mutex lock was introduced."
0015BE3841681D9,Schmidt & Schmidt Corp.,Partner,Energy,Mid-Market,London,330722861,20143,593008473,CASE-337004,Phone,Low,Escalated,API Gateway,2024-02-19,,Yes,Priya Müller,VP of Engineering,,Ticket raised by Priya Müller (VP of Engineering) at Schmidt & Schmidt Corp. regarding intermittent authentication failures on the API Gateway. Approximately 77% of login attempts return a 401 with error SSL-HANDSHAKE. Issue began after they applied their internal SSO policy update on 2024-02-17. Customer tone: distressed; mentioned potential contractual penalties if unresolved by EOD. Support confirmed SAML assertions are malformed — attribute mapping mismatch in IdP config. Step-by-step remediation guide sent; customer to test in staging before production rollout. Pending further investigation; case escalated to Tier-3 Engineering with P1 SLA applied.
001D81B7D6D8981,Larsson & Dupont S.r.l.,Partner,Logistics,SMB,Budapest,181330878,10181,570712265,CASE-915780,Web,Low,In Progress,Mobile SDK,2025-03-04,,Yes,Isabella García,Technical Account Manager,,New onboarding case for Larsson & Dupont S.r.l. (SMB tier). Primary contact: Isabella García (Technical Account Manager). They are configuring the Mobile SDK for the first time and encountered confusion around webhook signature verification. Implementation engineer scheduled a 60-minute screenshare for 2025-03-03. Customer provided sandbox credentials; issue reproduced and root cause confirmed. Documentation gap identified — will file internal ticket to update the Quick-Start Guide. Customer confirmed resolution after applying the corrected configuration.
0011252B08C0CBD,Ferreira & Dupont Inc.,Customer,Retail,Enterprise,Milan,443990680,17206,523728994,CASE-641676,Email,Critical,Escalated,Analytics Dashboard,2024-04-04,,Yes,Omar Ferreira,Senior Engineer,,Client in Milan reported a critical failure in the Analytics Dashboard integration causing a duplicate records being created in the CRM. Error code AUTH-401 appears in logs since 2024-04-02 01:23 UTC. Contact Omar Ferreira (Senior Engineer) was professional during the call and requested SLA credit per the MSA terms. Initial triage confirmed the issue is environment-specific to their EU-WEST tenant. Reproduction steps provided; engineering queue updated. Workaround provided: client configured batch size to 500 records; permanent fix in sprint 43.
001CB2A27E22DF9,Kowalski & Williams GmbH,Reseller,Healthcare,Mid-Market,Oslo,45005314,21399,528862297,CASE-596642,Chat,Medium,In Progress,Identity & Access Module,2023-09-18,,Yes,Fatima Andersen,Technical Account Manager,3.0,"Fatima Andersen (Technical Account Manager) at Kowalski & Williams GmbH contacted support regarding an unexpected charge of $5,163 on their April invoice. Customer claims usage reported by the Identity & Access Module does not match their internal telemetry. Discrepancy of approximately 5% in API call counts. Finance team has been looped in. Raw usage logs pulled from billing service for 2023-09-15. Preliminary finding: a duplicate event emitter was introduced in v2.2.4 causing double-counting. Credit memo being processed; ETA 7 business days. The customer's IP range was added to the allowlist following security review approval."
0013E2FF87A9464,Kim & Larsson GmbH,Customer,Technology,Strategic,Milan,373866943,10004,561037503,CASE-812025,Chat,Critical,New,Identity & Access Module,2023-05-25,,Yes,Wei Rossi,Platform Architect,,Client in Milan reported a critical failure in the Identity & Access Module integration causing a search results returning stale cached data. Error code SSL-HANDSHAKE appears in logs since 2023-05-24 14:15 UTC. Contact Wei Rossi (Platform Architect) was escalating during the call and looped in their VP of Engineering on the call. Initial triage confirmed the issue is environment-specific to their PROD-2 tenant. Reproduction steps provided; engineering queue updated. A hotfix (v2.4.7) was deployed to production at 03:14 UTC resolving the root cause.
0011F24144ACB1C,Dupont & Sato Corp.,Partner,Healthcare,Enterprise,Prague,477451211,19918,575256927,CASE-529084,Partner Portal,High,Pending Customer,Billing Platform,2025-07-19,,Yes,Nadia Dupont,IT Director,,"Customer Nadia Dupont at Dupont & Sato Corp. (Tier: Enterprise, Industry: Healthcare) submitted a formal feature request for the Billing Platform. Request: ability to export audit logs in CEF format. Business justification: compliance with SOC 2 Type II audit requirements. Use case documented and forwarded to Product Management. Customer expects a roadmap commitment within 3 quarters. PM acknowledged receipt; item added to the backlog with High priority scoring."
00182F0D550EB11,Kim & Schmidt BV,Partner,Healthcare,Mid-Market,Vienna,169540704,41702,525548342,CASE-566547,Partner Portal,Critical,In Progress,Data Sync Engine,2025-11-22,,Yes,Aisha Dupont,VP of Engineering,3.0,"Customer Aisha Dupont at Kim & Schmidt BV (Tier: Mid-Market, Industry: Healthcare) submitted a formal feature request for the Data Sync Engine. Request: ability to schedule reports at sub-hourly intervals. Business justification: compliance with ISO 27001 audit requirements. Use case documented and forwarded to Product Management. Customer expects a roadmap commitment within 3 quarters. PM acknowledged receipt; item added to the backlog with Medium priority scoring."
00117DC736C2693,Ferreira & Hassan Ltd.,Prospect,Insurance,SMB,Munich,435002629,23189,562308070,CASE-384967,Web,Low,New,API Gateway,2025-03-02,,Yes,Zoe Hassan,VP of Engineering,1.0,Client in Munich reported a critical failure in the API Gateway integration causing a nightly batch jobs failing silently. Error code SYNC-FAIL-07 appears in logs since 2025-02-27 03:18 UTC. Contact Zoe Hassan (VP of Engineering) was distressed during the call and mentioned potential contractual penalties if unresolved by EOD. Initial triage confirmed the issue is environment-specific to their AP-SOUTH tenant. Reproduction steps provided; engineering queue updated. A hotfix (v2.4.7) was deployed to production at 03:14 UTC resolving the root cause.
00155EF9CB4919A,Sato & Williams S.r.l.,Partner,Media & Entertainment,SMB,Lisbon,327163720,6992,540703561,CASE-512283,Partner Portal,Medium,In Progress,API Gateway,2024-03-31,,Yes,Tom Williams,Solutions Architect,1.0,Client in Lisbon reported a critical failure in the API Gateway integration causing a mobile app crashes on launch for iOS 17+. Error code ERR-4403 appears in logs since 2024-03-30 14:16 UTC. Contact Tom Williams (Solutions Architect) was professional during the call and requested SLA credit per the MSA terms. Initial triage confirmed the issue is environment-specific to their EU-WEST tenant. Reproduction steps provided; engineering queue updated. Root cause traced to a race condition in the async queue; a mutex lock was introduced.
001F14951769344,Müller & Larsson Sp. z o.o.,Customer,Retail,Mid-Market,Munich,44101536,1763,581647492,CASE-731830,Chat,Medium,Closed,Mobile SDK,2025-07-12,2025-07-14,Yes,Patrick Novak,IT Manager,4.0,Patrick Novak from Müller & Larsson Sp. z o.o. opened this case after observing severe latency in the Mobile SDK. Average response times increased from ~200ms to over 5s beginning around 2025-07-10 07:04 UTC. Affects approximately 174 concurrent users in their EMEA region. Customer is very concerned and requested a post-mortem report within 48 hours. Support engineer ran a distributed trace; bottleneck identified at the database read replica. Metrics attached to case for engineering review. Root cause traced to a race condition in the async queue; a mutex lock was introduced.
001736DD18BDFAF,Ferreira & Williams SA,Prospect,Energy,SMB,Berlin,273641443,16546,579358956,CASE-172704,Chat,Critical,Closed,API Gateway,2023-05-06,2023-05-30,Yes,Marcus Nguyen,Head of Operations,4.0,"Inbound escalation from Ferreira & Williams SA (Berlin) — Marcus Nguyen reports the API Gateway has been failing to sync records since 2023-05-04 14:18 UTC. Approximately 2,161 records are stuck in a PENDING state. Error log snippet shared by customer shows ERR-5021 with stack trace pointing to a serialisation issue in the delta-sync processor. Customer is very concerned and requested a post-mortem report within 48 hours. Workaround: manual re-trigger via admin panel unblocks individual batches but is not scalable. Engineering has reproduced the issue in staging with a dataset of matching schema. SSL certificate renewed and propagated across all edge nodes within the maintenance window."
001B5914C645900,Kim & Williams Ltd.,Reseller,Financial Services,Enterprise,Lisbon,283863231,6777,524850932,CASE-177473,Chat,Critical,New,Reporting Suite,2025-09-22,,No,Daniel Sato,Platform Architect,,New onboarding case for Kim & Williams Ltd. (Enterprise tier). Primary contact: Daniel Sato (Platform Architect). They are configuring the Reporting Suite for the first time and encountered CORS policy errors when calling the API from their SPA. Implementation engineer scheduled a 60-minute screenshare for 2025-09-21. Customer provided sandbox credentials; issue reproduced and root cause confirmed. Documentation gap identified — will file internal ticket to update the Quick-Start Guide. Customer confirmed resolution after applying the corrected configuration.
001ECFD6F3F48BB,Okonkwo & Sato AB,Partner,Insurance,Enterprise,Vienna,357832330,43393,579656698,CASE-417758,Partner Portal,Low,In Progress,Analytics Dashboard,2023-07-10,,Yes,Luca Larsson,Solutions Architect,3.0,Ticket raised by Luca Larsson (Solutions Architect) at Okonkwo & Sato AB regarding intermittent authentication failures on the Analytics Dashboard. Approximately 34% of login attempts return a 401 with error SSL-HANDSHAKE. Issue began after they applied their internal SSO policy update on 2023-07-08. Customer tone: patient but firm; asked for daily status updates. Support confirmed SAML assertions are malformed — attribute mapping mismatch in IdP config. Step-by-step remediation guide sent; customer to test in staging before production rollout. Engineering identified a misconfigured load-balancer rule; it was corrected and verified.
00144471E641D83,Kim & Williams Corp.,Reseller,Automotive,Enterprise,Brussels,187322294,14063,561796879,CASE-852492,Phone,Low,Closed,Identity & Access Module,2024-04-24,2024-05-06,No,James Müller,Technical Account Manager,2.0,James Müller from Kim & Williams Corp. opened this case after observing severe latency in the Identity & Access Module. Average response times increased from ~200ms to over 10s beginning around 2024-04-22 07:58 UTC. Affects approximately 120 concurrent users in their AMER region. Customer is very concerned and requested a post-mortem report within 48 hours. Support engineer ran a distributed trace; bottleneck identified at the database read replica. Metrics attached to case for engineering review. A stale CDN cache was purged globally; content now serves correctly in all regions.
0018AD98B2375EB,Novak & Larsson S.r.l.,Partner,Energy,Mid-Market,New York,449105891,40755,530593541,CASE-602438,Chat,Low,Closed,Billing Platform,2025-11-03,2025-11-13,Yes,Ahmed García,IT Manager,3.0,New onboarding case for Novak & Larsson S.r.l. (Mid-Market tier). Primary contact: Ahmed García (IT Manager). They are configuring the Billing Platform for the first time and encountered CORS policy errors when calling the API from their SPA. Implementation engineer scheduled a 60-minute screenshare for 2025-10-31. Customer provided sandbox credentials; issue reproduced and root cause confirmed. Documentation gap identified — will file internal ticket to update the Quick-Start Guide. Customer confirmed resolution after applying the corrected configuration.
001FB10D9A1FC69,Schmidt & Larsson BV,Partner,Technology,Mid-Market,Zurich,443287790,20944,572076710,CASE-737036,Email,Critical,Pending Customer,Data Sync Engine,2025-09-13,,Yes,Maria Becker,Head of Operations,4.0,"Customer Maria Becker at Schmidt & Larsson BV (Tier: Mid-Market, Industry: Technology) submitted a formal feature request for the Data Sync Engine. Request: ability to configure per-user rate limits via API. Business justification: compliance with GDPR Article 30 audit requirements. Use case documented and forwarded to Product Management. Customer expects a roadmap commitment within 1 quarters. PM acknowledged receipt; item added to the backlog with Medium priority scoring."
001C32AE986D6FC,Novak & Williams Sp. z o.o.,Prospect,Insurance,Mid-Market,Toronto,194105968,31860,510658013,CASE-988096,Email,High,Escalated,Workflow Automation,2024-06-22,,Yes,Carlos Sato,CTO,5.0,Client in Toronto reported a critical failure in the Workflow Automation integration causing a webhook events not firing for payment completions. Error code ERR-4403 appears in logs since 2024-06-19 09:25 UTC. Contact Carlos Sato (CTO) was patient but firm during the call and asked for daily status updates. Initial triage confirmed the issue is environment-specific to their PROD-2 tenant. Reproduction steps provided; engineering queue updated. Root cause traced to a race condition in the async queue; a mutex lock was introduced.
001918E1CCE353F,Okonkwo & Schmidt Corp.,Customer,Insurance,Mid-Market,Chicago,358490453,5266,524909701,CASE-799633,Phone,Critical,New,Workflow Automation,2024-10-21,,Yes,Henrik Müller,IT Director,4.0,"Inbound escalation from Okonkwo & Schmidt Corp. (Chicago) — Henrik Müller reports the Workflow Automation has been failing to sync records since 2024-10-20 19:53 UTC. Approximately 27,715 records are stuck in a PENDING state. Error log snippet shared by customer shows ERR-4403 with stack trace pointing to a serialisation issue in the delta-sync processor. Customer is very concerned and requested a post-mortem report within 48 hours. Workaround: manual re-trigger via admin panel unblocks individual batches but is not scalable. Engineering has reproduced the issue in staging with a dataset of matching schema. Data migration script re-run with corrected field mappings; record integrity confirmed."
00134716F6EC685,Müller & Novak S.r.l.,Prospect,Retail,SMB,Lisbon,358061080,24616,586901486,CASE-754828,Phone,Low,In Progress,Billing Platform,2025-11-19,,No,Priya Schmidt,IT Director,1.0,"Customer Priya Schmidt at Müller & Novak S.r.l. (Tier: SMB, Industry: Retail) submitted a formal feature request for the Billing Platform. Request: ability to configure per-user rate limits via API. Business justification: compliance with SOC 2 Type II audit requirements. Use case documented and forwarded to Product Management. Customer expects a roadmap commitment within 1 quarters. PM acknowledged receipt; item added to the backlog with High priority scoring."
0013233F48B0011,Becker & Larsson BV,Partner,Automotive,SMB,Vienna,39058976,34764,583410432,CASE-242829,Email,Critical,In Progress,Integration Hub,2023-09-13,,No,Wei Johnson,IT Manager,2.0,Client in Vienna reported a critical failure in the Integration Hub integration causing a report exports timing out for datasets > 50k rows. Error code AUTH-401 appears in logs since 2023-09-10 21:56 UTC. Contact Wei Johnson (IT Manager) was very concerned during the call and requested a post-mortem report within 48 hours. Initial triage confirmed the issue is environment-specific to their AP-SOUTH tenant. Reproduction steps provided; engineering queue updated. Engineering identified a misconfigured load-balancer rule; it was corrected and verified.
0015F84E2C74C8B,Becker & Williams Ltd.,Customer,Energy,Enterprise,Brussels,222671739,30316,568323698,CASE-387220,Phone,High,Escalated,Identity & Access Module,2023-03-01,,Yes,Tom Dupont,IT Manager,2.0,"Tom Dupont (IT Manager) at Becker & Williams Ltd. contacted support regarding an unexpected charge of $13,004 on their July invoice. Customer claims usage reported by the Identity & Access Module does not match their internal telemetry. Discrepancy of approximately 9% in API call counts. Finance team has been looped in. Raw usage logs pulled from billing service for 2023-02-28. Preliminary finding: a duplicate event emitter was introduced in v4.9.3 causing double-counting. Credit memo being processed; ETA 7 business days. The database index was rebuilt and query performance restored to baseline."
00148502761AD26,Ferreira & Sato SA,Prospect,Manufacturing,Mid-Market,Copenhagen,454510044,10850,535031616,CASE-428226,Email,Low,Resolved,Mobile SDK,2025-07-19,2025-08-07,Yes,Clara Johnson,Technical Account Manager,3.0,New onboarding case for Ferreira & Sato SA (Mid-Market tier). Primary contact: Clara Johnson (Technical Account Manager). They are configuring the Mobile SDK for the first time and encountered difficulty mapping their existing data schema to our object model. Implementation engineer scheduled a 60-minute screenshare for 2025-07-19. Customer provided sandbox credentials; issue reproduced and root cause confirmed. Documentation gap identified — will file internal ticket to update the Quick-Start Guide. Customer confirmed resolution after applying the corrected configuration.
001FA98B6DF5F83,Kim & Johnson Ltd.,Customer,Pharmaceuticals,SMB,Sydney,172553475,36836,577066202,CASE-602165,Phone,Medium,New,Identity & Access Module,2025-05-29,,Yes,Sophie Rossi,CTO,3.0,"Inbound escalation from Kim & Johnson Ltd. (Sydney) — Sophie Rossi reports the Identity & Access Module has been failing to sync records since 2025-05-26 16:07 UTC. Approximately 42,463 records are stuck in a PENDING state. Error log snippet shared by customer shows AUTH-401 with stack trace pointing to a serialisation issue in the delta-sync processor. Customer is frustrated and threatened to escalate to executive sponsor. Workaround: manual re-trigger via admin panel unblocks individual batches but is not scalable. Engineering has reproduced the issue in staging with a dataset of matching schema. Workaround provided: client configured batch size to 500 records; permanent fix in sprint 43."
0012D1247C619D6,Schmidt & Andersen AB,Reseller,Telecommunications,Strategic,Madrid,96373095,47489,563262557,CASE-514470,Phone,High,New,Security Manager,2023-04-17,,Yes,Sophie Tanaka,Platform Architect,2.0,"Inbound escalation from Schmidt & Andersen AB (Madrid) — Sophie Tanaka reports the Security Manager has been failing to sync records since 2023-04-16 11:36 UTC. Approximately 33,839 records are stuck in a PENDING state. Error log snippet shared by customer shows ERR-3301 with stack trace pointing to a serialisation issue in the delta-sync processor. Customer is critical and stated this is blocking their go-live scheduled for next Friday. Workaround: manual re-trigger via admin panel unblocks individual batches but is not scalable. Engineering has reproduced the issue in staging with a dataset of matching schema. Engineering identified a misconfigured load-balancer rule; it was corrected and verified."
00196096249FDD9,Kowalski & Ferreira Ltd.,Prospect,Financial Services,Mid-Market,Oslo,262957281,37946,552392285,CASE-900735,Web,Critical,In Progress,Security Manager,2024-10-16,,Yes,Raj Sato,Solutions Architect,3.0,New onboarding case for Kowalski & Ferreira Ltd. (Mid-Market tier). Primary contact: Raj Sato (Solutions Architect). They are configuring the Security Manager for the first time and encountered missing permissions on the service account used for integration. Implementation engineer scheduled a 60-minute screenshare for 2024-10-14. Customer provided sandbox credentials; issue reproduced and root cause confirmed. Documentation gap identified — will file internal ticket to update the Quick-Start Guide. Customer confirmed resolution after applying the corrected configuration.
001F47EB902C4C3,Schmidt & García S.r.l.,Reseller,Automotive,Enterprise,Vienna,351042353,30354,567859742,CASE-209128,Phone,High,Escalated,Data Sync Engine,2023-05-12,,Yes,Omar Ferreira,IT Manager,5.0,Omar Ferreira from Schmidt & García S.r.l. opened this case after observing severe latency in the Data Sync Engine. Average response times increased from ~200ms to over 14s beginning around 2023-05-09 21:13 UTC. Affects approximately 445 concurrent users in their EMEA region. Customer is understanding and appreciated the quick response and transparency. Support engineer ran a distributed trace; bottleneck identified at the database read replica. Metrics attached to case for engineering review. OAuth token refresh logic was patched; all active sessions re-authenticated successfully.
001CDD0D369112D,Tanaka & Sato Inc.,Reseller,Financial Services,Enterprise,Amsterdam,120314355,11235,524848585,CASE-141225,Chat,High,In Progress,Integration Hub,2023-03-29,,Yes,Maria Hassan,DevOps Lead,1.0,"Customer Maria Hassan at Tanaka & Sato Inc. (Tier: Enterprise, Industry: Financial Services) submitted a formal feature request for the Integration Hub. Request: ability to set custom session timeout policies per role group. Business justification: compliance with HIPAA §164.312 audit requirements. Use case documented and forwarded to Product Management. Customer expects a roadmap commitment within 2 quarters. PM acknowledged receipt; item added to the backlog with Medium priority scoring."
001620977501550,Williams & Ferreira GmbH,Reseller,Technology,SMB,Warsaw,136534659,44143,519308637,CASE-558074,Email,Low,Resolved,Analytics Dashboard,2024-01-12,2024-01-16,No,James Rossi,Head of Operations,2.0,Ticket raised by James Rossi (Head of Operations) at Williams & Ferreira GmbH regarding intermittent authentication failures on the Analytics Dashboard. Approximately 46% of login attempts return a 401 with error ERR-4403. Issue began after they applied their internal SSO policy update on 2024-01-12. Customer tone: professional; requested SLA credit per the MSA terms. Support confirmed SAML assertions are malformed — attribute mapping mismatch in IdP config. Step-by-step remediation guide sent; customer to test in staging before production rollout. The database index was rebuilt and query performance restored to baseline.
001E1CF245F12D4,Larsson & Rossi GmbH,Prospect,Media & Entertainment,SMB,Singapore,381681191,8457,527290104,CASE-550126,Email,High,Escalated,Workflow Automation,2024-11-10,,Yes,James Schmidt,Head of Operations,,Client in Singapore reported a critical failure in the Workflow Automation integration causing a duplicate records being created in the CRM. Error code ERR-5021 appears in logs since 2024-11-10 21:45 UTC. Contact James Schmidt (Head of Operations) was escalating during the call and looped in their VP of Engineering on the call. Initial triage confirmed the issue is environment-specific to their PROD-2 tenant. Reproduction steps provided; engineering queue updated. The database index was rebuilt and query performance restored to baseline.
001D51D7A0B1B59,Tanaka & Andersen Ltd.,Customer,Retail,SMB,Milan,233898730,37570,528997957,CASE-990682,Partner Portal,Critical,In Progress,API Gateway,2023-11-11,,Yes,Carlos Andersen,Solutions Architect,4.0,Ticket raised by Carlos Andersen (Solutions Architect) at Tanaka & Andersen Ltd. regarding intermittent authentication failures on the API Gateway. Approximately 33% of login attempts return a 401 with error ERR-4403. Issue began after they applied their internal SSO policy update on 2023-11-10. Customer tone: professional; requested SLA credit per the MSA terms. Support confirmed SAML assertions are malformed — attribute mapping mismatch in IdP config. Step-by-step remediation guide sent; customer to test in staging before production rollout. Root cause traced to a race condition in the async queue; a mutex lock was introduced.
00181967AB67D30,Andersen & Larsson SA,Reseller,Insurance,Strategic,Budapest,53967081,28576,562474261,CASE-376722,Partner Portal,Low,New,Integration Hub,2025-08-23,,Yes,Carlos Schmidt,DevOps Lead,,Client in Budapest reported a critical failure in the Integration Hub integration causing a mobile app crashes on launch for iOS 17+. Error code TIMEOUT-002 appears in logs since 2025-08-21 00:15 UTC. Contact Carlos Schmidt (DevOps Lead) was understanding during the call and appreciated the quick response and transparency. Initial triage confirmed the issue is environment-specific to their EU-WEST tenant. Reproduction steps provided; engineering queue updated. Engineering identified a misconfigured load-balancer rule; it was corrected and verified.
0016E056AAE8838,Hassan & Schmidt Corp.,Prospect,Media & Entertainment,Enterprise,Copenhagen,3759446,20840,512437182,CASE-785975,Partner Portal,Low,New,Reporting Suite,2025-04-13,,No,Ingrid Patel,IT Director,,Ticket raised by Ingrid Patel (IT Director) at Hassan & Schmidt Corp. regarding intermittent authentication failures on the Reporting Suite. Approximately 20% of login attempts return a 401 with error TIMEOUT-002. Issue began after they applied their internal SSO policy update on 2025-04-11. Customer tone: escalating; looped in their VP of Engineering on the call. Support confirmed SAML assertions are malformed — attribute mapping mismatch in IdP config. Step-by-step remediation guide sent; customer to test in staging before production rollout. The database index was rebuilt and query performance restored to baseline.
